date,symbol,title,description,source,cleaned_title,cleaned_description
2023-01-02,GOLD,"Gold price today: 10 grams of 24-carat traded at Rs 55,040; silver at Rs 71,300 per kilo","MCX data shows that gold futures increased 0.19 per cent to Rs 55,120.00. Silver futures also witnessed a rise of 0.28 per cent to Rs 69,610.00",Firstpost,"gold price today 10 grams of 24-carat traded at rs 55,040 silver at rs 71,300 per kilo","mcx data shows that gold futures increased 0.19 per cent to rs 55,120.00. silver futures also witnessed a rise of 0.28 per cent to rs 69,610.00"
2023-01-02,GOLD,Gold prices in India today jump to highest in over 2 years,"Silver rates also remained firm and traded above ₹70,000 per kg in futures market",Livemint,gold prices in india today jump to highest in over 2 years,"silver rates also remained firm and traded above 70,000 per kg in futures market"
2023-01-03,GOLD,The close: Wall Street starts the year with a dip as Apple and Tesla shares drag; TSX edges up,Toronto market supported by rise in gold prices even as energy sector dives,The Globe and Mail,the close wall street starts the year with a dip as apple and tesla shares drag tsx edges up,toronto market supported by rise in gold prices even as energy sector dives
2023-01-03,GOLD,Stock Market Bulls Trapped In Reversal To Start 2023; Tesla Plummets 10%; Gold Breakout Run?,"Stock market indexes gave up early gains on the first trading day of 2023, while Tesla fell after missing delivery estimates. Gold rallied.",Investor's Business Daily,stock market bulls trapped in reversal to start 2023 tesla plummets 10% gold breakout run,"stock market indexes gave up early gains on the first trading day of 2023, while tesla fell after missing delivery estimates. gold rallied."
2023-01-03,GOLD,Steep discount in domestic spot gold to bank rate raises eyebrows,Spot gold prices in the domestic market have been trading at a steep discount to the metal’s bank rate for an extended period,Livemint,steep discount in domestic spot gold to bank rate raises eyebrows,spot gold prices in the domestic market have been trading at a steep discount to the metal s bank rate for an extended period
2023-01-03,GOLD,Realme lists its Pad Slim on Flipkart: What to expect,"The listing of Realme Pad Slim on Flipkart also suggests that only LTE voice calling models of the device will be available for customers in India. This upcoming tablet will come in two colour options which are Grey and Gold. The customers will be able to purchase the tablet at an expected price of ₹32,999 after it is launched.",Livemint,realme lists its pad slim on flipkart what to expect,"the listing of realme pad slim on flipkart also suggests that only lte voice calling models of the device will be available for customers in india. this upcoming tablet will come in two colour options which are grey and gold. the customers will be able to purchase the tablet at an expected price of 32,999 after it is launched."
2023-01-03,GOLD,"Gold surges to 6-month high, and analysts expect new records in 2023","The price of gold notched a six-month high early on Tuesday, and analysts believe the rally has further to go in 2023.",CNBC,"gold surges to 6-month high, and analysts expect new records in 2023","the price of gold notched a six-month high early on tuesday, and analysts believe the rally has further to go in 2023."
2023-01-03,GOLD,Gold Rate In Pakistan,"Gold Rate In Pakistan on 3 January is being sold for Rs. 157407 per 10 grams, and the price of Gold is Rs. 183600 per tola in Pakistan ...",Daily Times,gold rate in pakistan,"gold rate in pakistan on 3 january is being sold for rs. 157407 per 10 grams, and the price of gold is rs. 183600 per tola in pakistan ..."
2023-01-03,GOLD,"Gold price today: 10 grams of 24-carat rises to Rs 55,580; silver at Rs 72,000 per kilo","Multi Commodity Exchange data indicates that gold futures rose 0.84 per cent to Rs 55,640.00. Silver futures soared 1.66 per cent to Rs 70,723.00",Firstpost,"gold price today 10 grams of 24-carat rises to rs 55,580 silver at rs 72,000 per kilo","multi commodity exchange data indicates that gold futures rose 0.84 per cent to rs 55,640.00. silver futures soared 1.66 per cent to rs 70,723.00"
2023-01-04,GOLD,Stock Market Whipsaws Bulls And Bears; Job Openings Rise; Microsoft Dumps After Downgrade,The stock market reversed after job openings came in higher than anticipated. Gold miner stock rallies as the yellow metal gains strength.,Investor's Business Daily,stock market whipsaws bulls and bears job openings rise microsoft dumps after downgrade,the stock market reversed after job openings came in higher than anticipated. gold miner stock rallies as the yellow metal gains strength.
2023-01-04,GOLD,Natural-Gas Prices Plunge as Unseasonably Warm Weather Is Forecast -- Commodities Roundup,co MARKET MOVEMENTS: - Brent crude oil fell 3.4% to $79.31 a barrel. - European benchmark gas fell 4.6% to EUR 68.96 a megawatt-hour. - Gold futures are up...,MarketWatch,natural-gas prices plunge as unseasonably warm weather is forecast -- commodities roundup,co market movements - brent crude oil fell 3.4% to $79.31 a barrel. - european benchmark gas fell 4.6% to eur 68.96 a megawatt-hour. - gold futures are up...
2023-01-04,GOLD,Is the U.S. Dollar Index Building Strength to Push Gold Prices Lower?,"Market Overview Analysis by Sunshine Profits (Przemyslaw Radomski, CFA) covering: XAU/USD, S&P 500, Gold Futures, ARCA Gold BUGS. Read Sunshine Profits (Przemyslaw Radomski, CFA)'s latest article on Investing.com",Investing.com,is the u.s. dollar index building strength to push gold prices lower,"market overview analysis by sunshine profits przemyslaw radomski, cfa covering xau usd, s p 500, gold futures, arca gold bugs. read sunshine profits przemyslaw radomski, cfa 's latest article on investing.com"
2023-01-04,GOLD,"Gold Prices Remain Strong Across India; Check Gold Rates In Your City on January 4, 2023","Gold price today: What is the price of gold and silver in different Indian cities today? Check gold rates and silver rates in Delhi, Chennai, Mumbai and other cities on January 4, 2023.",News18,"gold prices remain strong across india check gold rates in your city on january 4, 2023","gold price today what is the price of gold and silver in different indian cities today check gold rates and silver rates in delhi, chennai, mumbai and other cities on january 4, 2023."
2023-01-05,GOLD,Gold Rate In Pakistan,"Gold Rate In Pakistan on 5 January is being sold for Rs. 157407 per 10 grams, and the price of Gold is Rs. 183600 per tola in Pakistan ...",Daily Times,gold rate in pakistan,"gold rate in pakistan on 5 january is being sold for rs. 157407 per 10 grams, and the price of gold is rs. 183600 per tola in pakistan ..."
2023-01-06,GOLD,"New this week: Margo Price and 'Gold, Lies & Videotape'","Here’s a collection curated by The Associated Press’ entertainment journalists of what’s arriving on TV, streaming services and music and video game platforms this week. MOVIES — In “I Didn't See You There,” filmmaker Reid Davenport captures his perspective navigating the world in a wheelchair as a disabled man with cerebral palsy.",The Associated Press,"new this week margo price and 'gold, lies videotape'","here s a collection curated by the associated press entertainment journalists of what s arriving on tv, streaming services and music and video game platforms this week. movies in i didn't see you there, filmmaker reid davenport captures his perspective navigating the world in a wheelchair as a disabled man with cerebral palsy."
2023-01-06,GOLD,Gold Prices In Dubai See A Slight Hike; Check Latest Rates Here,"Responding to global cues, the price of gold in Dubai went up during the morning trading session on Friday, January 6",News18,gold prices in dubai see a slight hike check latest rates here,"responding to global cues, the price of gold in dubai went up during the morning trading session on friday, january 6"
2023-01-06,GOLD,"Gold price today: 10 grams of 24-carat priced at Rs 55,970; silver falls to Rs 71,000 per kilo","The Multi Commodity Exchange data signifies gold futures grew 0.19 per cent to Rs 55,394.00. Silver futures also surged 0.50 per cent to Rs 68,421.00",Firstpost,"gold price today 10 grams of 24-carat priced at rs 55,970 silver falls to rs 71,000 per kilo","the multi commodity exchange data signifies gold futures grew 0.19 per cent to rs 55,394.00. silver futures also surged 0.50 per cent to rs 68,421.00"
2023-01-06,GOLD,Gold rates today close to life-time high. Will it climb to a new peak?,"Gold rate today: Job growth in the US slowed in December, which supported an upside move in gold prices, believe market experts",Livemint,gold rates today close to life-time high. will it climb to a new peak,"gold rate today job growth in the us slowed in december, which supported an upside move in gold prices, believe market experts"
2023-01-07,GOLD,Somaliland’s frankincense brings gold to companies. Its women pay the price,Female workers tell of exploitation and sexual assault at frankincense warehouse supplying US essential oils company,The Guardian,somaliland s frankincense brings gold to companies. its women pay the price,female workers tell of exploitation and sexual assault at frankincense warehouse supplying us essential oils company
2023-01-07,GOLD,3 booked in Mumbai for duping businessman of Rs 30 lakh by selling him brass instead of gold,The police said that the three accused told the businessman that they work at a construction site and while excavating they found a bag full of gold and silver and wanted to sell it off at a cheaper price than the market value.,The Indian Express,3 booked in mumbai for duping businessman of rs 30 lakh by selling him brass instead of gold,the police said that the three accused told the businessman that they work at a construction site and while excavating they found a bag full of gold and silver and wanted to sell it off at a cheaper price than the market value.
2023-01-07,GOLD,"Gold price today, 7 January: 10 grams of 24-carat stands at Rs 55,530; silver at Rs 71,000 per kilo","As per the revised MCX data, the gold futures increased 0.80 per cent to Rs 55,730.00. Silver futures increased by 1.62 per cent to Rs 69,178.00",Firstpost,"gold price today, 7 january 10 grams of 24-carat stands at rs 55,530 silver at rs 71,000 per kilo","as per the revised mcx data, the gold futures increased 0.80 per cent to rs 55,730.00. silver futures increased by 1.62 per cent to rs 69,178.00"
2023-01-08,GOLD,"Gold jumps ₹733, silver zooms ₹1,012; check rates here","In the overseas market, gold was trading in green at USD 1,875 per ounce and silver was up at USD 23.92 per",Livemint,"gold jumps 733, silver zooms 1,012 check rates here","in the overseas market, gold was trading in green at usd 1,875 per ounce and silver was up at usd 23.92 per"
2023-01-09,GOLD,"Fire-Boltt Infinity smartwatch launched in India: Check price, specifications","The Fire-Boltt Infinity smartwatch comes at a price of ₹4,999 and will be available to purchase on the company’s official website and via e-tailer Amazon India. This device comes in five colour options which are Black, Gold, Silver, Grey and Gold Black.",Livemint,"fire-boltt infinity smartwatch launched in india check price, specifications","the fire-boltt infinity smartwatch comes at a price of 4,999 and will be available to purchase on the company s official website and via e-tailer amazon india. this device comes in five colour options which are black, gold, silver, grey and gold black."
2023-01-09,GOLD,New this week to entertain your eyes and your ears,"Margo Price and ‘Gold, Lies & Videotape’ among this week’s fresh offerings",Caledonia Courier,new this week to entertain your eyes and your ears,"margo price and gold, lies videotape among this week s fresh offerings"
2023-01-09,GOLD,Gold Prices in Dubai Move Up; Check Gold Rates in UAE on January 9,"Gold price in Dubai today: What is the rate of gold in Dubai today? Check gold price in UAE on January 9, 2023.",News18,gold prices in dubai move up check gold rates in uae on january 9,"gold price in dubai today what is the rate of gold in dubai today check gold price in uae on january 9, 2023."
2023-01-09,GOLD,Gold Prices Start New Week With Gains; Check Gold And Silver Rates in Your City on January 9,"Gold rates today: What is the price of gold and silver in your city today? Know gold and silver rates in Delhi, Mumbai, Chennai and other Indian cities on January 9, 2023.",News18,gold prices start new week with gains check gold and silver rates in your city on january 9,"gold rates today what is the price of gold and silver in your city today know gold and silver rates in delhi, mumbai, chennai and other indian cities on january 9, 2023."
2023-01-10,GOLD,Could ASX 200 gold shares provide a safe haven for investors in 2023?,"ASX 200 gold shares can move and fall with the price of gold, so will the yellow metal be a safe haven this year?",The Motley Fool Australia,could asx 200 gold shares provide a safe haven for investors in 2023,"asx 200 gold shares can move and fall with the price of gold, so will the yellow metal be a safe haven this year"
2023-01-10,GOLD,The close: Stocks rise as Powell comments avoid rate policy,Toronto market posts four-week high as gold miners climb,The Globe and Mail,the close stocks rise as powell comments avoid rate policy,toronto market posts four-week high as gold miners climb
2023-01-11,GOLD,The gold price is trading at 8-month highs. What's next in 2023?,"The gold price has lifted substantially over the past two months, lifting ASX gold shares. But where is the precious metal heading to next?",The Motley Fool Australia,the gold price is trading at 8-month highs. what's next in 2023,"the gold price has lifted substantially over the past two months, lifting asx gold shares. but where is the precious metal heading to next"
2023-01-11,GOLD,Gold Rate In Pakistan,"Gold Rate In Pakistan on 11 January is being sold for Rs. 157407 per 10 grams, and the price of Gold is Rs. 183600 per tola in Pakistan ...",Daily Times,gold rate in pakistan,"gold rate in pakistan on 11 january is being sold for rs. 157407 per 10 grams, and the price of gold is rs. 183600 per tola in pakistan ..."
2023-01-11,GOLD,"GLOBAL MARKETS-Stocks edge higher as U.S. inflation data, bank earnings loom","Global stocks edged higher on Wednesday, underpinned by hopes that inflation was being tamed enough to ease the pace of interest rate hikes and reduce the chances of deep recession. As investors waited for Thursday's U.S. consumer price index (CPI), the dollar was steady, while gold scaled an eight-month peak on bets the U.S. inflation data will show a slowdown in price increases.",Devdiscourse,"global markets-stocks edge higher as u.s. inflation data, bank earnings loom","global stocks edged higher on wednesday, underpinned by hopes that inflation was being tamed enough to ease the pace of interest rate hikes and reduce the chances of deep recession. as investors waited for thursday's u.s. consumer price index cpi , the dollar was steady, while gold scaled an eight-month peak on bets the u.s. inflation data will show a slowdown in price increases."
2023-01-11,GOLD,GLOBAL MARKETS-Global stocks advance ahead of U.S. inflation data,"Longer-dated treasury yields fell a day before the release of U.S. consumer price index (CPI) data as the market bet that inflation is on sustainable downward path that could lead the Federal Reserve to at least slow its rate hikes. Meanwhile, the dollar was flat and gold was lower after scaling an eight-month peak.",Devdiscourse,global markets-global stocks advance ahead of u.s. inflation data,"longer-dated treasury yields fell a day before the release of u.s. consumer price index cpi data as the market bet that inflation is on sustainable downward path that could lead the federal reserve to at least slow its rate hikes. meanwhile, the dollar was flat and gold was lower after scaling an eight-month peak."
2023-01-11,GOLD,"GLOBAL MARKETS-Stocks advance, bond yields fall with hopes for weaker U.S. inflation","Longer-dated treasury yields fell a day before the release of December's U.S. consumer price index (CPI) data as the market bet that inflation is on a sustainable downward path that could lead the Federal Reserve to at least slow its rate hikes. Meanwhile, the dollar was barely higher and gold was virtually unchanged after earlier scaling an eight-month peak.",Devdiscourse,"global markets-stocks advance, bond yields fall with hopes for weaker u.s. inflation","longer-dated treasury yields fell a day before the release of december's u.s. consumer price index cpi data as the market bet that inflation is on a sustainable downward path that could lead the federal reserve to at least slow its rate hikes. meanwhile, the dollar was barely higher and gold was virtually unchanged after earlier scaling an eight-month peak."
2023-01-11,GOLD,"Gold Prices Remain Flat Ahead of US Inflation Data. Check Rates In Delhi, and Other Cities","Gold prices in the domestic market on Wednesday, January 11 showed a positive trend and maintained a stable rise",News18,"gold prices remain flat ahead of us inflation data. check rates in delhi, and other cities","gold prices in the domestic market on wednesday, january 11 showed a positive trend and maintained a stable rise"
2023-01-12,GOLD,Samsung's OG Galaxy Buds Pro are irresistibly cheap for a limited time,You have 24 hours (or less) to get Samsung's old but gold noise-cancelling Galaxy Buds Pro at a lower-than-ever price of $49.99 in refurbished condition.,PhoneArena,samsung's og galaxy buds pro are irresistibly cheap for a limited time,you have 24 hours or less to get samsung's old but gold noise-cancelling galaxy buds pro at a lower-than-ever price of $49.99 in refurbished condition.
2023-01-12,GOLD,Gold prices in India today hit record high,"The price rise dampened demand in the world's second biggest consumer of the precious metal, dealers said.",Livemint,gold prices in india today hit record high,"the price rise dampened demand in the world's second biggest consumer of the precious metal, dealers said."
2023-01-13,GOLD,"Gold price today: 10 grams of 24-carat sold at Rs 56,290; silver at Rs 72,000 per kilo","The MCX figures indicate that gold futures rose 0.19 per cent to Rs 55,980.00. Silver futures dropped 0.04 per cent to Rs 68,615.00",Firstpost,"gold price today 10 grams of 24-carat sold at rs 56,290 silver at rs 72,000 per kilo","the mcx figures indicate that gold futures rose 0.19 per cent to rs 55,980.00. silver futures dropped 0.04 per cent to rs 68,615.00"
2023-01-13,GOLD,Noise ColorFit Pro 4 GPS smartwatch debuts with up to 7 days battery: Details,"Noise ColorFit Pro 4 GPS carries a price tag of ₹2,999. It is offered in Jet Black, Copper Brown, Gold Wine, Active Blue, and Shadow Black colour variants.",Livemint,noise colorfit pro 4 gps smartwatch debuts with up to 7 days battery details,"noise colorfit pro 4 gps carries a price tag of 2,999. it is offered in jet black, copper brown, gold wine, active blue, and shadow black colour variants."
2023-01-14,GOLD,Why Barrick Gold Is the Perfect Cheap Stock for 2023,Investors looking for relative value in this difficult to understand market may want to take a hard look at Barrick Gold (TSX:ABX) right now.,The Motley Fool Canada,why barrick gold is the perfect cheap stock for 2023,investors looking for relative value in this difficult to understand market may want to take a hard look at barrick gold tsx abx right now.
2023-01-14,GOLD,"Gold price today: 10 grams of 24-carat sold at Rs 56,730; silver at Rs 72,750 per kilo","MCX data reveals that gold futures rose 0.83 per cent to Rs 56,341.00. Silver futures also grew 1.13 per cent to Rs 69.420.00",Firstpost,"gold price today 10 grams of 24-carat sold at rs 56,730 silver at rs 72,750 per kilo","mcx data reveals that gold futures rose 0.83 per cent to rs 56,341.00. silver futures also grew 1.13 per cent to rs 69.420.00"
2023-01-14,GOLD,This 1959 Bill Shows Gold Costed Not More Than Chocolate's Price Today,A 60-year-old bill has surfaced on the internet that proves the same.,News18,this 1959 bill shows gold costed not more than chocolate's price today,a 60-year-old bill has surfaced on the internet that proves the same.
2023-01-14,GOLD,"For legendary sailor Ben Ainslie, high-pressure situations are a real buzz","In a home in south-west London lies a sailor’s treasure whose worth cannot quite be estimated. How do you put a price on a life of sweat, skill and ambition? The treasure is silver and gold and is kept in a “little washbag, you know like you get on an airliner”.
Read more at straitstimes.com.",The Straits Times,"for legendary sailor ben ainslie, high-pressure situations are a real buzz","in a home in south-west london lies a sailor s treasure whose worth cannot quite be estimated. how do you put a price on a life of sweat, skill and ambition the treasure is silver and gold and is kept in a little washbag, you know like you get on an airliner . read more at straitstimes.com."
2023-01-15,GOLD,This pastry chef turned fundie finds gold in crypto ‘garbage’,Ainslie Yuen’s desire to adapt and learn has ensured that she’s been on the front line of the market’s major episodes.,Australian Financial Review,this pastry chef turned fundie finds gold in crypto garbage,ainslie yuen s desire to adapt and learn has ensured that she s been on the front line of the market s major episodes.
2023-01-16,GOLD,"Gold price today: 10 grams of 24-carat sold at Rs 56,740; silver at Rs 72,750 per kilo","MCX figures reveal that gold futures increased 0.31 per cent to Rs 56,500.00. Silver futures 0.72 per cent to Rs 69,925.00",Firstpost,"gold price today 10 grams of 24-carat sold at rs 56,740 silver at rs 72,750 per kilo","mcx figures reveal that gold futures increased 0.31 per cent to rs 56,500.00. silver futures 0.72 per cent to rs 69,925.00"
2023-01-16,GOLD,"Gold Prices Start New Week With Gain; Check Gold Rates in Mumbai, Delhi And Other Cities Today","Gold rates today: What is the price of yellow metal in India today? Check gold and silver prices in Delhi, Chennai, Hyderabad and other cities on January 16, 2023.",News18,"gold prices start new week with gain check gold rates in mumbai, delhi and other cities today","gold rates today what is the price of yellow metal in india today check gold and silver prices in delhi, chennai, hyderabad and other cities on january 16, 2023."
2023-01-17,GOLD,"Gold price today: 10 grams of 24-carat stands at Rs 56,950; silver at Rs 72,500 per kilo","MCX data indicate that gold futures dropped 0.09 per cent to Rs 56,430.00. Silver futures slipped 0.19 per cent to Rs 69,652.00",Firstpost,"gold price today 10 grams of 24-carat stands at rs 56,950 silver at rs 72,500 per kilo","mcx data indicate that gold futures dropped 0.09 per cent to rs 56,430.00. silver futures slipped 0.19 per cent to rs 69,652.00"
2023-01-17,GOLD,"Gold Prices Remain Strong in India; Check Latest Rates in Delhi, Mumbai And Other Cities",Gold price in India today Gold rate in Delhi Silver rates,News18,"gold prices remain strong in india check latest rates in delhi, mumbai and other cities",gold price in india today gold rate in delhi silver rates
2023-01-17,GOLD,Dubai Gold Prices Today: Cost of Gold Down; Check Rates On January 17,Gold Price UAE Gold Price in Dubai Today Buy Gold In Dubai,News18,dubai gold prices today cost of gold down check rates on january 17,gold price uae gold price in dubai today buy gold in dubai
2023-01-19,GOLD,Property price survey: Eight Munster sales break €1m mark as scarcity of land sends prices soaring,Munster dairy farmers are known to travel far and wide to purchase land to expand their ever-increasing investments in the production of the ‘white gold’.,Independent.ie,property price survey eight munster sales break 1m mark as scarcity of land sends prices soaring,munster dairy farmers are known to travel far and wide to purchase land to expand their ever-increasing investments in the production of the white gold .
2023-01-19,GOLD,Northern Star share price lifts on strong update,The Northern Star Resources Ltd (ASX:NST) share price is pushing higher on Thursday. Here's why investors are buying this gold share...,The Motley Fool Australia,northern star share price lifts on strong update,the northern star resources ltd asx nst share price is pushing higher on thursday. here's why investors are buying this gold share...
2023-01-20,GOLD,"Forget gold, I’m using the Warren Buffett method to try and get rich!","I think Warren Buffett’s wise advice can help me become very wealthy over time, if I buy when the share market is down.",The Motley Fool Australia,"forget gold, i m using the warren buffett method to try and get rich","i think warren buffett s wise advice can help me become very wealthy over time, if i buy when the share market is down."
2023-01-20,GOLD,4 benefits of buying gold,"With the recent increase in inflation and continued market volatility, many investors are looking to gold as a more stable investment.",CBS News,4 benefits of buying gold,"with the recent increase in inflation and continued market volatility, many investors are looking to gold as a more stable investment."
2023-01-20,GOLD,Brides buy half of all gold jewellery sold in India says World Gold Council report,"Jewellery for brides is chunkier and most pieces constitute 30-250 gm weightage, says a World Gold Council report. Rupee gold price has almost doubled since",Business Insider India,brides buy half of all gold jewellery sold in india says world gold council report,"jewellery for brides is chunkier and most pieces constitute 30-250 gm weightage, says a world gold council report. rupee gold price has almost doubled since"
2023-01-20,GOLD,"Stock Market Shakes Off Bad Vibes; Gold Rally Eyes $2,000; Netflix Adds Subs; Big Tech Cuts More Jobs","Stock market indexes held above Thursday lows into Friday's open, buoyed by oversold technical readings and an upbeat Netflix report.",Investor's Business Daily,"stock market shakes off bad vibes gold rally eyes $2,000 netflix adds subs big tech cuts more jobs","stock market indexes held above thursday lows into friday's open, buoyed by oversold technical readings and an upbeat netflix report."
2023-01-21,GOLD,"Check updated gold, silver prices in your city","In Bengaluru and Ahmedabad, 10 grams of 22-carat gold is being bought and sold at Rs 52,300. The price of 24-carat gold in the two cities is Rs 57,110",Firstpost,"check updated gold, silver prices in your city","in bengaluru and ahmedabad, 10 grams of 22-carat gold is being bought and sold at rs 52,300. the price of 24-carat gold in the two cities is rs 57,110"
2023-01-21,GOLD,Premature redemption of gold bonds: How much you will get for these sovereign bonds,RBI stated that the redemption price of SGB shall be based on the simple average of the closing gold price of 999 purity of the week (Monday-Friday) preceding the date of redemption as published by the India Bullion and Jewellers Association Ltd (IBJA).,Livemint,premature redemption of gold bonds how much you will get for these sovereign bonds,rbi stated that the redemption price of sgb shall be based on the simple average of the closing gold price of 999 purity of the week monday-friday preceding the date of redemption as published by the india bullion and jewellers association ltd ibja .
2023-01-22,GOLD,Gold falls ₹40; silver declines ₹85,"Comex spot gold price is trading lower by 0.20 per cent at USD 1,926 per ounce against its previous close.",Livemint,gold falls 40 silver declines 85,"comex spot gold price is trading lower by 0.20 per cent at usd 1,926 per ounce against its previous close."
2023-01-22,GOLD,"Auction year opens at Gold Coast event, signals ‘bumpy’ market ahead","Australia’s property market is off to a slow start after buyer nerves were on display at Australia’s biggest auction event, held on the Gold Coast over the weekend.",Australian Financial Review,"auction year opens at gold coast event, signals bumpy market ahead","australia s property market is off to a slow start after buyer nerves were on display at australia s biggest auction event, held on the gold coast over the weekend."
2023-01-23,GOLD,"Gold prices today surge to new high, rise above key level",Softening of US dollar has supported gold price rally,Livemint,"gold prices today surge to new high, rise above key level",softening of us dollar has supported gold price rally
2023-01-23,GOLD,"Gold rises ₹295, silver declines ₹63; check rates here","In the overseas market, gold was quoting higher at USD 1,938 per ounce while silver was down at USD 23.64 per ounce.",Livemint,"gold rises 295, silver declines 63 check rates here","in the overseas market, gold was quoting higher at usd 1,938 per ounce while silver was down at usd 23.64 per ounce."
2023-01-23,GOLD,"Gold price today: 10 grams of 24-carat priced at Rs 52,250; silver falls to Rs 72,300 per kilo","The MCX data reveals that gold futures increased 0.10 per cent to Rs 56,714.00. Silver futures increased by 0.69 per cent to Rs 69,017.00",Firstpost,"gold price today 10 grams of 24-carat priced at rs 52,250 silver falls to rs 72,300 per kilo","the mcx data reveals that gold futures increased 0.10 per cent to rs 56,714.00. silver futures increased by 0.69 per cent to rs 69,017.00"
2023-01-24,GOLD,Surging gold casts a shadow over bull market,The strong rebound in the gold price ahead of a protracted US debt ceiling battle suggests that the latest rally in risk assets is much more fragile than it appears.,Australian Financial Review,surging gold casts a shadow over bull market,the strong rebound in the gold price ahead of a protracted us debt ceiling battle suggests that the latest rally in risk assets is much more fragile than it appears.
2023-01-24,GOLD,"Gold price today: 10 grams of 24-carat stands at Rs 57, 490; silver at Rs 72,500 per kilo","According to the MCX data, gold futures rose 0.41 per cent to Rs 57,046.00. Silver futures increased 0.47 per cent to Rs 68,283.00",Firstpost,"gold price today 10 grams of 24-carat stands at rs 57, 490 silver at rs 72,500 per kilo","according to the mcx data, gold futures rose 0.41 per cent to rs 57,046.00. silver futures increased 0.47 per cent to rs 68,283.00"
2023-01-25,GOLD,Meet the ASX ETF up 40% in 4 months,This ASX exchange-traded fund (ETF) has smashed the market over the past four months. And it's all to do with gold...,The Motley Fool Australia,meet the asx etf up 40% in 4 months,this asx exchange-traded fund etf has smashed the market over the past four months. and it's all to do with gold...
2023-01-26,GOLD,"Gold tops Rs200,000/tola as rupee extends free fall","The price of gold in Pakistan Friday marched past the major psychological threshold of Rs200,000 per tola for the first time, which the dealers easily pinned on the free fall of the rupee in the...",The News International,"gold tops rs200,000 tola as rupee extends free fall","the price of gold in pakistan friday marched past the major psychological threshold of rs200,000 per tola for the first time, which the dealers easily pinned on the free fall of the rupee in the..."
2023-01-26,GOLD,Gold Price in Pakistan Today - 26 January 2023,"Gold Rate in Pakistan Today on 26 January 2023 is Rs. 188,000 per tola for 24-karat Gold Price in Pakistan Today – 26 January 2023",Daily Times,gold price in pakistan today - 26 january 2023,"gold rate in pakistan today on 26 january 2023 is rs. 188,000 per tola for 24-karat gold price in pakistan today 26 january 2023"
2023-01-27,GOLD,"Now, settlement in equity shares to take place within 24 hours. How does T+1 helps market?","According to NSE, from January 27, 2023, all securities, i.e. equity shares including SME shares, ETFs, REITs, InvITs, Sovereign gold bonds, government bonds, and corporate bonds trading in the equity segment will now be settled only on 'T+1' basis.",Livemint,"now, settlement in equity shares to take place within 24 hours. how does t 1 helps market","according to nse, from january 27, 2023, all securities, i.e. equity shares including sme shares, etfs, reits, invits, sovereign gold bonds, government bonds, and corporate bonds trading in the equity segment will now be settled only on 't 1' basis."
2023-01-27,GOLD,Gold Miners Shine: Here Are 6 Gold Stocks To Watch,"Gold miners are making the early lists of 2023's market-leading stocks, lifting IBD's Mining-Gold/Silver/Gems industry group into the top 10.",Investor's Business Daily,gold miners shine here are 6 gold stocks to watch,"gold miners are making the early lists of 2023's market-leading stocks, lifting ibd's mining-gold silver gems industry group into the top 10."
2023-01-27,GOLD,Gold Rate In Pakistan,"Gold Rate In Pakistan on 27 January is being sold for Rs. 171125 per 10 grams, and the price of Gold is Rs. 199600 per tola in Pakistan ...",Daily Times,gold rate in pakistan,"gold rate in pakistan on 27 january is being sold for rs. 171125 per 10 grams, and the price of gold is rs. 199600 per tola in pakistan ..."
2023-01-27,GOLD,"Gold price today: 10 grams of 24-carat priced at Rs 57,930; silver at Rs 72,600 per kilo","According to the MCX data, gold futures decreased 0.39 per cent to Rs 56,739.00. Silver futures increased by 0.01 per cent to Rs 68,684.00",Firstpost,"gold price today 10 grams of 24-carat priced at rs 57,930 silver at rs 72,600 per kilo","according to the mcx data, gold futures decreased 0.39 per cent to rs 56,739.00. silver futures increased by 0.01 per cent to rs 68,684.00"
2023-01-27,GOLD,Gold price retraces from record high. Right time to accumulate?,"Gold rates today has immediate hurdle placed at ₹57,200 levels whereas it has immediate support placed at ₹56,200 per 10 gm levels, believe commodity market experts",Livemint,gold price retraces from record high. right time to accumulate,"gold rates today has immediate hurdle placed at 57,200 levels whereas it has immediate support placed at 56,200 per 10 gm levels, believe commodity market experts"
2023-01-28,GOLD,"Gold price today: 10 grams of 24-carat priced at Rs 57,270; silver falls to Rs 72,600 per kilo","The MCX data reveals that gold futures declined 0.15 per cent to Rs 56,875.00. Silver futures declined 0.50 per cent to Rs 68,331.00",Firstpost,"gold price today 10 grams of 24-carat priced at rs 57,270 silver falls to rs 72,600 per kilo","the mcx data reveals that gold futures declined 0.15 per cent to rs 56,875.00. silver futures declined 0.50 per cent to rs 68,331.00"
2023-01-28,GOLD,Gold Rate In Pakistan,"Gold Rate In Pakistan on 28 January is being sold for Rs. 171125 per 10 grams, and the price of Gold is Rs. 199600 per tola in Pakistan ...",Daily Times,gold rate in pakistan,"gold rate in pakistan on 28 january is being sold for rs. 171125 per 10 grams, and the price of gold is rs. 199600 per tola in pakistan ..."
2023-01-28,GOLD,"Lumber prices surge on promising housing market data, gold stocks decline","The S&P Materials sector closed this trading week in green with 1% gain, while Materials Select Sector SPDR (NYSEARCA:XLB) also registered nearly 1% growth for the five-day...",Seeking Alpha,"lumber prices surge on promising housing market data, gold stocks decline","the s p materials sector closed this trading week in green with 1% gain, while materials select sector spdr nysearca xlb also registered nearly 1% growth for the five-day..."
2023-01-29,GOLD,Gold Rate In Pakistan,"Gold Rate In Pakistan on 29 January is being sold for Rs. 179612 per 10 grams, and the price of Gold is Rs. 209500 per tola in Pakistan ...",Daily Times,gold rate in pakistan,"gold rate in pakistan on 29 january is being sold for rs. 179612 per 10 grams, and the price of gold is rs. 209500 per tola in pakistan ..."
2023-01-30,GOLD,Kinross Gold downgraded at Barclays even as gold glitters again,"Kinross Gold (KGC) -3% in a valuation call at Barclays, downgrading shares to Equal Weight from Overweight with a $5 price target, as shares have surged 54% from September 2022",Seeking Alpha,kinross gold downgraded at barclays even as gold glitters again,"kinross gold kgc -3% in a valuation call at barclays, downgrading shares to equal weight from overweight with a $5 price target, as shares have surged 54% from september 2022"
2023-01-30,GOLD,Gold Rate In Pakistan,"Gold Rate In Pakistan on 30 January is being sold for Rs. 179612 per 10 grams, and the price of Gold is Rs. 208400 per tola in Pakistan ...",Daily Times,gold rate in pakistan,"gold rate in pakistan on 30 january is being sold for rs. 179612 per 10 grams, and the price of gold is rs. 208400 per tola in pakistan ..."
2023-01-30,GOLD,Gold sees highest single-day plunge in Pakistan,"As the rupee slightly recovered against the US dollar, gold price in Pakistan on Tuesday registered its highest single-day drop.Investors also kept a close watch on the US Federal Reserve's interest...",The News International,gold sees highest single-day plunge in pakistan,"as the rupee slightly recovered against the us dollar, gold price in pakistan on tuesday registered its highest single-day drop.investors also kept a close watch on the us federal reserve's interest..."
2023-01-30,GOLD,Any gold correction will be a buying opportunity,If you are in the recession-is-coming there may be a chance near term to get into gold (XAU: USD) (GLD) at a better price. See why.,Seeking Alpha,any gold correction will be a buying opportunity,if you are in the recession-is-coming there may be a chance near term to get into gold xau usd gld at a better price. see why.
2023-01-31,GOLD,Gold price rises in Pakistan,Gold price in Pakistan has surged after the economic crisis-hit country witnessed record-high inflation in January.Data released by the All-Pakistan Sarafa Gems and Jewellers Association showed...,The News International,gold price rises in pakistan,gold price in pakistan has surged after the economic crisis-hit country witnessed record-high inflation in january.data released by the all-pakistan sarafa gems and jewellers association showed...
2023-01-31,GOLD,Who is buying it and why?,"Central banks are buying record amounts of gold and its price has soared in 2023, so is the precious metal a good way to diversify your investments?",Australian Financial Review,who is buying it and why,"central banks are buying record amounts of gold and its price has soared in 2023, so is the precious metal a good way to diversify your investments"
2023-01-31,GOLD,Today Gold price In Pakistan on 31 January 2023,Gold Rate in Pakistan today on 31 January 2023 is being sold for Rs. 179612 per Today Gold price In Pakistan on 31 January 2023,Daily Times,today gold price in pakistan on 31 january 2023,gold rate in pakistan today on 31 january 2023 is being sold for rs. 179612 per today gold price in pakistan on 31 january 2023
2023-01-31,GOLD,This is the ASX 200 gold mining share to buy now: Morgans,Morgans says the Newcrest Mining Ltd (ASX:NCM) share price could be great value. Here's why it is positive on this ASX 200 gold mining share.,The Motley Fool Australia,this is the asx 200 gold mining share to buy now morgans,morgans says the newcrest mining ltd asx ncm share price could be great value. here's why it is positive on this asx 200 gold mining share.
2023-01-31,GOLD,Gold Rate In Pakistan,"Gold Rate In Pakistan on 31 January is being sold for Rs. 179612 per 10 grams, and the price of Gold is Rs. 208400 per tola in Pakistan ...",Daily Times,gold rate in pakistan,"gold rate in pakistan on 31 january is being sold for rs. 179612 per 10 grams, and the price of gold is rs. 208400 per tola in pakistan ..."
2023-01-31,GOLD,Demand for gold soars on “colossal” central bank buying,The price of gold is soaring as demand for the precious metal from both central banks and small investors rockets.,Evening Standard,demand for gold soars on colossal central bank buying,the price of gold is soaring as demand for the precious metal from both central banks and small investors rockets.
2023-02-01,GOLD,Focus on stable growth helps Olympic gold medalist beat bear market,"Betting on consistent, stable, long-term growth led to Joe Hudepohl's outperformance over the past five years.",CNBC,focus on stable growth helps olympic gold medalist beat bear market,"betting on consistent, stable, long-term growth led to joe hudepohl's outperformance over the past five years."
2023-02-01,GOLD,Union Budget 2023: Gems And Jewellery Industry 'Disappointed'; Here's What Leaders Said,Gems And Jewellery Industry claimed the custom duty on gold will only encourage the grey market.,Jagran English,union budget 2023 gems and jewellery industry 'disappointed' here's what leaders said,gems and jewellery industry claimed the custom duty on gold will only encourage the grey market.
2023-02-01,GOLD,Gold dazzles as rupee rout continues,"Gold price in Pakistan continued to gain following the international precious metal markets that are rising in reaction to a hawkish US Federal Reserve, while the rupee’s plunging to a...",The News International,gold dazzles as rupee rout continues,"gold price in pakistan continued to gain following the international precious metal markets that are rising in reaction to a hawkish us federal reserve, while the rupee s plunging to a..."
2023-02-01,GOLD,Check rates in major Indian cities,"gold price, 24-carat gold price, 24ct gold price today, gold price today, silver price, silver price today,",Firstpost,check rates in major indian cities,"gold price, 24-carat gold price, 24ct gold price today, gold price today, silver price, silver price today,"
2023-02-01,GOLD,Today Gold price In Pakistan 1 February 2023,Gold Rate in Pakistan today on 1 February 2023 is being sold for Rs. 179612 per 10 grams Today Gold price In Pakistan 1 February 2023,Daily Times,today gold price in pakistan 1 february 2023,gold rate in pakistan today on 1 february 2023 is being sold for rs. 179612 per 10 grams today gold price in pakistan 1 february 2023
2023-02-01,GOLD,Gold Rate In Pakistan,"Gold Rate In Pakistan on 1 February is being sold for Rs. 179612 per 10 grams, and the price of Gold is Rs. 208400 per tola in Pakistan ...",Daily Times,gold rate in pakistan,"gold rate in pakistan on 1 february is being sold for rs. 179612 per 10 grams, and the price of gold is rs. 208400 per tola in pakistan ..."
2023-02-02,GOLD,"Gold Prices Show Strong Trend; Check Gold Rates in Delhi, Mumbai And Other Cities","gold price in delhi today, gold price in india",News18,"gold prices show strong trend check gold rates in delhi, mumbai and other cities","gold price in delhi today, gold price in india"
2023-02-02,GOLD,Today Gold price In Pakistan 2 February 2023,Gold Rate in Pakistan today 2 February 2023 is being sold for Rs. 175583 Today Gold price In Pakistan 2 February 2023,Daily Times,today gold price in pakistan 2 february 2023,gold rate in pakistan today 2 february 2023 is being sold for rs. 175583 today gold price in pakistan 2 february 2023
2023-02-02,GOLD,Gold Rate In Pakistan,"Gold Rate In Pakistan on 2 February is being sold for Rs. 175583 per 10 grams, and the price of Gold is Rs. 204800 per tola in Pakistan ...",Daily Times,gold rate in pakistan,"gold rate in pakistan on 2 february is being sold for rs. 175583 per 10 grams, and the price of gold is rs. 204800 per tola in pakistan ..."
2023-02-02,GOLD,Gold price in Pakistan registers gains,Gold prices rose Friday amid an increase in the demand for the safe-bet investment as economic uncertainty persists in Pakistan over a delay in the revival of the International Monetary Fund ...,The News International,gold price in pakistan registers gains,gold prices rose friday amid an increase in the demand for the safe-bet investment as economic uncertainty persists in pakistan over a delay in the revival of the international monetary fund ...
2023-02-02,GOLD,"Gold and silver prices seen rising this year, analyst survey says","Gold and silver prices are expected to rise in 2023 by 3.3% and 8.8% on average, respectively, by the end of the year compared with 2022, the London Bullion Market Association said",Seeking Alpha,"gold and silver prices seen rising this year, analyst survey says","gold and silver prices are expected to rise in 2023 by 3.3% and 8.8% on average, respectively, by the end of the year compared with 2022, the london bullion market association said"
2023-02-03,GOLD,Ballarat mine pays heavy price for tailings dam dithering,A six-week disruption to gold processing has put further pressure on the cashflows of the Ballarat gold mine’s controversial owner.,Australian Financial Review,ballarat mine pays heavy price for tailings dam dithering,a six-week disruption to gold processing has put further pressure on the cashflows of the ballarat gold mine s controversial owner.
2023-02-03,GOLD,The gold price is near 9-month highs. Could these ASX 200 mining stocks be set to soar?,S&P/ASX 200 Index (ASX: XJO) mining stocks digging up gold are in our spotlight today as the yellow metal hovers near nine-month highs.,The Motley Fool Australia,the gold price is near 9-month highs. could these asx 200 mining stocks be set to soar,s p asx 200 index asx xjo mining stocks digging up gold are in our spotlight today as the yellow metal hovers near nine-month highs.
2023-02-03,GOLD,Gold Rate In Pakistan,"Gold Rate In Pakistan on 3 February is being sold for Rs. 176440 per 10 grams, and the price of Gold is Rs. 205800 per tola in Pakistan ...",Daily Times,gold rate in pakistan,"gold rate in pakistan on 3 february is being sold for rs. 176440 per 10 grams, and the price of gold is rs. 205800 per tola in pakistan ..."
2023-02-03,GOLD,The Return of Monday Morning Blues,"Market Overview Analysis by Stephen Innes covering: USD/JPY, XAU/USD, US Dollar Index Futures, Gold Futures. Read Stephen Innes's latest article on Investing.com",Investing.com,the return of monday morning blues,"market overview analysis by stephen innes covering usd jpy, xau usd, us dollar index futures, gold futures. read stephen innes's latest article on investing.com"
2023-02-03,GOLD,Today Gold price In Pakistan 3 February 2023,"Gold Rate in Pakistan today on 3 February 2023 is being sold for Rs. 176440 per 10 grams, Today Gold price In Pakistan 3 February 2023",Daily Times,today gold price in pakistan 3 february 2023,"gold rate in pakistan today on 3 february 2023 is being sold for rs. 176440 per 10 grams, today gold price in pakistan 3 february 2023"
2023-02-03,GOLD,"Gold price dips ₹2,300 from life-time high. Right time to buy?","Gold rates today have immediate strong support placed at ₹56,500 on MCX, believe experts",Livemint,"gold price dips 2,300 from life-time high. right time to buy","gold rates today have immediate strong support placed at 56,500 on mcx, believe experts"
2023-02-04,GOLD,"Gold price today: 10 grams of 24-carat stands at Rs 57,160; silver at Rs 71,200 per kilo","The MCX data shows that gold futures fell 1.97 per cent to Rs 56,560.00. Silver futures plunged 3.67 per cent to Rs 67,625.00",Firstpost,"gold price today 10 grams of 24-carat stands at rs 57,160 silver at rs 71,200 per kilo","the mcx data shows that gold futures fell 1.97 per cent to rs 56,560.00. silver futures plunged 3.67 per cent to rs 67,625.00"
2023-02-04,GOLD,Gold Rate In Pakistan,"Gold Rate In Pakistan on 4 February is being sold for Rs. 179012 per 10 grams, and the price of Gold is Rs. 208800 per tola in Pakistan ...",Daily Times,gold rate in pakistan,"gold rate in pakistan on 4 february is being sold for rs. 179012 per 10 grams, and the price of gold is rs. 208800 per tola in pakistan ..."
2023-02-04,GOLD,‘India is strong pillar of support for global gold market': World Gold Council,"The gold jewellery exports in India have grown from $7.6 billion in 2015 to $12.4 billion in 2019.Bridal jewellery dominates the gold jewellery landscape, enjoying 50-55% of the market share in India",Livemint,india is strong pillar of support for global gold market' world gold council,"the gold jewellery exports in india have grown from $7.6 billion in 2015 to $12.4 billion in 2019.bridal jewellery dominates the gold jewellery landscape, enjoying 50-55% of the market share in india"
2023-02-05,GOLD,Gold Rate In Pakistan,"Gold Rate In Pakistan on 5 February is being sold for Rs. 176012 per 10 grams, and the price of Gold is Rs. 205300 per tola in Pakistan ...",Daily Times,gold rate in pakistan,"gold rate in pakistan on 5 february is being sold for rs. 176012 per 10 grams, and the price of gold is rs. 205300 per tola in pakistan ..."
2023-02-05,GOLD,Newcrest share price jumps 14% on takeover approach,The Newcrest Mining Limited (ASX:NCM) share price is on the move on Monday amid news that the gold miner is a takeover target...,The Motley Fool Australia,newcrest share price jumps 14% on takeover approach,the newcrest mining limited asx ncm share price is on the move on monday amid news that the gold miner is a takeover target...
2023-02-06,GOLD,"Gold Coast condo listed for $17M, making it the highest priced such unit currently on the market",The unit is owned by Valor Equity Partners founder and CEO Antonio Gracias and his wife,Chicago Tribune,"gold coast condo listed for $17m, making it the highest priced such unit currently on the market",the unit is owned by valor equity partners founder and ceo antonio gracias and his wife
2023-02-06,GOLD,Will Newmont offer more for Newcrest shares?,ASX 200 gold share Newcrest Mining Ltd (ASX: NCM) has had a takeover offer from Newmont. Will the price on offer keep rising?,The Motley Fool Australia,will newmont offer more for newcrest shares,asx 200 gold share newcrest mining ltd asx ncm has had a takeover offer from newmont. will the price on offer keep rising
2023-02-06,GOLD,Gold Rate In Pakistan,"Gold Rate In Pakistan on 6 February is being sold for Rs. 176012 per 10 grams, and the price of Gold is Rs. 205300 per tola in Pakistan ...",Daily Times,gold rate in pakistan,"gold rate in pakistan on 6 february is being sold for rs. 176012 per 10 grams, and the price of gold is rs. 205300 per tola in pakistan ..."
2023-02-06,GOLD,Mermaid Beach knock-down lures buyers in $2.7m sale,"In a part of Gold Coast that preserves a suburban feel, cash-flush buyers are flocking to the housing market’s ‘sweet spot’.",Australian Financial Review,mermaid beach knock-down lures buyers in $2.7m sale,"in a part of gold coast that preserves a suburban feel, cash-flush buyers are flocking to the housing market s sweet spot ."
2023-02-07,GOLD,Gold Rate In Pakistan,"Gold Rate In Pakistan on 7 February is being sold for Rs. 173954 per 10 grams, and the price of Gold is Rs. 202900 per tola in Pakistan ...",Daily Times,gold rate in pakistan,"gold rate in pakistan on 7 february is being sold for rs. 173954 per 10 grams, and the price of gold is rs. 202900 per tola in pakistan ..."
2023-02-07,GOLD,"Gold Price In India On Feb 7: Check Latest Rates In Delhi, Mumbai And Other Cities",gold price today delhi gold price today mumbai gold rate today,News18,"gold price in india on feb 7 check latest rates in delhi, mumbai and other cities",gold price today delhi gold price today mumbai gold rate today
2023-02-07,GOLD,Doireann Garrihy stuns in incredible zebra co-ord on DWTS but the price is eye watering,Doireann Garrihy looked incredible on Sunday's Dancing With The Stars as she stepped out in a sequin gold and black zebra print co-ord that costs a sh,The Irish Sun,doireann garrihy stuns in incredible zebra co-ord on dwts but the price is eye watering,doireann garrihy looked incredible on sunday's dancing with the stars as she stepped out in a sequin gold and black zebra print co-ord that costs a sh
2023-02-07,GOLD,"Gold rates today trade flat despite dip in dollar index. Buy, sell or wait?","Gold price today has immediate support placed at ₹56,800 and ₹56,400 levels, say experts",Livemint,"gold rates today trade flat despite dip in dollar index. buy, sell or wait","gold price today has immediate support placed at 56,800 and 56,400 levels, say experts"
2023-02-08,GOLD,Clippers' interest in Russell Westbrook is comedy gold for Lakers fans,The Los Angeles Lakers have officially traded Russell Westbrook and the first potential suitor for him on the buyout market is hilarious for Lakers fans.,Lake Show Life,clippers' interest in russell westbrook is comedy gold for lakers fans,the los angeles lakers have officially traded russell westbrook and the first potential suitor for him on the buyout market is hilarious for lakers fans.
2023-02-08,GOLD,Gold Rate In Pakistan,"Gold Rate In Pakistan on 8 February is being sold for Rs. 171433 per 10 grams, and the price of Gold is Rs. 199960 per tola in Pakistan ...",Daily Times,gold rate in pakistan,"gold rate in pakistan on 8 february is being sold for rs. 171433 per 10 grams, and the price of gold is rs. 199960 per tola in pakistan ..."
2023-02-08,GOLD,Gold rout enters fifth day,Pakistani gold’s price continued to deflate for the fifth consecutive day on Thursday as the rupee’s clawback against the dollar tied safe-haven investors' hands amid market buzz that a...,The News International,gold rout enters fifth day,pakistani gold s price continued to deflate for the fifth consecutive day on thursday as the rupee s clawback against the dollar tied safe-haven investors' hands amid market buzz that a...
2023-02-08,GOLD,How to play gold as it regains its shine,"Persistent inflation, a falling U.S. dollar, and supply constraints could drive the price of gold higher",The Globe and Mail,how to play gold as it regains its shine,"persistent inflation, a falling u.s. dollar, and supply constraints could drive the price of gold higher"
2023-02-08,GOLD,Today Gold price In Pakistan 8 February 2023,Gold Rate in Pakistan today on 8 February 2023 is being sold for Rs. 171433 per Today Gold price In Pakistan 8 February 2023,Daily Times,today gold price in pakistan 8 february 2023,gold rate in pakistan today on 8 february 2023 is being sold for rs. 171433 per today gold price in pakistan 8 february 2023
2023-02-09,GOLD,"GLOBAL MARKETS-Stocks, dollar slip as rate hike fears unsettle investors","Crude prices eased, with gold firmer as the dollar index fell 0.18%, while MSCI's U.S.-centric index of stock performance in 47 countries shed 0.44%. The market is confused as it thought it understood, despite the Fed's rhetoric, that the U.S. central bank was very close to ending its rate-hiking cycle, said Quincy Krosby, chief global strategist at LPL Financial in Charlotte, North Carolina.",Devdiscourse,"global markets-stocks, dollar slip as rate hike fears unsettle investors","crude prices eased, with gold firmer as the dollar index fell 0.18%, while msci's u.s.-centric index of stock performance in 47 countries shed 0.44%. the market is confused as it thought it understood, despite the fed's rhetoric, that the u.s. central bank was very close to ending its rate-hiking cycle, said quincy krosby, chief global strategist at lpl financial in charlotte, north carolina."
2023-02-09,GOLD,"SGX Nifty, gold price to US dollar - factors that may impact global markets today - 10th February","SGX Nifty today is trading sideways to positive, believes stock market experts",Livemint,"sgx nifty, gold price to us dollar - factors that may impact global markets today - 10th february","sgx nifty today is trading sideways to positive, believes stock market experts"
2023-02-09,GOLD,Gold Price In India Up On February 9; Check Latest Rates In Your City,"The price of gold in India increased on Thursday, February 9 on multi-commodity exchange (MCX) India",News18,gold price in india up on february 9 check latest rates in your city,"the price of gold in india increased on thursday, february 9 on multi-commodity exchange mcx india"
2023-02-09,GOLD,Gold Rate In Pakistan,"Gold Rate In Pakistan on 9 February is being sold for Rs. 168810 per 10 grams, and the price of Gold is Rs. 196900 per tola in Pakistan ...",Daily Times,gold rate in pakistan,"gold rate in pakistan on 9 february is being sold for rs. 168810 per 10 grams, and the price of gold is rs. 196900 per tola in pakistan ..."
2023-02-09,GOLD,Is It Risk-On Again?,"Market Overview Analysis by James Picerno covering: SPDR® S&P 500, Copper Futures, SPDR® Gold Shares, SPDR® S&P Homebuilders ETF. Read James Picerno's latest article on Investing.com",Investing.com,is it risk-on again,"market overview analysis by james picerno covering spdr s p 500, copper futures, spdr gold shares, spdr s p homebuilders etf. read james picerno's latest article on investing.com"
2023-02-09,GOLD,Volvo in Advanced Talks on Possible Lithium Mining -- Commodities Roundup,MARKET MOVEMENTS: --Brent crude oil is 0.4% higher at $85.44 a barrel. --European benchmark gas rises 1.5% to EUR 54.47 a megawatt hour. --Gold futures are...,MarketWatch,volvo in advanced talks on possible lithium mining -- commodities roundup,market movements --brent crude oil is 0.4% higher at $85.44 a barrel. --european benchmark gas rises 1.5% to eur 54.47 a megawatt hour. --gold futures are...
2023-02-10,GOLD,Gold price retraces from life-time highs. Should you buy now or wait for more correction?,"Gold rates today are in $1,835 to $1,890 per ounce range, say experts",Livemint,gold price retraces from life-time highs. should you buy now or wait for more correction,"gold rates today are in $1,835 to $1,890 per ounce range, say experts"
2023-02-13,GOLD,B2Gold to Buy Sabina Gold for C$1.87/share in all-stock deal,B2Gold (BTG) -2.5% pre-market Monday after agreeing to acquire Sabina Gold & Silver (SGSVF) for C$1.1B in an all-stock deal,Seeking Alpha,b2gold to buy sabina gold for c$1.87 share in all-stock deal,b2gold btg -2.5% pre-market monday after agreeing to acquire sabina gold silver sgsvf for c$1.1b in an all-stock deal
2023-02-13,GOLD,Gold Rate In Pakistan,"Gold Rate In Pakistan on 13 February is being sold for Rs. 169239 per 10 grams, and the price of Gold is Rs. 197400 per tola in Pakistan ...",Daily Times,gold rate in pakistan,"gold rate in pakistan on 13 february is being sold for rs. 169239 per 10 grams, and the price of gold is rs. 197400 per tola in pakistan ..."
2023-02-13,GOLD,"Oppo Find N2 Flip Global Launch on February 15: What To Expect - Price, Specifications & More","The Oppo Find N2 Flip will come in Mu Zi (Purple), Ya Hei (Black), and Flowing Gold colour options.",News18,"oppo find n2 flip global launch on february 15 what to expect - price, specifications more","the oppo find n2 flip will come in mu zi purple , ya hei black , and flowing gold colour options."
2023-02-13,GOLD,Gold inches higher ahead of US inflation data,"Traders will keep an eye on Tuesday's January US consumer price index (CPI) data, which is expected to show the core CPI figure gaining 0.4% month-on-month",Livemint,gold inches higher ahead of us inflation data,"traders will keep an eye on tuesday's january us consumer price index cpi data, which is expected to show the core cpi figure gaining 0.4% month-on-month"
2023-02-15,GOLD,TSX futures drop as commodity prices decline,"Oil prices fell as an industry report from American Petroleum Institute (API) pointed to a jump in U.S crude inventory, while gold prices dropped as the dollar firmed. The Toronto Stock Exchange's S&P/TSX composite index ended flat on Tuesday as mixed U.S. inflation data stoked worries that price pressures are not cooling as fast as central banks would wish.",Yahoo Canada Finance,tsx futures drop as commodity prices decline,"oil prices fell as an industry report from american petroleum institute api pointed to a jump in u.s crude inventory, while gold prices dropped as the dollar firmed. the toronto stock exchange's s p tsx composite index ended flat on tuesday as mixed u.s. inflation data stoked worries that price pressures are not cooling as fast as central banks would wish."
2023-02-15,GOLD,Gold Rate In Pakistan,"Gold Rate In Pakistan on 15 February is being sold for Rs. 167996 per 10 grams, and the price of Gold is Rs. 195950 per tola in Pakistan ...",Daily Times,gold rate in pakistan,"gold rate in pakistan on 15 february is being sold for rs. 167996 per 10 grams, and the price of gold is rs. 195950 per tola in pakistan ..."
2023-02-15,GOLD,Newcrest share price on watch amid results and takeover rejection,The Newcrest Mining Ltd (ASX: NCM) share price is on watch this morning as the ASX 200 gold miner rejects Newmont’s takeover offer.,The Motley Fool Australia,newcrest share price on watch amid results and takeover rejection,the newcrest mining ltd asx ncm share price is on watch this morning as the asx 200 gold miner rejects newmont s takeover offer.
2023-02-16,GOLD,Evolution Mining share price dives after 50% cut to dividend,The Evolution Mining Ltd (ASX: EVN) share price fell by as much as 7% today after the gold miner released its half-year earnings report.,The Motley Fool Australia,evolution mining share price dives after 50% cut to dividend,the evolution mining ltd asx evn share price fell by as much as 7% today after the gold miner released its half-year earnings report.
2023-02-16,GOLD,Gold Rate In Pakistan,"Gold Rate In Pakistan on 16 February is being sold for Rs. 167996 per 10 grams, and the price of Gold is Rs. 195950 per tola in Pakistan ...",Daily Times,gold rate in pakistan,"gold rate in pakistan on 16 february is being sold for rs. 167996 per 10 grams, and the price of gold is rs. 195950 per tola in pakistan ..."
2023-02-16,GOLD,SGX Nifty to US dollar: Global market triggers that may dictate Dalal Street on Friday - 17th Feb,Gold rates today are under pressure due to continuous rise in US dollar rates against major global currencies,Livemint,sgx nifty to us dollar global market triggers that may dictate dalal street on friday - 17th feb,gold rates today are under pressure due to continuous rise in us dollar rates against major global currencies
2023-02-18,GOLD,Gold Rate In Pakistan,"Gold Rate In Pakistan on 18 February is being sold for Rs. 165886 per 10 grams, and the price of Gold is Rs. 193490 per tola in Pakistan ...",Daily Times,gold rate in pakistan,"gold rate in pakistan on 18 february is being sold for rs. 165886 per 10 grams, and the price of gold is rs. 193490 per tola in pakistan ..."
2023-02-19,GOLD,"Gold rates today under pressure on soaring US dollar, Fed rate hike worries","Gold rates today opened flat in international market and went on to hit intraday low at around $1,837 per ounce",Livemint,"gold rates today under pressure on soaring us dollar, fed rate hike worries","gold rates today opened flat in international market and went on to hit intraday low at around $1,837 per ounce"
2023-02-20,GOLD,Gold Rate In Pakistan,"Gold Rate In Pakistan on 20 February is being sold for Rs. 166924 per 10 grams, and the price of Gold is Rs. 194700 per tola in Pakistan ...",Daily Times,gold rate in pakistan,"gold rate in pakistan on 20 february is being sold for rs. 166924 per 10 grams, and the price of gold is rs. 194700 per tola in pakistan ..."
2023-02-20,GOLD,Northern Star share price falls as half-year earnings decline 12%,The Northern Star Resources Ltd (ASX: NST) share price is down 1.7% on Monday. Here’s what the ASX 200 gold miner reported.,The Motley Fool Australia,northern star share price falls as half-year earnings decline 12%,the northern star resources ltd asx nst share price is down 1.7% on monday. here s what the asx 200 gold miner reported.
2023-02-20,GOLD,"Cheltenham Festival: Willie Mullins reveals all on his team, including Gold Cup favourite Galopin Des Champs!","Galopin Des Champs sole defeat over fences came when falling at the last in last years Cheltenham Festival and remains a red-hot favourite in the Cheltenham Gold Cup; El Fabiolo rates a leading chance in the Arkle, while Energumene is a short price for the Champion Chase",Sky Sports,"cheltenham festival willie mullins reveals all on his team, including gold cup favourite galopin des champs","galopin des champs sole defeat over fences came when falling at the last in last years cheltenham festival and remains a red-hot favourite in the cheltenham gold cup el fabiolo rates a leading chance in the arkle, while energumene is a short price for the champion chase"
2023-02-20,GOLD,Gold Price Forecast - Gold Markets Continue to Hover at 38.2% Fibonacci Level,"Good markets have done very little during the trading session on Monday, which would not be a huge surprise considering that it was Presidents’ Day in the United States.",Yahoo Finance,gold price forecast - gold markets continue to hover at 38.2% fibonacci level,"good markets have done very little during the trading session on monday, which would not be a huge surprise considering that it was presidents day in the united states."
2023-02-21,GOLD,Gold rate in Pakistan today,Gold prices in Pakistan slipped from a one-week high on Wednesday after losing nearly 1% on the rupee's recovery against the US dollar in the interbank market.Data released by the All-Pakistan...,The News International,gold rate in pakistan today,gold prices in pakistan slipped from a one-week high on wednesday after losing nearly 1% on the rupee's recovery against the us dollar in the interbank market.data released by the all-pakistan...
2023-02-21,GOLD,Lauren Price will join Dan Azeez on Tony Yoka vs Carlos Takam bill in Paris live on Sky Sports,Olympic gold medallist Lauren Price will box in Paris on March 11 live on Sky Sports; Price will be in action on the undercard of the Tony Yoka vs Carlos Takam heavyweight clash; Dan Azeezs European light-heavyweight title fight with Thomas Faure will also be on the bill,Sky Sports,lauren price will join dan azeez on tony yoka vs carlos takam bill in paris live on sky sports,olympic gold medallist lauren price will box in paris on march 11 live on sky sports price will be in action on the undercard of the tony yoka vs carlos takam heavyweight clash dan azeezs european light-heavyweight title fight with thomas faure will also be on the bill
2023-02-21,GOLD,"Nirav Modi-owned Firestar Diamond International's Diamonds, Jewellery to Go Under Hammer on Mar 25","Nirav Modi Jewellery Auction: The sale of gold, platinum and diamond jewellery will take place through e-auction on March 25, as per the notice. The reserve price of the items to be auctioned will be declared on the date of the auction",News18,"nirav modi-owned firestar diamond international's diamonds, jewellery to go under hammer on mar 25","nirav modi jewellery auction the sale of gold, platinum and diamond jewellery will take place through e-auction on march 25, as per the notice. the reserve price of the items to be auctioned will be declared on the date of the auction"
2023-02-22,GOLD,Auronum increases gold coin buyback rates as gold bullion demand surges amid high inflation.,The British bullion company Auronum has increased their buy-back rates to the highest they have ever been as demand for physical gold bars and coins soars. Auronum is offering market leading selling rates which is helping to keep their website well-stocked for savers looking to buy gold coins or bullion bars.,Devdiscourse,auronum increases gold coin buyback rates as gold bullion demand surges amid high inflation.,the british bullion company auronum has increased their buy-back rates to the highest they have ever been as demand for physical gold bars and coins soars. auronum is offering market leading selling rates which is helping to keep their website well-stocked for savers looking to buy gold coins or bullion bars.
2023-02-22,GOLD,"Gold price today marginally higher, support for yellow metal at ₹55,500","One can sell gold at ₹56,300 for near term target of 55,800 per 10 gm levels maintaining stop loss at ₹56,650 per 10 gm levels, said an expert",Livemint,"gold price today marginally higher, support for yellow metal at 55,500","one can sell gold at 56,300 for near term target of 55,800 per 10 gm levels maintaining stop loss at 56,650 per 10 gm levels, said an expert"
2023-02-22,GOLD,St Barbara share price plunges after big loss,The beaten down gold miner says there are signs of improvement at its flagship Gwalia mine as Kerry-Stokes backed Genesis Minerals and the banks circle.,Australian Financial Review,st barbara share price plunges after big loss,the beaten down gold miner says there are signs of improvement at its flagship gwalia mine as kerry-stokes backed genesis minerals and the banks circle.
2023-02-22,GOLD,Today Gold price In Pakistan 22 February 2023,"Today Gold price In Pakistan 22 February 2023 Gold Rate in Pakistan today on 22 February 2023 is being sold for Rs. 166924 per 10 grams,",Daily Times,today gold price in pakistan 22 february 2023,"today gold price in pakistan 22 february 2023 gold rate in pakistan today on 22 february 2023 is being sold for rs. 166924 per 10 grams,"
2023-02-23,GOLD,Gold rate slumps in Pakistan as rupee gains upper hand,"Constant recovery of the rupee against the US dollar coupled with the expectation of an interest rate hike pushed down the price of per tola gold by Rs1,000 in Pakistan.According to the data...",The News International,gold rate slumps in pakistan as rupee gains upper hand,"constant recovery of the rupee against the us dollar coupled with the expectation of an interest rate hike pushed down the price of per tola gold by rs1,000 in pakistan.according to the data..."
2023-02-24,GOLD,"Gold price falls over ₹3400 from record high on strong US dollar, hawkish Fed","Gold prices as of now are witnessing a corrective rally and seem vulnerable to further decline, believe experts",Livemint,"gold price falls over 3400 from record high on strong us dollar, hawkish fed","gold prices as of now are witnessing a corrective rally and seem vulnerable to further decline, believe experts"
2023-02-26,GOLD,Daughter of gangster Cornelius Price planning 'greatest send off you'll ever see' when body returns to Ireland for funeral,"It is expected that Price will be given a similar bling funeral to gang boss ‘Fat’ Andy Connors who was buried in a €28,000 gold-plated coffin.",Irish Mirror,daughter of gangster cornelius price planning 'greatest send off you'll ever see' when body returns to ireland for funeral,"it is expected that price will be given a similar bling funeral to gang boss fat andy connors who was buried in a 28,000 gold-plated coffin."
2023-02-26,GOLD,"Gold rates today hover near 2-month low on strong dollar, US Fed rate hike fear","Gold price today has immediate support placed at $1,785 to $1,780 per ounce levels in international spot market",Livemint,"gold rates today hover near 2-month low on strong dollar, us fed rate hike fear","gold price today has immediate support placed at $1,785 to $1,780 per ounce levels in international spot market"
2023-02-27,GOLD,Central Bank Digital Currencies Are Off to a Rough Start,"Market Overview Analysis by Frank Holmes covering: XAU/USD, XAG/USD, USD/NGN, Gold Futures. Read Frank Holmes's latest article on Investing.com",Investing.com,central bank digital currencies are off to a rough start,"market overview analysis by frank holmes covering xau usd, xag usd, usd ngn, gold futures. read frank holmes's latest article on investing.com"
2023-02-28,GOLD,Gold Rate In Pakistan,"Gold Rate In Pakistan on 28 February is being sold for Rs. 165724 per 10 grams, and the price of Gold is Rs. 193300 per tola in Pakistan ...",Daily Times,gold rate in pakistan,"gold rate in pakistan on 28 february is being sold for rs. 165724 per 10 grams, and the price of gold is rs. 193300 per tola in pakistan ..."
2023-03-01,GOLD,Gold Rate In Pakistan,"Gold Rate In Pakistan on 1 March is being sold for Rs. 167635 per 10 grams, and the price of Gold is Rs. 195530 per tola in Pakistan ...",Daily Times,gold rate in pakistan,"gold rate in pakistan on 1 march is being sold for rs. 167635 per 10 grams, and the price of gold is rs. 195530 per tola in pakistan ..."
2023-03-01,GOLD,Why are ASX 200 mining shares leading the market today?,"The top 5 ASX 200 shares today are all from the mining sector, led by ASX gold share Ramelius Resources Ltd (ASX: RMS), up 6.15%.",The Motley Fool Australia,why are asx 200 mining shares leading the market today,"the top 5 asx 200 shares today are all from the mining sector, led by asx gold share ramelius resources ltd asx rms , up 6.15%."
2023-03-01,GOLD,Shark Tank's Kevin O'Leary Says Energy Stocks Are the New Gold,"""Everyone hates energy. If you didn't own energy in the last 18 months, you missed the market,"" Shark Tank's Kevin O'Leary said.",Markets Insider,shark tank's kevin o'leary says energy stocks are the new gold,"everyone hates energy. if you didn't own energy in the last 18 months, you missed the market, shark tank's kevin o'leary said."
2023-03-02,GOLD,Stocks vs gold vs MF vs FD: Which investment is better amid market volatility,"Stocks, gold, mutual funds or fixed deposits: Livemint spoke to 3 experts to know which investment tool is better",Livemint,stocks vs gold vs mf vs fd which investment is better amid market volatility,"stocks, gold, mutual funds or fixed deposits livemint spoke to 3 experts to know which investment tool is better"
2023-03-02,GOLD,Why central banks bought record amounts of gold,World Gold Council chairman expects rise in gold price in 2023,Vancouver Is Awesome,why central banks bought record amounts of gold,world gold council chairman expects rise in gold price in 2023
2023-03-02,GOLD,Gold Rate In Pakistan,"Gold Rate In Pakistan on 2 March is being sold for Rs. 171725 per 10 grams, and the price of Gold is Rs. 200300 per tola in Pakistan ...",Daily Times,gold rate in pakistan,"gold rate in pakistan on 2 march is being sold for rs. 171725 per 10 grams, and the price of gold is rs. 200300 per tola in pakistan ..."
2023-03-03,GOLD,"Women's Day: Sovereign gold bonds, NPS, mutual funds three options to suit your investment goals","Priti Rathi Gupta, Founder of LXME explained that firstly, you should not be worried about the short-term market movements but rather focus on your financial goal. In order to become a SMART investor, each of your investments should be tied down to your financial goals.",Livemint,"women's day sovereign gold bonds, nps, mutual funds three options to suit your investment goals","priti rathi gupta, founder of lxme explained that firstly, you should not be worried about the short-term market movements but rather focus on your financial goal. in order to become a smart investor, each of your investments should be tied down to your financial goals."
2023-03-03,GOLD,Booming Balcatta: House sells for record $2.2 million in northern suburb,"Once best known for its market gardens and its somewhat less picturesque industrial zone, the northern suburb has struck gold in the property market.",PerthNow,booming balcatta house sells for record $2.2 million in northern suburb,"once best known for its market gardens and its somewhat less picturesque industrial zone, the northern suburb has struck gold in the property market."
2023-03-03,GOLD,"Gold price falls to Rs200,000 per tola in Pakistan",Gold rate fell for the second consecutive trading session in Pakistan on Saturday in hopes of further recovery of the local currency against the US dollar — which gained over 2% in the last...,The News International,"gold price falls to rs200,000 per tola in pakistan",gold rate fell for the second consecutive trading session in pakistan on saturday in hopes of further recovery of the local currency against the us dollar which gained over 2% in the last...
2023-03-03,GOLD,Gold price rebounds from 2-month low. Should you buy or wait for next sell off?,"Gold rates today has immediate support placed at ₹55,300 per 10 gm in domestic market, say experts",Livemint,gold price rebounds from 2-month low. should you buy or wait for next sell off,"gold rates today has immediate support placed at 55,300 per 10 gm in domestic market, say experts"
2023-03-03,GOLD,Lauren Price beat the most fearsome puncher in Olympic boxing last time she fought in Paris | 'Nothing was going to stop us!',Lauren Price is back in action in Paris on March 11 live on Sky Sports; the last time she boxed in the French capital she won a crucial battle with huge Russian puncher Zemfira Magomedalieva that set Price on the path towards her Olympic gold medal triumph,Sky Sports,lauren price beat the most fearsome puncher in olympic boxing last time she fought in paris 'nothing was going to stop us ',lauren price is back in action in paris on march 11 live on sky sports the last time she boxed in the french capital she won a crucial battle with huge russian puncher zemfira magomedalieva that set price on the path towards her olympic gold medal triumph
2023-03-04,GOLD,"Sovereign gold bond 2022-23: Series IV to open tomorrow. Check issue price, other details","The tenure of the SGB will be for eight years with an option of premature redemption after 5th year to be exercised on the date on which interest is payable.. The minimum permissible investment will be One gram of gold, while the maximum limit is 4 kg.",Livemint,"sovereign gold bond 2022-23 series iv to open tomorrow. check issue price, other details","the tenure of the sgb will be for eight years with an option of premature redemption after 5th year to be exercised on the date on which interest is payable.. the minimum permissible investment will be one gram of gold, while the maximum limit is 4 kg."
2023-03-04,GOLD,Gold Rate In Pakistan,"Gold Rate In Pakistan on 4 March is being sold for Rs. 172754 per 10 grams, and the price of Gold is Rs. 201500 per tola in Pakistan ...",Daily Times,gold rate in pakistan,"gold rate in pakistan on 4 march is being sold for rs. 172754 per 10 grams, and the price of gold is rs. 201500 per tola in pakistan ..."
2023-03-04,GOLD,"Audley Harrison has been KO'd by Deontay Wilder, David Haye and David Price",Audley Harrison was on the wrong end of a knockout punch on more than a few occasions in his boxing career.An Olympic gold medallist at Sydney in 2000,talkSPORT.com,"audley harrison has been ko'd by deontay wilder, david haye and david price",audley harrison was on the wrong end of a knockout punch on more than a few occasions in his boxing career.an olympic gold medallist at sydney in 2000
2023-03-05,GOLD,Gold Rate In Pakistan,"Gold Rate In Pakistan on 5 March is being sold for Rs. 172754 per 10 grams, and the price of Gold is Rs. 201500 per tola in Pakistan ...",Daily Times,gold rate in pakistan,"gold rate in pakistan on 5 march is being sold for rs. 172754 per 10 grams, and the price of gold is rs. 201500 per tola in pakistan ..."
2023-03-06,GOLD,Today Gold price in Pakistan - 6 March 2023,"Gold Rate in Pakistan Today on 6 March 2023 is Rs. 196,000 per Today Gold price in Pakistan – 6 March 2023...",Daily Times,today gold price in pakistan - 6 march 2023,"gold rate in pakistan today on 6 march 2023 is rs. 196,000 per today gold price in pakistan 6 march 2023..."
2023-03-06,GOLD,China Sets Conservative Growth Target as Challenges Loom -- Commodities Roundup,MARKET MOVEMENTS: -- Brent crude oil is 1.4% lower at $84.61 a barrel. -- European benchmark gas falls 4.5% to EUR 43 a megawatt hour. -- Gold futures are up...,MarketWatch,china sets conservative growth target as challenges loom -- commodities roundup,market movements -- brent crude oil is 1.4% lower at $84.61 a barrel. -- european benchmark gas falls 4.5% to eur 43 a megawatt hour. -- gold futures are up...
2023-03-07,GOLD,Lauren Price's path from taxi driving to Olympic champ | 'I never thought I'd have that gold medal round my neck',"Lauren Price battled for her childhood in her career that has already seen her excel in football, kickboxing and amateur boxing; She is now pursuing a professional world title and fights former European title challenger Naomi Mannes in Paris on Saturday, live on Sky Sports",Sky Sports,lauren price's path from taxi driving to olympic champ 'i never thought i'd have that gold medal round my neck',"lauren price battled for her childhood in her career that has already seen her excel in football, kickboxing and amateur boxing she is now pursuing a professional world title and fights former european title challenger naomi mannes in paris on saturday, live on sky sports"
2023-03-07,GOLD,Markets Continue to Flirt With Risk-on Signals,"Market Overview Analysis by James Picerno covering: SPDR® S&P 500, SPDR® Gold Shares, SPDR® S&P Homebuilders ETF, United States Copper Index Fund, LP. Read James Picerno's latest article on Investing.com",Investing.com,markets continue to flirt with risk-on signals,"market overview analysis by james picerno covering spdr s p 500, spdr gold shares, spdr s p homebuilders etf, united states copper index fund, lp. read james picerno's latest article on investing.com"
2023-03-09,GOLD,Gold price increases by Rs200 per tola in Pakistan,Gold rate decreased Thursday after the Pakistani rupee gained ground against the dollar amid an increase in the supply of the greenback in the local market.According to All-Pakistan Sarafa Gems and...,The News International,gold price increases by rs200 per tola in pakistan,gold rate decreased thursday after the pakistani rupee gained ground against the dollar amid an increase in the supply of the greenback in the local market.according to all-pakistan sarafa gems and...
2023-03-10,GOLD,Gold bounces back in line with international market,"Gold price in Pakistan regained its shine on Saturday as the rate rose over Rs1,000 in the local bullion market owing to a significant surge in the international market.According to All-Pakistan...",The News International,gold bounces back in line with international market,"gold price in pakistan regained its shine on saturday as the rate rose over rs1,000 in the local bullion market owing to a significant surge in the international market.according to all-pakistan..."
2023-03-10,GOLD,Gold price rebounds as US dollar retraces from 3-month high. Should you buy?,"Gold rate today has immediate support placed at ₹55,200 per 10 gm levels on MCX, believe experts",Livemint,gold price rebounds as us dollar retraces from 3-month high. should you buy,"gold rate today has immediate support placed at 55,200 per 10 gm levels on mcx, believe experts"
2023-03-10,GOLD,Cheltenham Festival Gold Cup offer: Get A Plus Tard to win (150/1) or Noble Yeats to win (150/1) with William Hill,"The Cheltenham Festival is days away with the showpiece of the week the Gold Cup on Friday, March 17.And William Hill have enhanced the price on eithe",talkSPORT.com,cheltenham festival gold cup offer get a plus tard to win 150 1 or noble yeats to win 150 1 with william hill,"the cheltenham festival is days away with the showpiece of the week the gold cup on friday, march 17.and william hill have enhanced the price on eithe"
2023-03-11,GOLD,Gold rate today surges on ease in dollar index. Should you buy in this rally?,"Gold rate today is expected to trade in $1,810 to $1,860 per ounce range till US non-farm payroll data is announced, believe bullion market experts",Livemint,gold rate today surges on ease in dollar index. should you buy in this rally,"gold rate today is expected to trade in $1,810 to $1,860 per ounce range till us non-farm payroll data is announced, believe bullion market experts"
2023-03-11,GOLD,Lauren Price dominates Naomi Mannes in Paris | Macaulay McGowan held to controversial draw against Farrhad Saad,"Lauren Price shows her quality as the Olympic gold medallist outclasses Naomi Mannes; Macauley McGowan held to contentious draw by Farrhad Saad on Tony Yoka vs Carlos Takam undercard in Paris, watch live on Sky Sports",Sky Sports,lauren price dominates naomi mannes in paris macaulay mcgowan held to controversial draw against farrhad saad,"lauren price shows her quality as the olympic gold medallist outclasses naomi mannes macauley mcgowan held to contentious draw by farrhad saad on tony yoka vs carlos takam undercard in paris, watch live on sky sports"
2023-03-12,GOLD,Daughter of dead mobster Cornelius Price offers reward for return of one of his gold rings,"The family are offering a €3,000 reward for its return",Irish Mirror,daughter of dead mobster cornelius price offers reward for return of one of his gold rings,"the family are offering a 3,000 reward for its return"
2023-03-13,GOLD,"Gold price can peak to ₹60,000 this year. Here's when, say experts","Gold rate today has immediate support placed at $1,880 per ounce levels, say experts",Livemint,"gold price can peak to 60,000 this year. here's when, say experts","gold rate today has immediate support placed at $1,880 per ounce levels, say experts"
2023-03-14,GOLD,Rode NT1 5th Generation review - the studio gold standard,"The Rode NT1 5th Generation is the best version of the classic studio mic yet, offering much more than its price tag suggests.",TechRadar,rode nt1 5th generation review - the studio gold standard,"the rode nt1 5th generation is the best version of the classic studio mic yet, offering much more than its price tag suggests."
2023-03-14,GOLD,"Tuesday’s TSX breakouts: The collapse of two U.S. banks lifts gold stocks, including this strong performer","Year-to-date, this miner’s share price is up 15 per cent",The Globe and Mail,"tuesday s tsx breakouts the collapse of two u.s. banks lifts gold stocks, including this strong performer","year-to-date, this miner s share price is up 15 per cent"
2023-03-15,GOLD,Market Turmoil Has Helped Gold. Now Inflation Could Too.,"Gold is a haven in uncertain times. The price of futures for March delivery had its best day since January last Thursday, as worry grew over SVB Financial.",Barron's,market turmoil has helped gold. now inflation could too.,"gold is a haven in uncertain times. the price of futures for march delivery had its best day since january last thursday, as worry grew over svb financial."
2023-03-15,GOLD,Gold rates today near life-time peak. Silver price at 5-week high. Buy or sell?,"Gold rate today has support placed at ₹57,650 per 10 gm levels, say commodity market experts",Livemint,gold rates today near life-time peak. silver price at 5-week high. buy or sell,"gold rate today has support placed at 57,650 per 10 gm levels, say commodity market experts"
2023-03-15,GOLD,"Global market: SGX Nifty, gold price to Credit Suisse share price - key factors that you should know","SGX Nifty today opened lower but soon catch momentum and hit intraday high of 17,144",Livemint,"global market sgx nifty, gold price to credit suisse share price - key factors that you should know","sgx nifty today opened lower but soon catch momentum and hit intraday high of 17,144"
2023-03-15,GOLD,"Gold price surges by Rs1,100 per tola in Pakistan","Gold prices in Pakistan continued to extend gains on Thursday as the per-tola rate rose by over Rs1,000 in line with the international market as rising inflation boosts its appeal.According to data...",The News International,"gold price surges by rs1,100 per tola in pakistan","gold prices in pakistan continued to extend gains on thursday as the per-tola rate rose by over rs1,000 in line with the international market as rising inflation boosts its appeal.according to data..."
2023-03-15,GOLD,Bengaluru: Railway constables arrested for extorting 2 kg gold,"Two railway policemen from Vijayapura district and a former jewellery store employee were arrested for extorting 2.2 kg of gold from Bengaluru’s bullion hub. On March 12, the two men cgold worth Rs 1.1 crore from Abdul Razzak, 29, and Mallaiah, 50, who were in Bengaluru to buy the precious metal from Raja Market near Avenue Road. Razzak works for Mohammed Khadir, a",Deccan Herald,bengaluru railway constables arrested for extorting 2 kg gold,"two railway policemen from vijayapura district and a former jewellery store employee were arrested for extorting 2.2 kg of gold from bengaluru s bullion hub. on march 12, the two men cgold worth rs 1.1 crore from abdul razzak, 29, and mallaiah, 50, who were in bengaluru to buy the precious metal from raja market near avenue road. razzak works for mohammed khadir, a"
2023-03-16,GOLD,Guinness-loving horse bought for less than price of a cow is on course for Cheltenham Gold Cup glory on St Patrick’s Day,"A GUINNESS-loving horse bought for less than the price of a cow is on course for a taste of Cheltenham Gold Cup glory on St Patrick’s Day.Hewick, wh",The Irish Sun,guinness-loving horse bought for less than price of a cow is on course for cheltenham gold cup glory on st patrick s day,"a guinness-loving horse bought for less than the price of a cow is on course for a taste of cheltenham gold cup glory on st patrick s day.hewick, wh"
2023-03-16,GOLD,How much is gold worth?,What's the spot price of gold and how does that compare to historical prices? This is what to know now.,CBS News,how much is gold worth,what's the spot price of gold and how does that compare to historical prices this is what to know now.
2023-03-16,GOLD,"Gold price rises for sixth session, rate surges above Rs204,000 per tola","Gold edged lower on Friday, extending gains to a sixth straight session, as deteriorating economic indicators bolstered demand for the precious commodity.According to the data released by...",The News International,"gold price rises for sixth session, rate surges above rs204,000 per tola","gold edged lower on friday, extending gains to a sixth straight session, as deteriorating economic indicators bolstered demand for the precious commodity.according to the data released by..."
2023-03-16,GOLD,Why is the De Grey share price smashing the ASX 200 on Thursday?,The De Grey Mining Limited (ASX: DEG) share price is smashing the market today. What's going so right for this ASX 200 gold share?,The Motley Fool Australia,why is the de grey share price smashing the asx 200 on thursday,the de grey mining limited asx deg share price is smashing the market today. what's going so right for this asx 200 gold share
2023-03-17,GOLD,Gold price rises by 2% in Pakistan,"In view of the ongoing political unrest in the country, the price of per-tola gold surged by 2% as investors flee to safe-haven assets.According to data released by All-Pakistan Sarafa Gems and...",The News International,gold price rises by 2% in pakistan,"in view of the ongoing political unrest in the country, the price of per-tola gold surged by 2% as investors flee to safe-haven assets.according to data released by all-pakistan sarafa gems and..."
2023-03-17,GOLD,Cheltenham Festival offer: Rachael Blackmore to win Gold Cup 150/1 on William Hill,"The Cheltenham Festival is days away with the highlight of the week the coveted Gold Cup on Friday, March 17.And William Hill have enhanced the price",talkSPORT.com,cheltenham festival offer rachael blackmore to win gold cup 150 1 on william hill,"the cheltenham festival is days away with the highlight of the week the coveted gold cup on friday, march 17.and william hill have enhanced the price"
2023-03-17,GOLD,Willie Mullins to have a winning horse now 35/1 with William Hill,"The Cheltenham Festival is approaching and the unrivalled Gold Cup caps it all off on Friday, March 17.And William Hill have enhanced the price on the",talkSPORT.com,willie mullins to have a winning horse now 35 1 with william hill,"the cheltenham festival is approaching and the unrivalled gold cup caps it all off on friday, march 17.and william hill have enhanced the price on the"
2023-03-17,GOLD,"Gold price climbs to life-time high on bank crisis in US. Sell, hold or buy?","Gold rate today is comfortably placed above its previous crucial hurdle of $1,930 per ounce , believe experts",Livemint,"gold price climbs to life-time high on bank crisis in us. sell, hold or buy","gold rate today is comfortably placed above its previous crucial hurdle of $1,930 per ounce , believe experts"
2023-03-20,GOLD,Gold rate today around ₹60K. Can the rally continue with FOMC meeting in focus?,"Gold prices are expected to follow US Fed's statement on bank crisis in US rather interest rates, believe market experts",Livemint,gold rate today around 60k. can the rally continue with fomc meeting in focus,"gold prices are expected to follow us fed's statement on bank crisis in us rather interest rates, believe market experts"
2023-03-20,GOLD,Insolvent Banks and Stock Volatility: Ingredients for a Bull Run in Bitcoin?,"Market Overview Analysis by Calogero Selvaggio/Investing.com covering: S&P 500, Gold Futures, SVB Financial Group, CBOE Volatility Index. Read Calogero Selvaggio/Investing.com's latest article on Investing.com",Investing.com,insolvent banks and stock volatility ingredients for a bull run in bitcoin,"market overview analysis by calogero selvaggio investing.com covering s p 500, gold futures, svb financial group, cboe volatility index. read calogero selvaggio investing.com's latest article on investing.com"
2023-03-20,GOLD,The Fed’s Got Inflation Backwards,"Market Overview Analysis by Seth Levine covering: XAU/USD, Gold Futures, Crude Oil WTI Futures, SPDR® Gold Shares. Read Seth Levine's latest article on Investing.com",Investing.com,the fed s got inflation backwards,"market overview analysis by seth levine covering xau usd, gold futures, crude oil wti futures, spdr gold shares. read seth levine's latest article on investing.com"
2023-03-20,GOLD,Gold Prices Set to Skyrocket,"Market Overview Analysis by Michele Schneider covering: XAU/USD, Invesco QQQ Trust, US Dollar Index Futures, Gold Futures. Read Michele Schneider's latest article on Investing.com",Investing.com,gold prices set to skyrocket,"market overview analysis by michele schneider covering xau usd, invesco qqq trust, us dollar index futures, gold futures. read michele schneider's latest article on investing.com"
2023-03-20,GOLD,Gold rate sees massive decline in Pakistan,"Gold extended losses into a second session on Tuesday, closing slightly above the threshold of Rs204,000 per tola in line with price movement in the international market.The price of gold fell by...",The News International,gold rate sees massive decline in pakistan,"gold extended losses into a second session on tuesday, closing slightly above the threshold of rs204,000 per tola in line with price movement in the international market.the price of gold fell by..."
2023-03-21,GOLD,"Gold price falls by Rs2,300 per tola","For the third straight session, the rate of gold fell in Pakistan on Wednesday as the rupee gained ground against the dollar, prompting investors to shift their focus.The price of gold plunged by...",The News International,"gold price falls by rs2,300 per tola","for the third straight session, the rate of gold fell in pakistan on wednesday as the rupee gained ground against the dollar, prompting investors to shift their focus.the price of gold plunged by..."
2023-03-21,GOLD,Gold price rises above $US2000 amid banking crisis,Gold prices reached all-time highs in some currencies as investors flooded into the safe haven metal amid turmoil in the global banking sector.,Australian Financial Review,gold price rises above $us2000 amid banking crisis,gold prices reached all-time highs in some currencies as investors flooded into the safe haven metal amid turmoil in the global banking sector.
2023-03-21,GOLD,"Gold hovers close to $2,000 amid market turmoil",Yahoo Finance’s Ines Ferre joins the Live show to discuss how investors are reacting to gold following turmoil across the U.S. banking sector.,Yahoo Canada Finance,"gold hovers close to $2,000 amid market turmoil",yahoo finance s ines ferre joins the live show to discuss how investors are reacting to gold following turmoil across the u.s. banking sector.
2023-03-22,GOLD,Gold price jumps as US dollar hits 7-week low on US Fed rate hike. Silver rates today at 7-week high,"Gold rate today is facing immediate hurdle at $1,980 per ounce levels while silver rate today has immediate resistance at ₹70,500 per kg levels, say experts",Livemint,gold price jumps as us dollar hits 7-week low on us fed rate hike. silver rates today at 7-week high,"gold rate today is facing immediate hurdle at $1,980 per ounce levels while silver rate today has immediate resistance at 70,500 per kg levels, say experts"
2023-03-22,GOLD,Investors Anticipate Risk-On Signals in Tomorrow's Fed Meeting: Are They Wrong?,"Market Overview Analysis by Francesco Casarella/Investing.com covering: XAU/USD, XAG/USD, Gold Futures, Silver Futures. Read Francesco Casarella/Investing.com's latest article on Investing.com",Investing.com,investors anticipate risk-on signals in tomorrow's fed meeting are they wrong,"market overview analysis by francesco casarella investing.com covering xau usd, xag usd, gold futures, silver futures. read francesco casarella investing.com's latest article on investing.com"
2023-03-23,GOLD,"Shinier Zomato Gold, better commissions makes analysts bullish in the long term",Refreshed Zomato Gold plans place the company in a better position against rival Swiggy as it seeks to gain more market share.Despite the near-term headwinds,Business Insider India,"shinier zomato gold, better commissions makes analysts bullish in the long term",refreshed zomato gold plans place the company in a better position against rival swiggy as it seeks to gain more market share.despite the near-term headwinds
2023-03-23,GOLD,How Did This Happen? Stock Market and Sentiment Results,"Market Overview Analysis by Thomas Hayes covering: XAU/USD, Gold Futures, SPDR® Gold Shares, ProShares UltraShort Gold. Read Thomas Hayes's latest article on Investing.com",Investing.com,how did this happen stock market and sentiment results,"market overview analysis by thomas hayes covering xau usd, gold futures, spdr gold shares, proshares ultrashort gold. read thomas hayes's latest article on investing.com"
2023-03-23,GOLD,Gold rallies as Fed hints at rate hike pause; Goldman raises price forecast,"Gold futures are rising, helped by declines in the U.S. dollar and Treasury yields after the Federal Reserve raised rates by 25 basis points but indicated it might pause its tightening cycle",Seeking Alpha,gold rallies as fed hints at rate hike pause goldman raises price forecast,"gold futures are rising, helped by declines in the u.s. dollar and treasury yields after the federal reserve raised rates by 25 basis points but indicated it might pause its tightening cycle"
2023-03-23,GOLD,Gold price climbs Rs 450; silver zooms Rs 815,"In the overseas markets, both gold and silver were trading higher at USD 1,975 per ounce and USD 22.84 per ounce, respectively.",The Indian Express,gold price climbs rs 450 silver zooms rs 815,"in the overseas markets, both gold and silver were trading higher at usd 1,975 per ounce and usd 22.84 per ounce, respectively."
2023-03-23,GOLD,"Lithium price correction drags shares lower, investors buy gold, bonds",A rotation out of 2022’s market darlings gathered pace on Thursday as lithium prices sank and investors bought gold and bonds after the US Fed lifted rates.,Australian Financial Review,"lithium price correction drags shares lower, investors buy gold, bonds",a rotation out of 2022 s market darlings gathered pace on thursday as lithium prices sank and investors bought gold and bonds after the us fed lifted rates.
2023-03-23,GOLD,ASX 200 gold shares are defying today’s sell-off. Here’s why,S&P/ASX 200 Index (ASX: XJO) gold shares are defying the broader market sell-off today and marching higher. Here’s what you need to know.,The Motley Fool Australia,asx 200 gold shares are defying today s sell-off. here s why,s p asx 200 index asx xjo gold shares are defying the broader market sell-off today and marching higher. here s what you need to know.
2023-03-24,GOLD,"Today’s Latest Business News, Finance and Share Market News at 5:30 pm on 24 March 2023","Listen to the latest business, finance and economy news where we talk about the STT hike on F&O, India’s current account deficit, Twitter to begin removing blue verified badges, gold price today, and Cathie Wood buying Block shares during Hindenburg-fueled plunge. We also talk about how Bharti Airtel overtook Reliance Jio in 5G roll-out.",The Indian Express,"today s latest business news, finance and share market news at 5 30 pm on 24 march 2023","listen to the latest business, finance and economy news where we talk about the stt hike on f o, india s current account deficit, twitter to begin removing blue verified badges, gold price today, and cathie wood buying block shares during hindenburg-fueled plunge. we also talk about how bharti airtel overtook reliance jio in 5g roll-out."
2023-03-24,GOLD,Gold Rate In Pakistan,"Gold Rate In Pakistan on 24 March is being sold for Rs. 173611 per 10 grams, and the price of Gold is Rs. 202500 per tola in Pakistan ...",Daily Times,gold rate in pakistan,"gold rate in pakistan on 24 march is being sold for rs. 173611 per 10 grams, and the price of gold is rs. 202500 per tola in pakistan ..."
2023-03-24,GOLD,"Gold price dips as US dollar rebounds from 7-week low. Buy, hold or exit?","Gold rate today is dictated by the US dollar rate and bank crisis in US, believe experts",Livemint,"gold price dips as us dollar rebounds from 7-week low. buy, hold or exit","gold rate today is dictated by the us dollar rate and bank crisis in us, believe experts"
2023-03-25,GOLD,"10 grams of 24-carat sold at Rs 59,840; check rates in cities","Gold price today, 25 March - In Pune and Hyderabad, 10 grams of 22-carat purity is priced at Rs 54,850 while 10 grams of 24-carat gold is valued at Rs 59,840 in these two cities.",Firstpost,"10 grams of 24-carat sold at rs 59,840 check rates in cities","gold price today, 25 march - in pune and hyderabad, 10 grams of 22-carat purity is priced at rs 54,850 while 10 grams of 24-carat gold is valued at rs 59,840 in these two cities."
2023-03-25,GOLD,Gold Rate In Pakistan,"Gold Rate In Pakistan on 25 March is being sold for Rs. 173611 per 10 grams, and the price of Gold is Rs. 202500 per tola in Pakistan ...",Daily Times,gold rate in pakistan,"gold rate in pakistan on 25 march is being sold for rs. 173611 per 10 grams, and the price of gold is rs. 202500 per tola in pakistan ..."
2023-03-26,GOLD,"Gold falls below Rs205,000 mark in Pakistan","Extending its losses for a second trading day, the gold price on Monday fell below Rs205,000 as the euphoria over the International Monetary Fund deal fizzled and investors shifted their...",The News International,"gold falls below rs205,000 mark in pakistan","extending its losses for a second trading day, the gold price on monday fell below rs205,000 as the euphoria over the international monetary fund deal fizzled and investors shifted their..."
2023-03-26,GOLD,Gold price dips on physical market adjustment. Should you buy for fresh rally?,"Gold rate today is in $1,920 to $2,010 per ounce range",Livemint,gold price dips on physical market adjustment. should you buy for fresh rally,"gold rate today is in $1,920 to $2,010 per ounce range"
2023-03-27,GOLD,4 Asset Classes Likely to Benefit from the End of Fed Hikes,"Market Overview Analysis by Francesco Casarella/Investing.com covering: XAU/USD, XAG/USD, Gold Futures, Silver Futures. Read Francesco Casarella/Investing.com's latest article on Investing.com",Investing.com,4 asset classes likely to benefit from the end of fed hikes,"market overview analysis by francesco casarella investing.com covering xau usd, xag usd, gold futures, silver futures. read francesco casarella investing.com's latest article on investing.com"
2023-03-27,GOLD,"Gold rate today jumps after SVB First Citizens Bank deal. Experts give buy tag with ₹68,000 target for long term","Gold rate today is finding it hard to sustain above $2,000 levels in international market and ₹60,000 levels on MCX, say experts",Livemint,"gold rate today jumps after svb first citizens bank deal. experts give buy tag with 68,000 target for long term","gold rate today is finding it hard to sustain above $2,000 levels in international market and 60,000 levels on mcx, say experts"
2023-03-27,GOLD,"Gold recovers lost sheen, bounces back above Rs205,000 per tola level","Gold rose on Tuesday, climbing back to the Rs205,000 per tola level as delay in the revival of the International Monetary Fund programme kept the currency market in check bolstering the appeal of...",The News International,"gold recovers lost sheen, bounces back above rs205,000 per tola level","gold rose on tuesday, climbing back to the rs205,000 per tola level as delay in the revival of the international monetary fund programme kept the currency market in check bolstering the appeal of..."
2023-03-27,GOLD,These are the ASX gold shares I’d buy amid the banking squeeze,There is so much volatility on the global share market that gold ASX shares could be a good way to achieve stability.,The Motley Fool Australia,these are the asx gold shares i d buy amid the banking squeeze,there is so much volatility on the global share market that gold asx shares could be a good way to achieve stability.
2023-03-27,GOLD,"Gold price today: 10 grams of 24-carat sold at Rs 59,730; silver at Rs 73,300 per kilo","According to the MCX data, gold futures fell by 0.4 per cent to Rs 59,035 and silver futures dropped by 0.25 per cent to stand at Rs 70,233",Firstpost,"gold price today 10 grams of 24-carat sold at rs 59,730 silver at rs 73,300 per kilo","according to the mcx data, gold futures fell by 0.4 per cent to rs 59,035 and silver futures dropped by 0.25 per cent to stand at rs 70,233"
2023-03-27,GOLD,Go for gold: Advisors name 2 ASX 200 shares to pounce on,"These are both in the preeminent Australian market index, but are not names investors hear much about.",The Motley Fool Australia,go for gold advisors name 2 asx 200 shares to pounce on,"these are both in the preeminent australian market index, but are not names investors hear much about."
2023-03-28,GOLD,Miki House taps 'Made in Japan' appeal for $760 kids pyjamas as home market shrinks,"Japan's Miki House, a maker of luxury baby and children's goods in a country with ever-fewer births, is looking overseas for both production and customers for products like its 100,000 yen ($760.40) Gold Label brand pyjamas.",Reuters,miki house taps 'made in japan' appeal for $760 kids pyjamas as home market shrinks,"japan's miki house, a maker of luxury baby and children's goods in a country with ever-fewer births, is looking overseas for both production and customers for products like its 100,000 yen $760.40 gold label brand pyjamas."
2023-03-28,GOLD,3 Gold Stocks to Buy as the Materials Sector Rallies,Three gold stocks have surged from 9% to as high as 30% in the last 30 days as the materials market gains momentum and strength.,The Motley Fool Canada,3 gold stocks to buy as the materials sector rallies,three gold stocks have surged from 9% to as high as 30% in the last 30 days as the materials market gains momentum and strength.
2023-03-28,GOLD,Gold price today: Rates see a fall in major cities; check latest prices,"According to the MCX data, the gold futures rose 0.15 per cent to stand at Rs 58,615 and silver futures went up by 0.06 per cent to trade at Rs 69,965",Firstpost,gold price today rates see a fall in major cities check latest prices,"according to the mcx data, the gold futures rose 0.15 per cent to stand at rs 58,615 and silver futures went up by 0.06 per cent to trade at rs 69,965"
2023-03-28,GOLD,Gold Rate In Pakistan,"Gold Rate In Pakistan on 28 March is being sold for Rs. 175111 per 10 grams, and the price of Gold is Rs. 204250 per tola in Pakistan ...",Daily Times,gold rate in pakistan,"gold rate in pakistan on 28 march is being sold for rs. 175111 per 10 grams, and the price of gold is rs. 204250 per tola in pakistan ..."
2023-03-28,GOLD,"‘Markets seem to be losing their faith in Jerome Powell,’ strategist says","State Street Global Advisors Chief Gold Strategist George Milling-Stanley joins Yahoo Finance Live to discuss the benefits of investing in gold, market uncertainty, Fed expectations, and the outlook for investors.",Yahoo Canada Finance,"markets seem to be losing their faith in jerome powell, strategist says","state street global advisors chief gold strategist george milling-stanley joins yahoo finance live to discuss the benefits of investing in gold, market uncertainty, fed expectations, and the outlook for investors."
2023-03-29,GOLD,Gold price rises in Pakistan,"Gold prices pared gains on Thursday, having risen over Rs3,000 per tola on a softer rupee, as an appreciation of local currency pulled bullion back slightly.Data released by All-Pakistan Sarafa Gems...",The News International,gold price rises in pakistan,"gold prices pared gains on thursday, having risen over rs3,000 per tola on a softer rupee, as an appreciation of local currency pulled bullion back slightly.data released by all-pakistan sarafa gems..."
2023-03-29,GOLD,"Lauren Price could fight for a world title this year | She can go to Claressa Shields' level, says Ben Shalom","Olympic gold medallist Lauren Price boxes next on May 6 in Birmingham, live on Sky Sports; promoter Ben Shalom believes Price will get a world title before the end of 2023: We really believe that she is out of this world so she needs to take fights that other fighters would never take",Sky Sports,"lauren price could fight for a world title this year she can go to claressa shields' level, says ben shalom","olympic gold medallist lauren price boxes next on may 6 in birmingham, live on sky sports promoter ben shalom believes price will get a world title before the end of 2023 we really believe that she is out of this world so she needs to take fights that other fighters would never take"
2023-03-30,GOLD,Why are ASX 200 gold shares like Newcrest being thumped on Thursday?,"ASX 200 gold shares are trailing the market today, despite massive gains in other sectors. Here's why investors might be selling.",The Motley Fool Australia,why are asx 200 gold shares like newcrest being thumped on thursday,"asx 200 gold shares are trailing the market today, despite massive gains in other sectors. here's why investors might be selling."
2023-03-30,GOLD,Bitcoin: Every Pullback Is a Buying Opportunity,"Market Analysis by Florian Grummes covering: XAU/USD, XAG/USD, Gold Futures, Silver Futures. Read Florian Grummes's Market Analysis on Investing.com",Investing.com,bitcoin every pullback is a buying opportunity,"market analysis by florian grummes covering xau usd, xag usd, gold futures, silver futures. read florian grummes's market analysis on investing.com"
2023-03-30,GOLD,Gold rates today near $2000 on soft US dollar. Will it climb to a new peak?,"Gold price may become highly bullish after breaching immediate hurdle placed at $2,000 levels, believe experts",Livemint,gold rates today near $2000 on soft us dollar. will it climb to a new peak,"gold price may become highly bullish after breaching immediate hurdle placed at $2,000 levels, believe experts"
2023-03-30,GOLD,Stock Market Mixed After Strong Start; Gold Stock Breaks Out; Schwab Sees More Pain,The stock market showed pockets of strength while this gold stock hit a buy point. Schwab stock takes another hit. Chip stock pops.,Investor's Business Daily,stock market mixed after strong start gold stock breaks out schwab sees more pain,the stock market showed pockets of strength while this gold stock hit a buy point. schwab stock takes another hit. chip stock pops.
2023-03-30,GOLD,Has Gold Lost Its Allure as an Investment?,"In terms of spot price as traded on the global market, when times are uncertain like during war and political uncertainty, gold has traditionally been a safe haven.",Newsweek,has gold lost its allure as an investment,"in terms of spot price as traded on the global market, when times are uncertain like during war and political uncertainty, gold has traditionally been a safe haven."
2023-03-31,GOLD,Gold Rate In Pakistan,"Gold Rate In Pakistan on 31 March is being sold for Rs. 178155 per 10 grams, and the price of Gold is Rs. 207800 per tola in Pakistan ...",Daily Times,gold rate in pakistan,"gold rate in pakistan on 31 march is being sold for rs. 178155 per 10 grams, and the price of gold is rs. 207800 per tola in pakistan ..."
2023-04-01,GOLD,Gold Rate In Pakistan,"Gold Rate In Pakistan on 1 April is being sold for Rs. 178155 per 10 grams, and the price of Gold is Rs. 207800 per tola in Pakistan ...",Daily Times,gold rate in pakistan,"gold rate in pakistan on 1 april is being sold for rs. 178155 per 10 grams, and the price of gold is rs. 207800 per tola in pakistan ..."
2023-04-02,GOLD,WA's great - and less-than-great - gold plots unearthed as price hits record high,"As long as gold has been mined people have tried to steal it. As the precious metal hits a record price, let's take a look back at some of the mad, bad and downright dumb ways crooks have tried to pocket the ""miner's privilege"".",ABC (Australian Broadcasting Corporation),wa's great - and less-than-great - gold plots unearthed as price hits record high,"as long as gold has been mined people have tried to steal it. as the precious metal hits a record price, let's take a look back at some of the mad, bad and downright dumb ways crooks have tried to pocket the miner's privilege ."
2023-04-03,GOLD,Gold Rate In Pakistan,"Gold Rate In Pakistan on 3 April is being sold for Rs. 178155 per 10 grams, and the price of Gold is Rs. 207800 per tola in Pakistan ...",Daily Times,gold rate in pakistan,"gold rate in pakistan on 3 april is being sold for rs. 178155 per 10 grams, and the price of gold is rs. 207800 per tola in pakistan ..."
2023-04-03,GOLD,Jump in investors turning to gold amid wider market uncertainties,"Younger adults in particular have increased their volume of gold purchases, according to the Royal Mint.",Evening Standard,jump in investors turning to gold amid wider market uncertainties,"younger adults in particular have increased their volume of gold purchases, according to the royal mint."
2023-04-04,GOLD,Gold price In Pakistan Today 4 April 2023,"Gold Rate in Pakistan today on 4 April 2023 is being sold for Rs. 180556 per 10 grams, Gold price In Pakistan Today 4 April 2023",Daily Times,gold price in pakistan today 4 april 2023,"gold rate in pakistan today on 4 april 2023 is being sold for rs. 180556 per 10 grams, gold price in pakistan today 4 april 2023"
2023-04-04,GOLD,The Biggest Market Movers on the TSX Last Month,Gold Stocks like Equinox Gold Corp were among the biggest TSX movers last month.,The Motley Fool Canada,the biggest market movers on the tsx last month,gold stocks like equinox gold corp were among the biggest tsx movers last month.
2023-04-05,GOLD,FTSE 100 Live 05 April: Gold price close to record highs,Sterling’s 10-month high at near to $1.25 will today be tested by an update on activity in the UK’s dominant services sector.,Evening Standard,ftse 100 live 05 april gold price close to record highs,sterling s 10-month high at near to $1.25 will today be tested by an update on activity in the uk s dominant services sector.
2023-04-05,GOLD,Bank of America lifts gold forecast by 10pc to $US2200/oz,"In an update of forecasts for a range of metals, Bank of America said it was “mostly marking to market prices” after China’s faster-than-expected re-opening.",Australian Financial Review,bank of america lifts gold forecast by 10pc to $us2200 oz,"in an update of forecasts for a range of metals, bank of america said it was mostly marking to market prices after china s faster-than-expected re-opening."
2023-04-05,GOLD,Why asset allocation should be key to your financial planning?,"Gold was best performer in FY23 but equity is the best asset class in the long term, show data compiled by Mint.Asset allocation has been a time-tested method to contain losses in any market scenario",Livemint,why asset allocation should be key to your financial planning,"gold was best performer in fy23 but equity is the best asset class in the long term, show data compiled by mint.asset allocation has been a time-tested method to contain losses in any market scenario"
2023-04-05,GOLD,"Stock futures edge lower, yields rise, gold gains: Stock market news today",U.S. stock futures edged lower ahead of two key pieces of data Wednesday morning: ADP's March private-sector hiring report and Institute for Supply Management's services activity index data.,Yahoo Finance,"stock futures edge lower, yields rise, gold gains stock market news today",u.s. stock futures edged lower ahead of two key pieces of data wednesday morning adp's march private-sector hiring report and institute for supply management's services activity index data.
2023-04-05,GOLD,"Gold prices rally ₹1,025 to touch life-time high of ₹61,080 per 10 grams","Gold price rallied ₹1,025 to touch a life-time high, and silver also zoomed ₹1,810 to ₹73,950 per kilogram.“We expect gold prices to trade with a positive",Business Insider India,"gold prices rally 1,025 to touch life-time high of 61,080 per 10 grams","gold price rallied 1,025 to touch a life-time high, and silver also zoomed 1,810 to 73,950 per kilogram. we expect gold prices to trade with a positive"
2023-04-06,GOLD,Gold Rate In Pakistan,"Gold Rate In Pakistan on 6 April is being sold for Rs. 185014 per 10 grams, and the price of Gold is Rs. 215800 per tola in Pakistan ...",Daily Times,gold rate in pakistan,"gold rate in pakistan on 6 april is being sold for rs. 185014 per 10 grams, and the price of gold is rs. 215800 per tola in pakistan ..."
2023-04-06,GOLD,Gold price increases by Rs100 per tola in Pakistan,Gold price in the local market gained ground Thursday despite a drop in the rate of the commodity in the international market.According to the data released by All-Pakistan Sarafa Gems and Jewellers...,The News International,gold price increases by rs100 per tola in pakistan,gold price in the local market gained ground thursday despite a drop in the rate of the commodity in the international market.according to the data released by all-pakistan sarafa gems and jewellers...
2023-04-06,GOLD,Gold price In Pakistan Today 6 April 2023,"Gold Price in Pakistan today on 6 April 2023 is being sold for Rs. 185014 per 10 grams, Gold price In Pakistan Today 6 April 2023",Daily Times,gold price in pakistan today 6 april 2023,"gold price in pakistan today on 6 april 2023 is being sold for rs. 185014 per 10 grams, gold price in pakistan today 6 april 2023"
2023-04-07,GOLD,Gold price In Pakistan Today 7 April 2023,"Gold price in Pakistan today 7 April 2023 is being sold for Rs. 182099 per 10 grams, Gold price In Pakistan Today 7 April 2023",Daily Times,gold price in pakistan today 7 april 2023,"gold price in pakistan today 7 april 2023 is being sold for rs. 182099 per 10 grams, gold price in pakistan today 7 april 2023"
2023-04-07,GOLD,Gold Is Nearing an All-Time High. Here’s Why.,"Recession, inflation, and bank concerns, plus some trepidation about the debt ceiling, have driven the price of the yellow metal. As gold rises, so too should gold-mining stocks.",Barron's,gold is nearing an all-time high. here s why.,"recession, inflation, and bank concerns, plus some trepidation about the debt ceiling, have driven the price of the yellow metal. as gold rises, so too should gold-mining stocks."
2023-04-07,GOLD,Gold Rate In Pakistan,"Gold Rate In Pakistan on 8 April is being sold for Rs. 182099 per 10 grams, and the price of Gold is Rs. 212400 per tola in Pakistan ...",Daily Times,gold rate in pakistan,"gold rate in pakistan on 8 april is being sold for rs. 182099 per 10 grams, and the price of gold is rs. 212400 per tola in pakistan ..."
2023-04-09,GOLD,Gold Rate In Pakistan,"Gold Rate In Pakistan on 9 April is being sold for Rs. 182099 per 10 grams, and the price of Gold is Rs. 212400 per tola in Pakistan ...",Daily Times,gold rate in pakistan,"gold rate in pakistan on 9 april is being sold for rs. 182099 per 10 grams, and the price of gold is rs. 212400 per tola in pakistan ..."
2023-04-09,GOLD,"Gold price hits historic high of Rs217,700 per tola in Pakistan",Gold rate on Monday jumped to a historic high after the Pakistani rupee slumped significantly against the US dollar as the country struggles to secure external financing.According to the data...,The News International,"gold price hits historic high of rs217,700 per tola in pakistan",gold rate on monday jumped to a historic high after the pakistani rupee slumped significantly against the us dollar as the country struggles to secure external financing.according to the data...
2023-04-09,GOLD,"Gold rate today under pressure on strong US dollar, Fed rate hike speculation","Gold rate today has immediate support placed at ₹59,700 in domestic market and at $1,980 in international market",Livemint,"gold rate today under pressure on strong us dollar, fed rate hike speculation","gold rate today has immediate support placed at 59,700 in domestic market and at $1,980 in international market"
2023-04-10,GOLD,Gold rate in Pakistan races to historic high,Gold price jumped to a historic high in Pakistan after the rupee's record depreciation against the dollar stampeded investors towards the safe-haven metal.The price of gold increased by Rs600 per...,The News International,gold rate in pakistan races to historic high,gold price jumped to a historic high in pakistan after the rupee's record depreciation against the dollar stampeded investors towards the safe-haven metal.the price of gold increased by rs600 per...
2023-04-10,GOLD,Gold rate today advances on weak US dollar. Silver price hits 32-month high,"Gold rate today is trading in broader $1,980 to $2,050 per ounce range, say experts",Livemint,gold rate today advances on weak us dollar. silver price hits 32-month high,"gold rate today is trading in broader $1,980 to $2,050 per ounce range, say experts"
2023-04-10,GOLD,How gold price rally helped Manappuram shares hit 52-week high - explained,"Manappuram Finance share: Market is expecting better order book and business volume in gold loan segment as rising gold price would enable applicants to get more money on their valuables, believe stock market experts",Livemint,how gold price rally helped manappuram shares hit 52-week high - explained,"manappuram finance share market is expecting better order book and business volume in gold loan segment as rising gold price would enable applicants to get more money on their valuables, believe stock market experts"
2023-04-11,GOLD,Gold snaps record run on rupee strength,Gold shed its value Wednesday in Pakistan mainly owing to a battered rupee that has been trading around an all-time low from the past several sessions.The price of gold decreased by Rs300 per tola...,The News International,gold snaps record run on rupee strength,gold shed its value wednesday in pakistan mainly owing to a battered rupee that has been trading around an all-time low from the past several sessions.the price of gold decreased by rs300 per tola...
2023-04-11,GOLD,Gold price In Pakistan Today 11 April 2023,"Gold price in Pakistan today on 11 April 2023 is being sold for Rs. 185871 per 10 grams, and the Gold price In Pakistan Today 11 April 2023",Daily Times,gold price in pakistan today 11 april 2023,"gold price in pakistan today on 11 april 2023 is being sold for rs. 185871 per 10 grams, and the gold price in pakistan today 11 april 2023"
2023-04-11,GOLD,Newcrest share price jumps on new takeover offer,The Newcrest Mining Ltd (ASX:NCM) share price is charging higher today after the gold miner received a new takeover offer...,The Motley Fool Australia,newcrest share price jumps on new takeover offer,the newcrest mining ltd asx ncm share price is charging higher today after the gold miner received a new takeover offer...
2023-04-12,GOLD,"Gold price jumps after US CPI data, FOMC minutes. Silver rate today hits ₹76K","Gold rate today has immediate resistance at $2,030 levels whereas on MCX, gold price is facing resistance at ₹61,800 per 10 gm mark",Livemint,"gold price jumps after us cpi data, fomc minutes. silver rate today hits 76k","gold rate today has immediate resistance at $2,030 levels whereas on mcx, gold price is facing resistance at 61,800 per 10 gm mark"
2023-04-12,GOLD,I'd buy and hold these 2 ASX shares to cash in on a surging gold price,The gold price has been surging over the past few months. So here are two ASX shares investors can use for gold exposure.,The Motley Fool Australia,i'd buy and hold these 2 asx shares to cash in on a surging gold price,the gold price has been surging over the past few months. so here are two asx shares investors can use for gold exposure.
2023-04-12,GOLD,Gold Rate In Pakistan,"Gold Rate In Pakistan on 12 April is being sold for Rs. 185871 per 10 grams, and the price of Gold is Rs. 216800 per tola in Pakistan ...",Daily Times,gold rate in pakistan,"gold rate in pakistan on 12 april is being sold for rs. 185871 per 10 grams, and the price of gold is rs. 216800 per tola in pakistan ..."
2023-04-12,GOLD,Gold prices fall for second day as rupee appreciates,"Gold prices fell for the second consecutive day on Thursday, as the rupee appreciated against the US dollar in the interbank market. According to the data released by All Pakistan Sarafa Gems and...",The News International,gold prices fall for second day as rupee appreciates,"gold prices fell for the second consecutive day on thursday, as the rupee appreciated against the us dollar in the interbank market. according to the data released by all pakistan sarafa gems and..."
2023-04-13,GOLD,"GLOBAL MARKETS-Stocks gain, gold jumps as Fed rate hike pause seen","Gold hit a 13-month high about $30 shy of a record peak and the dollar weakened after the data reduced expectations that the Fed will raise rates in May, a major market concern as monetary policy that is too tight can provoke a U.S. recession. The U.S. Labor Department's producer price index for final demand dropped 0.5% in March, the most since April 2020, after being unchanged in February.",Devdiscourse,"global markets-stocks gain, gold jumps as fed rate hike pause seen","gold hit a 13-month high about $30 shy of a record peak and the dollar weakened after the data reduced expectations that the fed will raise rates in may, a major market concern as monetary policy that is too tight can provoke a u.s. recession. the u.s. labor department's producer price index for final demand dropped 0.5% in march, the most since april 2020, after being unchanged in february."
2023-04-13,GOLD,This Canadian Stock Could Be the Best Market Hedge Right Now,Here's why I think Barrick Gold (TSX:ABX) could be one of the best market hedges investors worried about uncertainty should consider.,The Motley Fool Canada,this canadian stock could be the best market hedge right now,here's why i think barrick gold tsx abx could be one of the best market hedges investors worried about uncertainty should consider.
2023-04-13,GOLD,Stock Market Investors Should Follow This Plan for Fed's Last Rate Hike,"""The 1994 to 1995 tightening cycle is the gold standard, with the Fed cooling inflation but stopping before it broke the economy,"" NDR said.",Markets Insider,stock market investors should follow this plan for fed's last rate hike,"the 1994 to 1995 tightening cycle is the gold standard, with the fed cooling inflation but stopping before it broke the economy, ndr said."
2023-04-13,GOLD,Gold Rate In Pakistan,"Gold Rate In Pakistan on 13 April is being sold for Rs. 185871 per 10 grams, and the price of Gold is Rs. 216800 per tola in Pakistan ...",Daily Times,gold rate in pakistan,"gold rate in pakistan on 13 april is being sold for rs. 185871 per 10 grams, and the price of gold is rs. 216800 per tola in pakistan ..."
2023-04-14,GOLD,Gold price nears record highs. Could it be time to pay attention to these ASX 200 gold shares?,S&P/ASX 200 Index (ASX: XJO) gold shares are enjoying some healthy tailwinds from a fast rising gold price. Time to pay attention?,The Motley Fool Australia,gold price nears record highs. could it be time to pay attention to these asx 200 gold shares,s p asx 200 index asx xjo gold shares are enjoying some healthy tailwinds from a fast rising gold price. time to pay attention
2023-04-14,GOLD,"Today’s Latest Business News, Finance and Share Market News at 5:30 pm on 14 April 2023","Listen to the latest business and finance news where we talk about retail inflation, gold prices, China and India accounting for half of global growth in 2023 and Piyush Goyal's recent statemnt on protesting interests of farmers. We also bring you the latest updates on Twitter and Nirmala Sitharaman's meeting on Sri Lankan debt issues.",The Indian Express,"today s latest business news, finance and share market news at 5 30 pm on 14 april 2023","listen to the latest business and finance news where we talk about retail inflation, gold prices, china and india accounting for half of global growth in 2023 and piyush goyal's recent statemnt on protesting interests of farmers. we also bring you the latest updates on twitter and nirmala sitharaman's meeting on sri lankan debt issues."
2023-04-14,GOLD,Gold price retraces from life-time high as US dollar retreats from one year low,"Gold rate today has cushion placed at $1,980 and $1,945 levels in international market, say commodity market experts",Livemint,gold price retraces from life-time high as us dollar retreats from one year low,"gold rate today has cushion placed at $1,980 and $1,945 levels in international market, say commodity market experts"
2023-04-14,GOLD,"Commodities Like Gold and Oil Are Booming, but Blue-Chip Stocks Are a Better Bet","There are no durable competitive advantages to commodities—just price swings. Funds are one way to play, but blue-chip stocks are better.",Barron's,"commodities like gold and oil are booming, but blue-chip stocks are a better bet","there are no durable competitive advantages to commodities just price swings. funds are one way to play, but blue-chip stocks are better."
2023-04-15,GOLD,Gold Rate In Pakistan,"Gold Rate In Pakistan on 15 April is being sold for Rs. 187500 per 10 grams, and the price of Gold is Rs. 218700 per tola in Pakistan ...",Daily Times,gold rate in pakistan,"gold rate in pakistan on 15 april is being sold for rs. 187500 per 10 grams, and the price of gold is rs. 218700 per tola in pakistan ..."
2023-04-15,GOLD,"Essential workers go casual, hunt for second jobs as Gold, Sunshine coast rents rise",The price of rent in two of Queensland's most sought-after holiday spots has become so high that essential workers are being forced to find multiple jobs to keep a roof over their heads.,ABC (Australian Broadcasting Corporation),"essential workers go casual, hunt for second jobs as gold, sunshine coast rents rise",the price of rent in two of queensland's most sought-after holiday spots has become so high that essential workers are being forced to find multiple jobs to keep a roof over their heads.
2023-04-16,GOLD,Gold Rate In Pakistan,"Gold Rate In Pakistan on 16 April is being sold for Rs. 187500 per 10 grams, and the price of Gold is Rs. 218700 per tola in Pakistan ...",Daily Times,gold rate in pakistan,"gold rate in pakistan on 16 april is being sold for rs. 187500 per 10 grams, and the price of gold is rs. 218700 per tola in pakistan ..."
2023-04-16,GOLD,"Price of gold jumps by Rs1,100 per tola in Pakistan","The price of gold in the domestic market increased again on Monday, a day after a major drop due to a decline in the international gold rate. The price of gold jumped by Rs1,100 per tola and Rs943...",The News International,"price of gold jumps by rs1,100 per tola in pakistan","the price of gold in the domestic market increased again on monday, a day after a major drop due to a decline in the international gold rate. the price of gold jumped by rs1,100 per tola and rs943..."
2023-04-17,GOLD,Gold uptrend continues as rupee sees no major change,"As the rupee continued to see no major changes, gold prices gained for the second straight day on Tuesday. The price of gold increased by Rs300 per tola and Rs257 per 10 grams to reach Rs217,400...",The News International,gold uptrend continues as rupee sees no major change,"as the rupee continued to see no major changes, gold prices gained for the second straight day on tuesday. the price of gold increased by rs300 per tola and rs257 per 10 grams to reach rs217,400..."
2023-04-18,GOLD,U.S. Real Interest Rates Could Plummet: What This Means for Gold Prices,"Market Overview Analysis by Steve Saville covering: XAU/USD, Gold Futures, United States 10-Year TIPS. Read Steve Saville's latest article on Investing.com",Investing.com,u.s. real interest rates could plummet what this means for gold prices,"market overview analysis by steve saville covering xau usd, gold futures, united states 10-year tips. read steve saville's latest article on investing.com"
2023-04-18,GOLD,"International decline, unchanged rupee lead to fall in gold's value","As the price of gold dropped in the international market and the USD-PKR exchange rate remained unchanged, the precious metal's value declined in the domestic market on Wednesday. The price of gold ...",The News International,"international decline, unchanged rupee lead to fall in gold's value","as the price of gold dropped in the international market and the usd-pkr exchange rate remained unchanged, the precious metal's value declined in the domestic market on wednesday. the price of gold ..."
2023-04-19,GOLD,Gold Rate In Pakistan,"Gold Rate In Pakistan on 19 April is being sold for Rs. 185099 per 10 grams, and the price of Gold is Rs. 215900 per tola in Pakistan ...",Daily Times,gold rate in pakistan,"gold rate in pakistan on 19 april is being sold for rs. 185099 per 10 grams, and the price of gold is rs. 215900 per tola in pakistan ..."
2023-04-19,GOLD,Glencore Willing to Consider Improvements to Teck Resources Proposal -- Commodities Roundup,MARKET MOVEMENTS: --Brent crude oil is down 1.9% at $83.14 a barrel. --European benchmark gas is down 2% at EUR41.87 a megawatt hour. --Gold futures are down...,MarketWatch,glencore willing to consider improvements to teck resources proposal -- commodities roundup,market movements --brent crude oil is down 1.9% at $83.14 a barrel. --european benchmark gas is down 2% at eur41.87 a megawatt hour. --gold futures are down...
2023-04-19,GOLD,Gold inches closer to all-time high,"The rupee's slight recovery caused a jump in the gold price in Pakistan on Thursday, taking the precious metal's value close to a record high it reached last week. The price of gold increased by...",The News International,gold inches closer to all-time high,"the rupee's slight recovery caused a jump in the gold price in pakistan on thursday, taking the precious metal's value close to a record high it reached last week. the price of gold increased by..."
2023-04-19,GOLD,Guess which ASX All Ords stock has just had its share price target slashed 30% by a top broker,Ord Minnett has reportedly slashed its outlook for All Ordinaries Index (ASX: XAO) gold stock St Barbara Ltd (ASX: SBM). Here's why.,The Motley Fool Australia,guess which asx all ords stock has just had its share price target slashed 30% by a top broker,ord minnett has reportedly slashed its outlook for all ordinaries index asx xao gold stock st barbara ltd asx sbm . here's why.
2023-04-20,GOLD,Gold Rate In Pakistan,"Gold Rate In Pakistan on 21 April is being sold for Rs. 185099 per 10 grams, and the price of Gold is Rs. 215900 per tola in Pakistan ...",Daily Times,gold rate in pakistan,"gold rate in pakistan on 21 april is being sold for rs. 185099 per 10 grams, and the price of gold is rs. 215900 per tola in pakistan ..."
2023-04-20,GOLD,Gold Coast couple relocate to Broken Hill to take over iconic Bells Milk Bar business,"After being on the market for close to 12 months, Broken Hill's Bells Milk Bar has new owners. The couple came across the business during a brief visit to far west from the Gold Coast for Mundi Mundi Bash and fell in love with the region.",ABC (Australian Broadcasting Corporation),gold coast couple relocate to broken hill to take over iconic bells milk bar business,"after being on the market for close to 12 months, broken hill's bells milk bar has new owners. the couple came across the business during a brief visit to far west from the gold coast for mundi mundi bash and fell in love with the region."
2023-04-20,GOLD,Gold May Be on the Cusp of Another Major Bull Market,"Commodities Analysis by Jesse Felder covering: XAU/USD, SPDR® S&P 500, US Dollar Index Futures, Gold Futures. Read Jesse Felder's latest article on Investing.com",Investing.com,gold may be on the cusp of another major bull market,"commodities analysis by jesse felder covering xau usd, spdr s p 500, us dollar index futures, gold futures. read jesse felder's latest article on investing.com"
2023-04-20,GOLD,This eye-catching Samsung Galaxy Watch 4 model with LTE is a sweet bargain at a record low price,"At under 150 bucks with a 40mm pink gold case and standalone cellular connectivity, the Wear OS-based Samsung Galaxy Watch 4 is pretty hard to resist for Android-loving bargain hunters.",PhoneArena,this eye-catching samsung galaxy watch 4 model with lte is a sweet bargain at a record low price,"at under 150 bucks with a 40mm pink gold case and standalone cellular connectivity, the wear os-based samsung galaxy watch 4 is pretty hard to resist for android-loving bargain hunters."
2023-04-21,GOLD,Akshaya Tritiya 2023: Can gold price continue to glitter amid US Fed rate hike buzz?,Akshaya Tritiya 2023: Jewellers are expecting a 20 per cent decline in gold sales in volume terms,Livemint,akshaya tritiya 2023 can gold price continue to glitter amid us fed rate hike buzz,akshaya tritiya 2023 jewellers are expecting a 20 per cent decline in gold sales in volume terms
2023-04-21,GOLD,How to benefit from gold investing right now,"If you're facing uncertainty in today's market, gold could help in multiple ways. Here's how.",CBS News,how to benefit from gold investing right now,"if you're facing uncertainty in today's market, gold could help in multiple ways. here's how."
2023-04-21,GOLD,"Akshaya Tritiya 2023: Is it wise to invest in gold, silver today - explained",Akshaya Tritiya 2023: Gold price has ascended 1000% in last two decades whereas silver has delivered near 900% return to its investors in this time,Livemint,"akshaya tritiya 2023 is it wise to invest in gold, silver today - explained",akshaya tritiya 2023 gold price has ascended 1000% in last two decades whereas silver has delivered near 900% return to its investors in this time
2023-04-24,GOLD,"Gold rate today jumps on soft US dollar, US Fed rate hike buzz. Buy or wait?","Gold rate today has immediate support placed at ₹59,700 on MCX and $1,975 in international market, say experts",Livemint,"gold rate today jumps on soft us dollar, us fed rate hike buzz. buy or wait","gold rate today has immediate support placed at 59,700 on mcx and $1,975 in international market, say experts"
2023-04-24,GOLD,What strong gold says about the weak dollar,"Too confident in the indomitable dollar, the US saw sanctions as a cost-free way to fight Russia without risking troops. But it is paying the price in lost currency allegiances, with gold left as the main safe haven.",Australian Financial Review,what strong gold says about the weak dollar,"too confident in the indomitable dollar, the us saw sanctions as a cost-free way to fight russia without risking troops. but it is paying the price in lost currency allegiances, with gold left as the main safe haven."
2023-04-24,GOLD,Argentina's lithium pipeline promises 'white gold' boom as Chile tightens control,"Argentina, the world’s fourth largest producer of lithium, has been luring investment from Canadian to Chinese mining firms with a regional and market-led model",Rappler,argentina's lithium pipeline promises 'white gold' boom as chile tightens control,"argentina, the world s fourth largest producer of lithium, has been luring investment from canadian to chinese mining firms with a regional and market-led model"
2023-04-25,GOLD,"Lower output, high costs to pressure Newmont, Barrick earnings",The challenges have overshadowed the price rise in gold,The Globe and Mail,"lower output, high costs to pressure newmont, barrick earnings",the challenges have overshadowed the price rise in gold
2023-04-25,GOLD,Gold price in Pakistan Today - 25 April 2023,"Gold price in Pakistan Today on 25 April 2023 is Rs. 215,000 Gold price in Pakistan Today – 25 April 2023",Daily Times,gold price in pakistan today - 25 april 2023,"gold price in pakistan today on 25 april 2023 is rs. 215,000 gold price in pakistan today 25 april 2023"
2023-04-25,GOLD,Gold Price Invalidation Confirmed: What's Next?,"Commodities Analysis by Sunshine Profits (Przemyslaw Radomski, CFA) covering: XAU/USD, XAG/USD, US Dollar Index Futures, Gold Futures. Read Sunshine Profits (Przemyslaw Radomski, CFA)'s latest article on Investing.com",Investing.com,gold price invalidation confirmed what's next,"commodities analysis by sunshine profits przemyslaw radomski, cfa covering xau usd, xag usd, us dollar index futures, gold futures. read sunshine profits przemyslaw radomski, cfa 's latest article on investing.com"
2023-04-25,GOLD,"Central banks are leading a revolt against the US dollar and shifting to gold at a record pace, market expert says","""Thus the oldest and most traditional of assets, gold, is now a vehicle of central bank revolt against the dollar,"" Ruchir Sharma wrote.",Yahoo Canada Finance,"central banks are leading a revolt against the us dollar and shifting to gold at a record pace, market expert says","thus the oldest and most traditional of assets, gold, is now a vehicle of central bank revolt against the dollar, ruchir sharma wrote."
2023-04-25,GOLD,"How to invest in gold, according to experts",If you're considering investing in gold in today's market then experts recommend you take this approach.,CBS News,"how to invest in gold, according to experts",if you're considering investing in gold in today's market then experts recommend you take this approach.
2023-04-26,GOLD,Why are ASX 200 gold shares leading the market today?,ASX 200 gold shares are leading the market today as investors plough more funds into the traditional safe-haven assets of the share market.,The Motley Fool Australia,why are asx 200 gold shares leading the market today,asx 200 gold shares are leading the market today as investors plough more funds into the traditional safe-haven assets of the share market.
2023-04-26,GOLD,Gold price in Pakistan Today - 26 April 2023,"Gold price in Pakistan Today on 26 April 2023 is Rs. 215,000 per tola Gold price in Pakistan Today – 26 April 2023",Daily Times,gold price in pakistan today - 26 april 2023,"gold price in pakistan today on 26 april 2023 is rs. 215,000 per tola gold price in pakistan today 26 april 2023"
2023-04-26,GOLD,Gold price regains $2000 level after ease in US dollar. Should you buy?,"Gold rate today has immediate support placed at $1,975 per ounce levels, say experts",Livemint,gold price regains $2000 level after ease in us dollar. should you buy,"gold rate today has immediate support placed at $1,975 per ounce levels, say experts"
2023-04-26,GOLD,Gold surges to another all-time high,"As the country continues to experience one of its worst economic crisis and a bailout from the International Monetary Fund is yet to materialise, the price of gold rose again Thursday to reach a...",The News International,gold surges to another all-time high,"as the country continues to experience one of its worst economic crisis and a bailout from the international monetary fund is yet to materialise, the price of gold rose again thursday to reach a..."
2023-04-27,GOLD,Northern Star share price slumps as gold sales plunge 10%,The Northern Star Resources Ltd (ASX: NST) share price is tumbling on the release of the company’s quarterly production update.,The Motley Fool Australia,northern star share price slumps as gold sales plunge 10%,the northern star resources ltd asx nst share price is tumbling on the release of the company s quarterly production update.
2023-04-27,GOLD,Newcrest share price slides amid lower gold production,The Newcrest Mining Ltd (ASX: NCM) share price is sliding on Thursday following the release of its quarterly report.,The Motley Fool Australia,newcrest share price slides amid lower gold production,the newcrest mining ltd asx ncm share price is sliding on thursday following the release of its quarterly report.
2023-04-27,GOLD,Gold drops from all-time high as international rate declines,"As the rate of gold declined in the international market, the precious metal's price in Pakistan also decreased Friday. According to data shared by the All Pakistan Sarafa Gems and Jewellers...",The News International,gold drops from all-time high as international rate declines,"as the rate of gold declined in the international market, the precious metal's price in pakistan also decreased friday. according to data shared by the all pakistan sarafa gems and jewellers..."
2023-04-28,GOLD,U.S. Bank Failures Keep Fueling Crypto Adoption,"Market Analysis by Frank Holmes covering: JPMorgan Chase & Co, Morgan Stanley, First Republic Bank, ARCA Gold Miners. Read Frank Holmes's Market Analysis on Investing.com",Investing.com,u.s. bank failures keep fueling crypto adoption,"market analysis by frank holmes covering jpmorgan chase co, morgan stanley, first republic bank, arca gold miners. read frank holmes's market analysis on investing.com"
2023-04-28,GOLD,Gold soars to new record high,"As the international rate went up again and the country's economic crisis persisted, the price of gold in the domestic market rose to a new record high on Saturday. The rate of gold increased by...",The News International,gold soars to new record high,"as the international rate went up again and the country's economic crisis persisted, the price of gold in the domestic market rose to a new record high on saturday. the rate of gold increased by..."
2023-04-28,GOLD,Gold price retraces from record high on US Fed's rate hike buzz. Buy or wait?,"Gold rate today has immediate support placed at ₹59,500 on MCX whereas in international market it has immediate support at around $1,975 mark",Livemint,gold price retraces from record high on us fed's rate hike buzz. buy or wait,"gold rate today has immediate support placed at 59,500 on mcx whereas in international market it has immediate support at around $1,975 mark"
2023-04-28,GOLD,Conviction: How to Lose a Lot of Money in Investing,"Market Overview Analysis by Lance Roberts covering: XAU/USD, Gold Futures, SPDR® Gold Shares, ProShares UltraShort Gold. Read Lance Roberts's latest article on Investing.com",Investing.com,conviction how to lose a lot of money in investing,"market overview analysis by lance roberts covering xau usd, gold futures, spdr gold shares, proshares ultrashort gold. read lance roberts's latest article on investing.com"
2023-04-29,GOLD,Gold Rate In Pakistan,"Gold Rate In Pakistan on 29 April is being sold for Rs. 186900 per 10 grams, and the price of Gold is Rs. 218000 per tola in Pakistan ...",Daily Times,gold rate in pakistan,"gold rate in pakistan on 29 april is being sold for rs. 186900 per 10 grams, and the price of gold is rs. 218000 per tola in pakistan ..."
2023-05-01,GOLD,Should you buy gold when the price drops?,Gold prices might be cooling off. Here's why now could be the perfect time to invest in gold.,CBS News,should you buy gold when the price drops,gold prices might be cooling off. here's why now could be the perfect time to invest in gold.
2023-05-02,GOLD,How gold protects you from stock market losses,"Stocks may have potentially high returns, but they're also highly volatile. Here's how gold can offset that risk.",CBS News,how gold protects you from stock market losses,"stocks may have potentially high returns, but they're also highly volatile. here's how gold can offset that risk."
2023-05-02,GOLD,"Gold pushes past $2,000, miners gain as investors seek safe havens","Gold mining stocks posted broad gains along with the price of the metal, as investors flocked to safe havens from the fallout over First Republic Bank's failure.",Seeking Alpha,"gold pushes past $2,000, miners gain as investors seek safe havens","gold mining stocks posted broad gains along with the price of the metal, as investors flocked to safe havens from the fallout over first republic bank's failure."
2023-05-02,GOLD,Gold price In Pakistan Today 2 May 2023,"Gold price in Pakistan today 2 May 2023 is being sold for Rs. 189472 per 10 grams, and the price Gold price In Pakistan Today 2 May 2023",Daily Times,gold price in pakistan today 2 may 2023,"gold price in pakistan today 2 may 2023 is being sold for rs. 189472 per 10 grams, and the price gold price in pakistan today 2 may 2023"
2023-05-03,GOLD,"Crude oil, dollar index falls while gold, silver prices rise ahead of US Fed rate hike decision","Chair Jerome Powell and other committee members of the Federal Reserve are likely to announce a decision on rate hike on Wednesday, May 3.While the market",Business Insider India,"crude oil, dollar index falls while gold, silver prices rise ahead of us fed rate hike decision","chair jerome powell and other committee members of the federal reserve are likely to announce a decision on rate hike on wednesday, may 3.while the market"
2023-05-03,GOLD,"GOLD rises on earnings; EL, AMCR fall; PSO gains on upgrade; LLY up; IEP slides",Major market averages were grappling for direction in Wednesday's intraday session as investors awaited an interest rate rise from the U.S,Seeking Alpha,"gold rises on earnings el, amcr fall pso gains on upgrade lly up iep slides",major market averages were grappling for direction in wednesday's intraday session as investors awaited an interest rate rise from the u.s
2023-05-03,GOLD,Gold rate today at 14-month high on MCX after US Fed rate hike. Will it climb to a new peak?,"Gold rate today has immediate hurdle at $2,080 levels in international market whereas it is facing resistance at ₹62,200 per 10 gm on MCX, believe experts",Livemint,gold rate today at 14-month high on mcx after us fed rate hike. will it climb to a new peak,"gold rate today has immediate hurdle at $2,080 levels in international market whereas it is facing resistance at 62,200 per 10 gm on mcx, believe experts"
2023-05-03,GOLD,Gold shines brighter than ever as it sets fresh record,"The price of gold soared to another record high Thursday on the back of an increase in the international rate as well as the ongoing economic crisis. The rate of gold jumped by Rs2,600 per tola and...",The News International,gold shines brighter than ever as it sets fresh record,"the price of gold soared to another record high thursday on the back of an increase in the international rate as well as the ongoing economic crisis. the rate of gold jumped by rs2,600 per tola and..."
2023-05-03,GOLD,Copper/Gold Ratio Keeps Signaling Economic Deceleration,"Market Overview Analysis by Gary Tanashian covering: XAU/USD, Gold Futures, Copper Futures, SPDR® Gold Shares. Read Gary Tanashian's latest article on Investing.com",Investing.com,copper gold ratio keeps signaling economic deceleration,"market overview analysis by gary tanashian covering xau usd, gold futures, copper futures, spdr gold shares. read gary tanashian's latest article on investing.com"
2023-05-04,GOLD,Gold price remains steady at record high. Silver hits new peak,"Gold rate today has immediate support placed at $2,030 whereas it is facing resistance at $2,080 mark, say experts",Livemint,gold price remains steady at record high. silver hits new peak,"gold rate today has immediate support placed at $2,030 whereas it is facing resistance at $2,080 mark, say experts"
2023-05-04,GOLD,Kirstie Bavington: It's meant to be Lauren Price’s moment but I’ll take that all away from her,"Kirstie Bavington warns: Ill make it rough - lets see how Lauren Price deals with that; Olympic gold medallist Price takes on Bavington for the inaugural womens British title on Saturday, live on Sky; Bavington is a much more experienced pro and promises to use that against Price",Sky Sports,kirstie bavington it's meant to be lauren price s moment but i ll take that all away from her,"kirstie bavington warns ill make it rough - lets see how lauren price deals with that olympic gold medallist price takes on bavington for the inaugural womens british title on saturday, live on sky bavington is a much more experienced pro and promises to use that against price"
2023-05-04,GOLD,Eco-friendly ideas add bling to India's jewellery market,"Indians are thinking beyond gold, silver, and diamond, spawning a whole new breed of brands",Quartz India,eco-friendly ideas add bling to india's jewellery market,"indians are thinking beyond gold, silver, and diamond, spawning a whole new breed of brands"
2023-05-04,GOLD,"Dow Jones Falls As Regional Banks Crumble Ahead Of Apple Earnings; Gold Bugs Eye $3,000",The Dow Jones added to losses while market players debate Jerome Powell's data-driven comments about rate hikes and the economic outlook.,Investor's Business Daily,"dow jones falls as regional banks crumble ahead of apple earnings gold bugs eye $3,000",the dow jones added to losses while market players debate jerome powell's data-driven comments about rate hikes and the economic outlook.
2023-05-04,GOLD,Gold rate declines slightly from all-time high,"After reaching another all-time high a day earlier, the rate of gold declined slightly in Pakistan Friday in line with developments in the international market. The rate of gold decreased by Rs300...",The News International,gold rate declines slightly from all-time high,"after reaching another all-time high a day earlier, the rate of gold declined slightly in pakistan friday in line with developments in the international market. the rate of gold decreased by rs300..."
2023-05-04,GOLD,Gold Rate In Pakistan,"Gold Rate In Pakistan on 4 May is being sold for Rs. 191701 per 10 grams, and the price of Gold is Rs. 223600 per tola in Pakistan ...",Daily Times,gold rate in pakistan,"gold rate in pakistan on 4 may is being sold for rs. 191701 per 10 grams, and the price of gold is rs. 223600 per tola in pakistan ..."
2023-05-05,GOLD,"Gold, silver price retraces from life-time high. Should you buy in this correction?","Gold rate today has strong support placed at $1,975 per ounce levels in international spot market, say experts",Livemint,"gold, silver price retraces from life-time high. should you buy in this correction","gold rate today has strong support placed at $1,975 per ounce levels in international spot market, say experts"
2023-05-05,GOLD,"Changing Lives Through His Free Service, Millionaire Arnold Schwarzenegger Reveals a Surprising Cost of Motivation: “Forget Bitcoin, the Stock Market, or Gold”",The real challenge for most people who join the gym is staying motivated to continue. Arnold Schwarzenegger might be able to help.,Essentially Sports,"changing lives through his free service, millionaire arnold schwarzenegger reveals a surprising cost of motivation forget bitcoin, the stock market, or gold",the real challenge for most people who join the gym is staying motivated to continue. arnold schwarzenegger might be able to help.
2023-05-06,GOLD,Gold Rate In Pakistan,"Gold Rate In Pakistan on 5 May is being sold for Rs. 191701 per 10 grams, and the price of Gold is Rs. 223600 per tola in Pakistan ...",Daily Times,gold rate in pakistan,"gold rate in pakistan on 5 may is being sold for rs. 191701 per 10 grams, and the price of gold is rs. 223600 per tola in pakistan ..."
2023-05-07,GOLD,"Gold price surges to record high, again","As the economic prospects of the country remain gloomy amid a stalled International Monetary Fund bailout programme, gold prices jumped to another record high in Pakistan.The rate of gold ...",The News International,"gold price surges to record high, again","as the economic prospects of the country remain gloomy amid a stalled international monetary fund bailout programme, gold prices jumped to another record high in pakistan.the rate of gold ..."
2023-05-07,GOLD,"Gold rate today rebounds on ease in US dollar. Buy, sell or hold?","Gold rate today has immediate support placed at $2,005 levels and it is facing hurdle at $2,040 levels, believe bullion market experts",Livemint,"gold rate today rebounds on ease in us dollar. buy, sell or hold","gold rate today has immediate support placed at $2,005 levels and it is facing hurdle at $2,040 levels, believe bullion market experts"
2023-05-08,GOLD,"Barrick Gold CEO seeks takeover targets, expects gold and copper will rally","Barrick Gold (GOLD) CEO Mark Bristow is on the hunt for takeovers and forecasts a market rally in gold and copper, according to an interview in Financial Times.",Seeking Alpha,"barrick gold ceo seeks takeover targets, expects gold and copper will rally","barrick gold gold ceo mark bristow is on the hunt for takeovers and forecasts a market rally in gold and copper, according to an interview in financial times."
2023-05-08,GOLD,Cotton100% review - how forced labour paid the price of Uzbekistan’s ‘white gold’,"Two brave women stand up for human rights as hordes of Uzbeks are dragged from their workplaces to pick state cotton, in this compelling documentary exposing farming practices only just outlawed",The Guardian,cotton100% review - how forced labour paid the price of uzbekistan s white gold,"two brave women stand up for human rights as hordes of uzbeks are dragged from their workplaces to pick state cotton, in this compelling documentary exposing farming practices only just outlawed"
2023-05-09,GOLD,Sovereign Gold Bond: SGB 2017-18 Series I can be redeemed at 111% higher than issue price: Check here,"The next due date of premature redemption of the tranche SGB 2017-18, Series I, issued on May 12, 2017, shall be May 12, 2023.",Livemint,sovereign gold bond sgb 2017-18 series i can be redeemed at 111% higher than issue price check here,"the next due date of premature redemption of the tranche sgb 2017-18, series i, issued on may 12, 2017, shall be may 12, 2023."
2023-05-09,GOLD,What price should you buy gold at?,Understanding the factors that affect gold prices can help you determine the right time to buy.,CBS News,what price should you buy gold at,understanding the factors that affect gold prices can help you determine the right time to buy.
2023-05-09,GOLD,Gold ETFs see surge of inflows as gold hovers near all-time high,ETFs that offer exposure to the price of gold (XAUUSD:CUR) noticed an injection of investor capital over the past week as the precious metal hovers near all-time trading highs. Learn more.,Seeking Alpha,gold etfs see surge of inflows as gold hovers near all-time high,etfs that offer exposure to the price of gold xauusd cur noticed an injection of investor capital over the past week as the precious metal hovers near all-time trading highs. learn more.
2023-05-09,GOLD,Barrick Gold Shines: How to Capitalize on the Precious Metals Market,"As gold prices continue to rise, should investors consider one of the world's largest gold miners? Or is Barrick stock (TSX:ABX) a hold for now?",The Motley Fool Canada,barrick gold shines how to capitalize on the precious metals market,"as gold prices continue to rise, should investors consider one of the world's largest gold miners or is barrick stock tsx abx a hold for now"
2023-05-10,GOLD,"Gold price drops in Pakistan by more than Rs2,000 per tola","Gold rate Thursday dropped more than Rs2,000 in Pakistan a day after reaching an all-time high, with market experts terming the fluctuations in the international market as the reason behind...",The News International,"gold price drops in pakistan by more than rs2,000 per tola","gold rate thursday dropped more than rs2,000 in pakistan a day after reaching an all-time high, with market experts terming the fluctuations in the international market as the reason behind..."
2023-05-10,GOLD,"Gold prices decline by ₹330; silver tumbles ₹1,650","In the international market, spot gold continued to trade above the $2020 mark amid safe haven buying as US debt ceiling concerns persist",Livemint,"gold prices decline by 330 silver tumbles 1,650","in the international market, spot gold continued to trade above the $2020 mark amid safe haven buying as us debt ceiling concerns persist"
2023-05-11,GOLD,What's the gold price forecast for the remainder of 2023?,Own gold shares? Here's what is being forecast for the gold price over the remainder of 2023 and the coming years...,The Motley Fool Australia,what's the gold price forecast for the remainder of 2023,own gold shares here's what is being forecast for the gold price over the remainder of 2023 and the coming years...
2023-05-11,GOLD,Gold rate declines in Pakistan in line with international trend,"As the price of gold dropped in the international market Friday, the safe-haven bullion’s value declined in Pakistan as well. The rate of gold fell by Rs6,500 per tola and Rs5,573 per 10...",The News International,gold rate declines in pakistan in line with international trend,"as the price of gold dropped in the international market friday, the safe-haven bullion s value declined in pakistan as well. the rate of gold fell by rs6,500 per tola and rs5,573 per 10..."
2023-05-11,GOLD,"Gold, silver rate today under pressure after ease in US inflation. Should you buy?","Gold rate today has immediate support placed at $2,010 levels and on breaching this level, gold price may go down towards $1,980 to $1,975 per ounce levels, believe experts",Livemint,"gold, silver rate today under pressure after ease in us inflation. should you buy","gold rate today has immediate support placed at $2,010 levels and on breaching this level, gold price may go down towards $1,980 to $1,975 per ounce levels, believe experts"
2023-05-11,GOLD,Why Gold Is A Good Investment Right Now-And May Be Set For A New Record Price,"Gold has performed better than the S&P 500 over the last five years. And with a potential recession ahead, analysts are setting lofty expectations for the precious metal.",Forbes,why gold is a good investment right now-and may be set for a new record price,"gold has performed better than the s p 500 over the last five years. and with a potential recession ahead, analysts are setting lofty expectations for the precious metal."
2023-05-11,GOLD,Commodity Price Patterns Keep Signaling Bearish Reversals,"Commodities Analysis by Chris Kimble covering: XAU/USD, Gold Futures, Crude Oil WTI Futures, US Wheat Futures. Read Chris Kimble's latest article on Investing.com",Investing.com,commodity price patterns keep signaling bearish reversals,"commodities analysis by chris kimble covering xau usd, gold futures, crude oil wti futures, us wheat futures. read chris kimble's latest article on investing.com"
2023-05-12,GOLD,"Nvidia is the 'picks and shovels leader in the AI gold rush' that could expand its market share as competition heats up, Bank of America says","Nvidia's H100 AI accelerator chip has surged in demand, so much so that they're currently selling on eBay for upwards of $45,000 each.",Yahoo Canada Finance,"nvidia is the 'picks and shovels leader in the ai gold rush' that could expand its market share as competition heats up, bank of america says","nvidia's h100 ai accelerator chip has surged in demand, so much so that they're currently selling on ebay for upwards of $45,000 each."
2023-05-12,GOLD,Newcrest share price slips as exclusivity period for $32b takeover extended,"The Newcrest Mining Ltd (ASX: NCM) share price is down after the ASX 200 gold icon extended suitor, Newmont's exclusivity period.",The Motley Fool Australia,newcrest share price slips as exclusivity period for $32b takeover extended,"the newcrest mining ltd asx ncm share price is down after the asx 200 gold icon extended suitor, newmont's exclusivity period."
2023-05-12,GOLD,Inflation Bugs Nervous for the Wrong Reasons After April PPI Report,"Market Overview Analysis by Gary Tanashian covering: XAU/USD, XAG/USD, US Dollar Index Futures, Gold Futures. Read Gary Tanashian's latest article on Investing.com",Investing.com,inflation bugs nervous for the wrong reasons after april ppi report,"market overview analysis by gary tanashian covering xau usd, xag usd, us dollar index futures, gold futures. read gary tanashian's latest article on investing.com"
2023-05-12,GOLD,"Gold, silver price retraces from life-time high. Buy or wait for more dip?","Gold rate today is facing resistance at ₹61,500 per 10 gm levels, say experts",Livemint,"gold, silver price retraces from life-time high. buy or wait for more dip","gold rate today is facing resistance at 61,500 per 10 gm levels, say experts"
2023-05-12,GOLD,"Nintendo Switch OLED Legend of Zelda Edition 2023: Price, Where to Buy","The Nintendo Switch ""Legend of Zelda: Tears of the Kingdom Edition"" features Hylian motifs and Joy-Con controllers in a green and gold colorway.",Variety,"nintendo switch oled legend of zelda edition 2023 price, where to buy",the nintendo switch legend of zelda tears of the kingdom edition features hylian motifs and joy-con controllers in a green and gold colorway.
2023-05-14,GOLD,"Gold continues upward trajectory with Rs1,100 rise","The rate of gold continued to rise in Pakistan Monday as the international price of the safe-haven bullion also went up.The price of gold increased by Rs1,100 per tola and Rs943 per 10 grams to...",The News International,"gold continues upward trajectory with rs1,100 rise","the rate of gold continued to rise in pakistan monday as the international price of the safe-haven bullion also went up.the price of gold increased by rs1,100 per tola and rs943 per 10 grams to..."
2023-05-15,GOLD,Gold price headed for ‘uncharted territory’,"Macquarie is tipping the price of the precious metal will test the record high hit in the depths of the pandemic, with several local miners set to benefit. Morgan Stanley also rates some stocks a buy.",Australian Financial Review,gold price headed for uncharted territory,"macquarie is tipping the price of the precious metal will test the record high hit in the depths of the pandemic, with several local miners set to benefit. morgan stanley also rates some stocks a buy."
2023-05-15,GOLD,Gold price headed for ‘unchartered territory’,"Macquarie is tipping the price of the precious metal will test the record high hit in the depths of the pandemic, with several local miners set to benefit. Morgan Stanley also rates some stocks a buy.",Australian Financial Review,gold price headed for unchartered territory,"macquarie is tipping the price of the precious metal will test the record high hit in the depths of the pandemic, with several local miners set to benefit. morgan stanley also rates some stocks a buy."
2023-05-15,GOLD,"Bitcoin Would Be More Trusted Than Dollar in US Default, Survey Says","But most chose gold as the best investment in a default, thanks to its history as a safety asset and recent price gains, a Bloomberg survey showed.",Markets Insider,"bitcoin would be more trusted than dollar in us default, survey says","but most chose gold as the best investment in a default, thanks to its history as a safety asset and recent price gains, a bloomberg survey showed."
2023-05-15,GOLD,Newcrest share price lifts as $28.8 billion Newmont takeover greenlighted,The Newcrest Mining Ltd (ASX: NCM) share price is gaining after the ASX 200 gold miner greenlit Newmont’s $28.8 billion takeover offer.,The Motley Fool Australia,newcrest share price lifts as $28.8 billion newmont takeover greenlighted,the newcrest mining ltd asx ncm share price is gaining after the asx 200 gold miner greenlit newmont s $28.8 billion takeover offer.
2023-05-15,GOLD,"Copper-Gold Ratio Signals Economic Slowdown, Falling Rates and Inflation","Market Overview Analysis by Chris Kimble covering: XAU/USD, Gold Futures, Copper Futures, SPDR® Gold Shares. Read Chris Kimble's latest article on Investing.com",Investing.com,"copper-gold ratio signals economic slowdown, falling rates and inflation","market overview analysis by chris kimble covering xau usd, gold futures, copper futures, spdr gold shares. read chris kimble's latest article on investing.com"
2023-05-15,GOLD,"Amid strong global trends, gold price rises by ₹370, silver rate soars by ₹750; check details","Gold Price: Spot gold prices were up ₹370 per 10 grams in the Delhi markets, according to Saumil Gandhi, Senior Analyst - Commodities at HDFC Securities. The spot gold prices traded ₹61,350 per 10 grams.",Livemint,"amid strong global trends, gold price rises by 370, silver rate soars by 750 check details","gold price spot gold prices were up 370 per 10 grams in the delhi markets, according to saumil gandhi, senior analyst - commodities at hdfc securities. the spot gold prices traded 61,350 per 10 grams."
2023-05-16,GOLD,"Bitcoin, gold, crude oil, copper: markets to watch as debt ceiling talks continue","Bloomberg Intelligence Senior Macro Strategist Mike McGlone joins Yahoo Finance Live to discuss the impact the debt ceiling talks have on commodities, what commodities to watch, and the oil market.",Yahoo Canada Finance,"bitcoin, gold, crude oil, copper markets to watch as debt ceiling talks continue","bloomberg intelligence senior macro strategist mike mcglone joins yahoo finance live to discuss the impact the debt ceiling talks have on commodities, what commodities to watch, and the oil market."
2023-05-16,GOLD,Gold Price Today: Rates inch up in early trade; should you buy or wait?,Gold price today: Gold prices were capped in the global markets due to the dollar's gains amid the negotiations over raising the US debt ceiling.,Livemint,gold price today rates inch up in early trade should you buy or wait,gold price today gold prices were capped in the global markets due to the dollar's gains amid the negotiations over raising the us debt ceiling.
2023-05-16,GOLD,"Bitcoin would be more trusted than the dollar as a safe haven if the US defaults, survey says","But most chose gold as the best investment in a default, thanks to its history as a safety asset and recent price gains, a Bloomberg survey showed.",Yahoo Canada Finance,"bitcoin would be more trusted than the dollar as a safe haven if the us defaults, survey says","but most chose gold as the best investment in a default, thanks to its history as a safety asset and recent price gains, a bloomberg survey showed."
2023-05-16,GOLD,"Gold price settles at Rs233,100 per tola in Pakistan",Gold took a breather on Wednesday as the prices of the precious metal remained unchanged in the local market as all eyes are set on political and economic developments.Data released by All Pakistan...,The News International,"gold price settles at rs233,100 per tola in pakistan",gold took a breather on wednesday as the prices of the precious metal remained unchanged in the local market as all eyes are set on political and economic developments.data released by all pakistan...
2023-05-17,GOLD,Big Discount Drops the Price of This Lenovo Laptop to $235,"The Lenovo IdeaPad 1, a reliable laptop for basic functions with its AMD Athlon Gold 7220U processor, is on sale from Lenovo for $235 after a 41% discount.",Digital Trends,big discount drops the price of this lenovo laptop to $235,"the lenovo ideapad 1, a reliable laptop for basic functions with its amd athlon gold 7220u processor, is on sale from lenovo for $235 after a 41% discount."
2023-05-17,GOLD,Gold rate moves up in Pakistan on rupee-dollar parity,Gold rate increased meagerly in the country after the gap between the rupee rates against the dollar in the interbank and the open market widened as the economy remains under duress.Data released by...,The News International,gold rate moves up in pakistan on rupee-dollar parity,gold rate increased meagerly in the country after the gap between the rupee rates against the dollar in the interbank and the open market widened as the economy remains under duress.data released by...
2023-05-17,GOLD,Pharma’s obesity gold rush will have limits: podcast,"Drugmakers Novo Nordisk and Eli Lilly are vying for a large slab of the weight loss medications market, which analysts reckon could be worth $100 bln by 2031. In this Viewsroom podcast, Breakingviews columnists discuss how investor optimism in a booming market is unwarranted.",Reuters,pharma s obesity gold rush will have limits podcast,"drugmakers novo nordisk and eli lilly are vying for a large slab of the weight loss medications market, which analysts reckon could be worth $100 bln by 2031. in this viewsroom podcast, breakingviews columnists discuss how investor optimism in a booming market is unwarranted."
2023-05-17,GOLD,Analysts Remain Bearish but Risk-on Explodes,"Market Overview Analysis by Michele Schneider covering: XAU/USD, S&P 500, SPDR® S&P 500, Gold Futures. Read Michele Schneider's latest article on Investing.com",Investing.com,analysts remain bearish but risk-on explodes,"market overview analysis by michele schneider covering xau usd, s p 500, spdr s p 500, gold futures. read michele schneider's latest article on investing.com"
2023-05-17,GOLD,Gold Rate In Pakistan,"Gold Rate In Pakistan on 17 May is being sold for Rs. 200017 per 10 grams, and the price of Gold is Rs. 233300 per tola in Pakistan ...",Daily Times,gold rate in pakistan,"gold rate in pakistan on 17 may is being sold for rs. 200017 per 10 grams, and the price of gold is rs. 233300 per tola in pakistan ..."
2023-05-18,GOLD,Gold and silver prices: Everything to know now,"Here's where gold and silver prices are today, and what both precious metals' price movements over time mean for investors.",CBS News,gold and silver prices everything to know now,"here's where gold and silver prices are today, and what both precious metals' price movements over time mean for investors."
2023-05-18,GOLD,"Gold, silver rate today under pressure as US dollar climbs to two month high","Gold rate today has immediate support placed at $1,945 per ounce levels in international market",Livemint,"gold, silver rate today under pressure as us dollar climbs to two month high","gold rate today has immediate support placed at $1,945 per ounce levels in international market"
2023-05-18,GOLD,Is a Cyclical Bull Market Underway in Gold Mining Sector?,"Commodities Analysis by Steve Saville covering: XAU/USD, XAG/USD, Gold Futures, Silver Futures. Read Steve Saville's latest article on Investing.com",Investing.com,is a cyclical bull market underway in gold mining sector,"commodities analysis by steve saville covering xau usd, xag usd, gold futures, silver futures. read steve saville's latest article on investing.com"
2023-05-18,GOLD,Gold Price Suppression or Unbroken Confidence by the Herd?,"Commodities Analysis by Gary Tanashian covering: XAU/USD, Gold Futures, SPDR® Gold Shares, ProShares UltraShort Gold. Read Gary Tanashian's latest article on Investing.com",Investing.com,gold price suppression or unbroken confidence by the herd,"commodities analysis by gary tanashian covering xau usd, gold futures, spdr gold shares, proshares ultrashort gold. read gary tanashian's latest article on investing.com"
2023-05-19,GOLD,Gold price rebounds as US dollar retraces from two month high. Should you buy?,"Gold rate today has immediate support placed at $1,950 levels whereas on MCX, it has support placed at ₹59,500 per 10 gm mark, believe experts",Livemint,gold price rebounds as us dollar retraces from two month high. should you buy,"gold rate today has immediate support placed at $1,950 levels whereas on mcx, it has support placed at 59,500 per 10 gm mark, believe experts"
2023-05-19,GOLD,Why is the Newcrest share price sitting at 6-week lows?,The Newcrest Mining Ltd (ASX: NCM) share price has fallen sharply to hit a six-week low. What's gone wrong with this ASX 200 gold stock?,The Motley Fool Australia,why is the newcrest share price sitting at 6-week lows,the newcrest mining ltd asx ncm share price has fallen sharply to hit a six-week low. what's gone wrong with this asx 200 gold stock
2023-05-19,GOLD,Sovereign Gold Bond: Price for premature redemption of Series VIII of SGB 2017-18 due on May 20,The RBI has set up a price for early redemption of Series VIII of SGB 2017-18.,Livemint,sovereign gold bond price for premature redemption of series viii of sgb 2017-18 due on may 20,the rbi has set up a price for early redemption of series viii of sgb 2017-18.
2023-05-20,GOLD,"Gold traders cautious but grain wholesalers of Pune say RBI’s move to withdraw Rs 2,000 notes won’t affect them","The Reserve Bank of India (RBI) announcement of the withdrawal of Rs 2,000 notes has had an overnight impact on gold and grain market traders.",The Indian Express,"gold traders cautious but grain wholesalers of pune say rbi s move to withdraw rs 2,000 notes won t affect them","the reserve bank of india rbi announcement of the withdrawal of rs 2,000 notes has had an overnight impact on gold and grain market traders."
2023-05-20,GOLD,"Shadow of demonetisation as RBI withdraws Rs 2,000 note: Has the clock struck 8 again?","This decision will cause disruption across the economy, from households to real estate and informal market for gold to state elections",The Indian Express,"shadow of demonetisation as rbi withdraws rs 2,000 note has the clock struck 8 again","this decision will cause disruption across the economy, from households to real estate and informal market for gold to state elections"
2023-05-20,GOLD,Americans view gold as a better investment than stocks for the first time since 2013. Here's why that's a good sign for the stock market.,"The share of Americans that view stocks as the best long-term investment fell to 18% this year from 25% last year, the lowest level since 2011.",Yahoo Canada Finance,americans view gold as a better investment than stocks for the first time since 2013. here's why that's a good sign for the stock market.,"the share of americans that view stocks as the best long-term investment fell to 18% this year from 25% last year, the lowest level since 2011."
2023-05-21,GOLD,Muthoot Finance Q4 results: Share price jump over 6% as company records all-time high gold loan growth in Q4,"Muthoot Finance posted a net profit of ₹1,009.2 crore in Q4FY23, registering a rise of 0.3%, from ₹1,006 crore in the corresponding period last year.",Livemint,muthoot finance q4 results share price jump over 6% as company records all-time high gold loan growth in q4,"muthoot finance posted a net profit of 1,009.2 crore in q4fy23, registering a rise of 0.3%, from 1,006 crore in the corresponding period last year."
2023-05-21,GOLD,Why Silver ETF has turned an attractive investment opportunity,"Adopting a multi-asset investment plan by taking exposure to various asset classes like equity, debt and commodities, is the optimal course of action for navigating through volatility and uncertain times. Commodities such as gold and silver provide excellent diversification options, as their price movements are less correlated to other asset classes, especially equities.  Why",Deccan Herald,why silver etf has turned an attractive investment opportunity,"adopting a multi-asset investment plan by taking exposure to various asset classes like equity, debt and commodities, is the optimal course of action for navigating through volatility and uncertain times. commodities such as gold and silver provide excellent diversification options, as their price movements are less correlated to other asset classes, especially equities. why"
2023-05-21,GOLD,Gold starts week with small gain,"After a minuscule cumulative gain last week, the price of gold rose again in Pakistan Monday. The rate of gold rose by Rs2,000 per tola and Rs1,714 per 10 grams to settle at Rs237,300 and...",The News International,gold starts week with small gain,"after a minuscule cumulative gain last week, the price of gold rose again in pakistan monday. the rate of gold rose by rs2,000 per tola and rs1,714 per 10 grams to settle at rs237,300 and..."
2023-05-22,GOLD,3 things affecting gold prices now,Macroeconomic changes can impact investors' demand for gold — and its price. Here are three important current factors to know.,CBS News,3 things affecting gold prices now,macroeconomic changes can impact investors' demand for gold and its price. here are three important current factors to know.
2023-05-23,GOLD,"Investors could benefit from revamping their 60/40 portfolios as a tough market takes hold, top Goldman strategist says","Investors should consider switching out some of their stocks and bonds for gold, private investments, options, and higher-quality equities and credit.",Yahoo Canada Finance,"investors could benefit from revamping their 60 40 portfolios as a tough market takes hold, top goldman strategist says","investors should consider switching out some of their stocks and bonds for gold, private investments, options, and higher-quality equities and credit."
2023-05-23,GOLD,Trim Stocks and Buy Gold As Stock Market Overestimates Interest Rate Cuts,"""We maintain that the risk-reward for equities is poor given elevated risk of recession, stretched valuations, high rates and tightening liquidity.""",Markets Insider,trim stocks and buy gold as stock market overestimates interest rate cuts,"we maintain that the risk-reward for equities is poor given elevated risk of recession, stretched valuations, high rates and tightening liquidity."
2023-05-23,GOLD,Are Markets Prepared for a Potential U.S. Debt Default?,"Market Overview Analysis by Alfonso Peccatiello covering: XAU/USD, US Dollar Index Futures, Gold Futures, SPDR® Gold Shares. Read Alfonso Peccatiello's latest article on Investing.com",Investing.com,are markets prepared for a potential u.s. debt default,"market overview analysis by alfonso peccatiello covering xau usd, us dollar index futures, gold futures, spdr gold shares. read alfonso peccatiello's latest article on investing.com"
2023-05-23,GOLD,Gold price today: Rates inch up in early trade; what should be your strategy? Here's what experts say,Gold prices have been volatile of late due to dollar's rise and the ongling debt ceiling crisis in the US. Expertds expec the yellow metal to remain rangebound in the short term.,Livemint,gold price today rates inch up in early trade what should be your strategy here's what experts say,gold prices have been volatile of late due to dollar's rise and the ongling debt ceiling crisis in the us. expertds expec the yellow metal to remain rangebound in the short term.
2023-05-23,GOLD,The debt crisis is looming. Here's how gold can help investors.,"If the U.S. defaults on its debt in the weeks ahead, gold could help some investors mitigate market turmoil. Here's how.",CBS News,the debt crisis is looming. here's how gold can help investors.,"if the u.s. defaults on its debt in the weeks ahead, gold could help some investors mitigate market turmoil. here's how."
2023-05-25,GOLD,Gold Price Today: Rates rise in early trade; should you buy or wait?,Gold rate today: Gold prices inched up on MCX but the gains were capped amid improved sentiment in the domestic equity market and the dollar's recent gains.,Livemint,gold price today rates rise in early trade should you buy or wait,gold rate today gold prices inched up on mcx but the gains were capped amid improved sentiment in the domestic equity market and the dollar's recent gains.
2023-05-26,GOLD,Nvidia just added $200 billion to its market cap on AI hype - and the gold rush may just be getting started,Insider's Phil Rosen explains what's behind the key chip stock's meteoric rise.,Yahoo Canada Finance,nvidia just added $200 billion to its market cap on ai hype - and the gold rush may just be getting started,insider's phil rosen explains what's behind the key chip stock's meteoric rise.
2023-05-26,GOLD,"The AI hype gripping the stock market will resemble a miniature dot-com bubble, UBS's Art Cashin says","Wall Street is riding the wave of hype around artificial intelligence, and the gold rush may just be getting started.",Yahoo Canada Finance,"the ai hype gripping the stock market will resemble a miniature dot-com bubble, ubs's art cashin says","wall street is riding the wave of hype around artificial intelligence, and the gold rush may just be getting started."
2023-05-26,GOLD,GLOBAL MARKETS-Nvidia fuels Wall Street gains; gold falls to two-month low,"The dollar index, which tracks the greenback against a basket of currencies of other major trading partners, rose to 104.25. Treasury yields surged on signs of persistent strength in the U.S. labor market, but gains on short-term bills were pared when top congressional Republican Kevin McCarthy said some progress had been made in talks to raise the debt ceiling.",Devdiscourse,global markets-nvidia fuels wall street gains gold falls to two-month low,"the dollar index, which tracks the greenback against a basket of currencies of other major trading partners, rose to 104.25. treasury yields surged on signs of persistent strength in the u.s. labor market, but gains on short-term bills were pared when top congressional republican kevin mccarthy said some progress had been made in talks to raise the debt ceiling."
2023-05-26,GOLD,Gold price today: Yellow metal falls in futures trade; what should be your strategy?,The minutes of the May 2-3 Federal Reserve meeting did not offer clear signs of a pause on rate hikes in June which is negative for gold.,Livemint,gold price today yellow metal falls in futures trade what should be your strategy,the minutes of the may 2-3 federal reserve meeting did not offer clear signs of a pause on rate hikes in june which is negative for gold.
2023-05-27,GOLD,How chipmaker Nvidia struck AI gold,Huge demand for the US company’s H100 processors helped send its market value skyrocketing towards $US1 trillion.,Australian Financial Review,how chipmaker nvidia struck ai gold,huge demand for the us company s h100 processors helped send its market value skyrocketing towards $us1 trillion.
2023-05-27,GOLD,"How is US debt ceiling crisis affecting gold price, Dollar-Rupee rate - Explained","US Debt crisis is currently driving the movement in the US dollar and gold prices in global market. Which direction can these two move in the coming week, find out here:",Livemint,"how is us debt ceiling crisis affecting gold price, dollar-rupee rate - explained","us debt crisis is currently driving the movement in the us dollar and gold prices in global market. which direction can these two move in the coming week, find out here"
2023-05-28,GOLD,"Gold begins week with Rs1,700 per tola fall","After losing Rs1,100 cumulatively last week, the price of gold dropped again in Pakistan Monday. The rate of gold decreased by Rs1,700 per tola and Rs1,457 per 10 grams to reach Rs234,500 and...",The News International,"gold begins week with rs1,700 per tola fall","after losing rs1,100 cumulatively last week, the price of gold dropped again in pakistan monday. the rate of gold decreased by rs1,700 per tola and rs1,457 per 10 grams to reach rs234,500 and..."
2023-05-28,GOLD,IPL 2023 Gold Trophy Has A Strong Connection With Mukesh Ambani; Take A Look At Its Whopping Price Tag,IPL 2023 Gold trophy worth a whopping amount has a connection with Mukesh Ambani,Mashable India,ipl 2023 gold trophy has a strong connection with mukesh ambani take a look at its whopping price tag,ipl 2023 gold trophy worth a whopping amount has a connection with mukesh ambani
2023-05-29,GOLD,Gold Rate In Pakistan,"Gold Rate In Pakistan on 29 May is being sold for Rs. 202332 per 10 grams, and the price of Gold is Rs. 236000 per tola in Pakistan ...",Daily Times,gold rate in pakistan,"gold rate in pakistan on 29 may is being sold for rs. 202332 per 10 grams, and the price of gold is rs. 236000 per tola in pakistan ..."
2023-05-29,GOLD,"‘GoStudy’, India’s Top Study Abroad Consultancy awarded “Great Place to Work” and “Times Education Icon”","GoStudy™ is now a Great Place to Work-Certified™ organization, recognized worldwide by employees and employers alike, and is considered the 'Gold Standard' in identifying and recognizing Great Workplace Cultures. GoStudy has created a Great Place to Work FOR ALL their employees by excelling on the 5 dimensions of a High-Trust, High-Performance Culture™ – Credibility, Respect, Fairness, Pride, and Camaraderie.
Recently, GoStudy, a leader in overseas education consulting, launched their new operational HQ in Chennai to help Indian students realize their overseas education dream. GoStudy already has a strong presence across India with offices in Chennai, Delhi, Mumbai, Pune, Bangalore, Cochin, Trivandrum, and Coimbatore, leading the path with a well-established network of physical presence across India in the international education industry. As an 'Official University Partner' for all Universities, GoStudy provides free personalized Admission & Scholarship guidance by Certified Education Experts.
GoStudy hosted a press conference to share the joy of receiving the Great Place to Work award, and Times Education Icon presented by Times Group. During the event, the Managing Director of GoStudy Mrs. Lakshmi Prabha, spoke about their upcoming plans for the future, including expanding the brand into Mangalore, Mysore, Vizag, Jaipur, Lucknow, Guntur, Kozhikode, Kohlapur, etc., to serve more students in tier 2 cities. Despite the challenging market, GoStudy aims to hire approximately 250 talented professionals and freshers seeking promising opportunities. “We firmly believe that adding proactive talent will further propel our company's growth.” she said.
After Covid, more and more students are planning to study abroad. Recent trends show steady growth in Indian Students' applications to study abroad. According to the Ministry of external affairs, as of 2022, 13 Lakh Indian Students are studying abroad, and India will eventually take over the number of International Students from China. While engineering remains a popular course, there is a rising trend towards specialised courses in niche study areas.
GoStudy's new operational HQ boasts a team of highly qualified professional consultants with extensive experience in overseas education. They provide personalized guidance and support to students in their journey toward their desired international higher education destination. GoStudy is sure to consolidate and strengthen its presence in India after its consistent achievements over the years. With a successful track record of placing over 10,000 students in countries like the USA, Canada, UK, Australia, New Zealand, Ireland, France, and other European countries, We have been lauded with appreciation from our students and their parents for the past 10+ years. A strong digital presence and an ever-ready response to enquiries through certified consultants have worked out perfectly for GoStudy and are the secret behind our success.
Strategies for GoStudy:
GoStudy's strategies revolve around offering personalized attention, engaging SOP and LORs, a streamlined application process, assistance with education loans and accommodation, and comprehensive knowledge of study destinations, universities, and sector scopes. Consultants undergo regular training to stay updated on the latest information regarding courses, universities, and visa requirements. With a remarkable 100% visa success rate, GoStudy is well-positioned to build on its success.
""We are looking forward to this great leap as we are sure of what we are doing with a young, dynamic team of consultants, ready to assist students and to make a mark in the industry,"" concluded Lakshmi Prabha.",Outlook Money,"gostudy , india s top study abroad consultancy awarded great place to work and times education icon","gostudy is now a great place to work-certified organization, recognized worldwide by employees and employers alike, and is considered the 'gold standard' in identifying and recognizing great workplace cultures. gostudy has created a great place to work for all their employees by excelling on the 5 dimensions of a high-trust, high-performance culture credibility, respect, fairness, pride, and camaraderie. recently, gostudy, a leader in overseas education consulting, launched their new operational hq in chennai to help indian students realize their overseas education dream. gostudy already has a strong presence across india with offices in chennai, delhi, mumbai, pune, bangalore, cochin, trivandrum, and coimbatore, leading the path with a well-established network of physical presence across india in the international education industry. as an 'official university partner' for all universities, gostudy provides free personalized admission scholarship guidance by certified education experts. gostudy hosted a press conference to share the joy of receiving the great place to work award, and times education icon presented by times group. during the event, the managing director of gostudy mrs. lakshmi prabha, spoke about their upcoming plans for the future, including expanding the brand into mangalore, mysore, vizag, jaipur, lucknow, guntur, kozhikode, kohlapur, etc., to serve more students in tier 2 cities. despite the challenging market, gostudy aims to hire approximately 250 talented professionals and freshers seeking promising opportunities. we firmly believe that adding proactive talent will further propel our company's growth. she said. after covid, more and more students are planning to study abroad. recent trends show steady growth in indian students' applications to study abroad. according to the ministry of external affairs, as of 2022, 13 lakh indian students are studying abroad, and india will eventually take over the number of international students from china. while engineering remains a popular course, there is a rising trend towards specialised courses in niche study areas. gostudy's new operational hq boasts a team of highly qualified professional consultants with extensive experience in overseas education. they provide personalized guidance and support to students in their journey toward their desired international higher education destination. gostudy is sure to consolidate and strengthen its presence in india after its consistent achievements over the years. with a successful track record of placing over 10,000 students in countries like the usa, canada, uk, australia, new zealand, ireland, france, and other european countries, we have been lauded with appreciation from our students and their parents for the past 10 years. a strong digital presence and an ever-ready response to enquiries through certified consultants have worked out perfectly for gostudy and are the secret behind our success. strategies for gostudy gostudy's strategies revolve around offering personalized attention, engaging sop and lors, a streamlined application process, assistance with education loans and accommodation, and comprehensive knowledge of study destinations, universities, and sector scopes. consultants undergo regular training to stay updated on the latest information regarding courses, universities, and visa requirements. with a remarkable 100% visa success rate, gostudy is well-positioned to build on its success. we are looking forward to this great leap as we are sure of what we are doing with a young, dynamic team of consultants, ready to assist students and to make a mark in the industry, concluded lakshmi prabha."
2023-05-30,GOLD,Gold rate today trades tepid as investors await more cue after Chinese data,"Gold rate today has immediate support placed at $1,920 per ounce levels whereas on MCX, immediate support for gold price is placed at ₹59,000 per 10 gm levels, say experts",Livemint,gold rate today trades tepid as investors await more cue after chinese data,"gold rate today has immediate support placed at $1,920 per ounce levels whereas on mcx, immediate support for gold price is placed at 59,000 per 10 gm levels, say experts"
2023-05-30,GOLD,Gold miner seeks $860 million in the largest Jakarta IPO of 2023,"Indonesia's PT Amman Mineral plans to raise up to 12.9tn rupiah ($860m) in an IPO, which would be the country's largest this year. The offering, which will be listed on the Jakarta stock exchange on 5 July, would offer 7.29 billion shares at a price range of 1,650 to 1,775 rupiah per share.",Livemint,gold miner seeks $860 million in the largest jakarta ipo of 2023,"indonesia's pt amman mineral plans to raise up to 12.9tn rupiah $860m in an ipo, which would be the country's largest this year. the offering, which will be listed on the jakarta stock exchange on 5 july, would offer 7.29 billion shares at a price range of 1,650 to 1,775 rupiah per share."
2023-05-31,GOLD,Gold Rates Decline In India Today; Check 22 Carat Price In Your City On May 31,Today's Indian gold prices are declining on (31st May 2023) check the 22-carat price in your city Latest updates Gold Rate at news18.com,News18,gold rates decline in india today check 22 carat price in your city on may 31,today's indian gold prices are declining on 31st may 2023 check the 22-carat price in your city latest updates gold rate at news18.com
2023-06-01,GOLD,Gold Rates 22 Carat Rise In India; Check Latest Price In Your City On June 1,"Gold prices in India: Gold is considered as an important part in India due to cultural significance, investment value, and its traditional role.",News18,gold rates 22 carat rise in india check latest price in your city on june 1,"gold prices in india gold is considered as an important part in india due to cultural significance, investment value, and its traditional role."
2023-06-02,GOLD,Gold Rate In Pakistan,"Gold Rate In Pakistan on 2 June is being sold for Rs. 198645 per 10 grams, and the price of Gold is Rs. 231700 per tola in Pakistan ...",Daily Times,gold rate in pakistan,"gold rate in pakistan on 2 june is being sold for rs. 198645 per 10 grams, and the price of gold is rs. 231700 per tola in pakistan ..."
2023-06-02,GOLD,Gold Rates 24 Carat Rise In India; Check Latest Price In Your City On June 2,"Gold prices in India: Gold is considered as an important part in India due to cultural significance, investment value, and its traditional role.",News18,gold rates 24 carat rise in india check latest price in your city on june 2,"gold prices in india gold is considered as an important part in india due to cultural significance, investment value, and its traditional role."
2023-06-02,GOLD,"Man in China sends $1.9m in cash, gold bars to fiancee’s home in armoured truck as part of ‘bride price’",The exorbitant bride price drew reactions of envy and criticism online. Read more at straitstimes.com.,The Straits Times,"man in china sends $1.9m in cash, gold bars to fiancee s home in armoured truck as part of bride price",the exorbitant bride price drew reactions of envy and criticism online. read more at straitstimes.com.
2023-06-03,GOLD,"Gold Prices In India Remain Above Rs 60,000: Check Latest Gold Rates In Your City","Gold Price in India Today: Gold prices in India are generally influenced by a variety of factors, including global economic conditions, inflation rates, currency fluctuations, and local demand and supply dynamics",News18,"gold prices in india remain above rs 60,000 check latest gold rates in your city","gold price in india today gold prices in india are generally influenced by a variety of factors, including global economic conditions, inflation rates, currency fluctuations, and local demand and supply dynamics"
2023-06-04,GOLD,Gold Rates Today In India; Check 22 Carat Latest Price In Your City On June 4,"Gold Rates Today In India; Check 22 Carat Latest Price In Your City On June 4, 24-carat gold: ₹60,310 per 10 grams, 22-carat gold: ₹55,240 per 10 grams, This is an increase of gold from yesterday's prices.",News18,gold rates today in india check 22 carat latest price in your city on june 4,"gold rates today in india check 22 carat latest price in your city on june 4, 24-carat gold 60,310 per 10 grams, 22-carat gold 55,240 per 10 grams, this is an increase of gold from yesterday's prices."
2023-06-04,GOLD,"Gold, silver rate today under pressure as US dollar climbs to two month high on Fed jitters","Gold price today has support placed at ₹59,000 per 10 gm levels on MCX whereas it has support placed at $1,920 levels, say commodity market experts",Livemint,"gold, silver rate today under pressure as us dollar climbs to two month high on fed jitters","gold price today has support placed at 59,000 per 10 gm levels on mcx whereas it has support placed at $1,920 levels, say commodity market experts"
2023-06-04,GOLD,‘They don’t build them like they used to’,"A sense of nostalgia pushed up the price of a Gold Coast apartment, drawing cashed-up buyers who didn’t mind the lack of facilities. Or that it was unrenovated.",Australian Financial Review,they don t build them like they used to,"a sense of nostalgia pushed up the price of a gold coast apartment, drawing cashed-up buyers who didn t mind the lack of facilities. or that it was unrenovated."
2023-06-05,GOLD,Eldorado Gold latest miner to shore up flagging equity financing market,"Despite a downward trend, investors remain eager to give money to miners",The Globe and Mail,eldorado gold latest miner to shore up flagging equity financing market,"despite a downward trend, investors remain eager to give money to miners"
2023-06-05,GOLD,Gold Rate In Pakistan,"Gold Rate In Pakistan on 5 June is being sold for Rs. 198645 per 10 grams, and the price of Gold is Rs. 231700 per tola in Pakistan ...",Daily Times,gold rate in pakistan,"gold rate in pakistan on 5 june is being sold for rs. 198645 per 10 grams, and the price of gold is rs. 231700 per tola in pakistan ..."
2023-06-05,GOLD,"As the SEC Declares War on Binance and Its CEO Changpeng Zhao, Bitcoin Is Trading More Like Gold Than Ever Before","The apex US financial regulator is now going after the biggest crypto exchange in the world, hammering the price of Bitcoin in the process.",Wccftech,"as the sec declares war on binance and its ceo changpeng zhao, bitcoin is trading more like gold than ever before","the apex us financial regulator is now going after the biggest crypto exchange in the world, hammering the price of bitcoin in the process."
2023-06-05,GOLD,"Gold price falls over Rs2,000 in Pakistan","Despite an increase in the international rate and depreciation in the local currency against dollar, the per tola price of gold fell over Rs2,000 in Pakistan on Tuesday.According to the data...",The News International,"gold price falls over rs2,000 in pakistan","despite an increase in the international rate and depreciation in the local currency against dollar, the per tola price of gold fell over rs2,000 in pakistan on tuesday.according to the data..."
2023-06-06,GOLD,Gold Rates Today In India; Know 22 Carat Latest Price In Your City On June 6,"Gold price today in India: 22 carat gold was Rs 55,700/10 grams in Chennai.",News18,gold rates today in india know 22 carat latest price in your city on june 6,"gold price today in india 22 carat gold was rs 55,700 10 grams in chennai."
2023-06-06,GOLD,Gold price today: Gold rates slip in early trade; what should be your strategy?,Gold price today: Gold and silver settled on a positive note in the international markets in the previous session. Domestic markets also saw the yellow metal rise. Gold and silver gained as investors rushed to safe-haven assets after escalating Russia-Ukraine tensions.,Livemint,gold price today gold rates slip in early trade what should be your strategy,gold price today gold and silver settled on a positive note in the international markets in the previous session. domestic markets also saw the yellow metal rise. gold and silver gained as investors rushed to safe-haven assets after escalating russia-ukraine tensions.
2023-06-07,GOLD,Gold Rates 22 Carat In India; Check June 7 Price List In Your City Now,"Gold rate today in India: 22 carat gold was Rs 56,000/10 grams in Chennai.",News18,gold rates 22 carat in india check june 7 price list in your city now,"gold rate today in india 22 carat gold was rs 56,000 10 grams in chennai."
2023-06-07,GOLD,"Gold, silver rate today trade range-bound as investors await RBI MPC meeting outcome impact","Gold rate today has immediate support placed at $1,935 levels whereas on MCX, gold price has support placed at ₹59,200 mark, say commodity market experts",Livemint,"gold, silver rate today trade range-bound as investors await rbi mpc meeting outcome impact","gold rate today has immediate support placed at $1,935 levels whereas on mcx, gold price has support placed at 59,200 mark, say commodity market experts"
2023-06-09,GOLD,$42m Gold Coast mega-mansion returns to market after sale falls over,"Bellagio La Villa has reappeared on real estate websites, while a designer Bronte oceanfront is expected to sell for more than $20 million.",Australian Financial Review,$42m gold coast mega-mansion returns to market after sale falls over,"bellagio la villa has reappeared on real estate websites, while a designer bronte oceanfront is expected to sell for more than $20 million."
2023-06-09,GOLD,Gold price jumps for second straight week on US Fed rate-pause buzz. Buy or wait for FOMC meeting?,Gold prices continue to rise for the second straight week amid weakness in the US dollar amid speculations of US Fed rate-pause,Livemint,gold price jumps for second straight week on us fed rate-pause buzz. buy or wait for fomc meeting,gold prices continue to rise for the second straight week amid weakness in the us dollar amid speculations of us fed rate-pause
2023-06-10,GOLD,Gold Prices Fall Amid Weak Global Trends: Check Latest 22 Carat Gold Rates In India On June 10,"Gold Prices In India On June 10: The price of 22-carat gold stands at Rs 55,750 per 10 gram, silver at Rs 74,500 per kilo",News18,gold prices fall amid weak global trends check latest 22 carat gold rates in india on june 10,"gold prices in india on june 10 the price of 22-carat gold stands at rs 55,750 per 10 gram, silver at rs 74,500 per kilo"
2023-06-11,GOLD,Gold Rates Today In India: Check Latest 22 Carat Price In Your City On June 11,"Gold prices in India are generally influenced by a variety of factors, including global economic conditions, inflation rates.",News18,gold rates today in india check latest 22 carat price in your city on june 11,"gold prices in india are generally influenced by a variety of factors, including global economic conditions, inflation rates."
2023-06-12,GOLD,Gold rates today edge higher on rate-pause bets from US Fed meeting,"Gold rate today is trading in $1,935 to $2,000 per ounce range in international market whereas on MCX, gold price is in ₹59,200 to ₹60,400 per 10 gm range",Livemint,gold rates today edge higher on rate-pause bets from us fed meeting,"gold rate today is trading in $1,935 to $2,000 per ounce range in international market whereas on mcx, gold price is in 59,200 to 60,400 per 10 gm range"
2023-06-12,GOLD,Gold Bulls Seek Further Weakness in U.S. Dollar,"Market Overview Analysis by Chris Kimble covering: XAU/USD, US Dollar Index Futures, Gold Futures, SPDR® Gold Shares. Read Chris Kimble's latest article on Investing.com",Investing.com,gold bulls seek further weakness in u.s. dollar,"market overview analysis by chris kimble covering xau usd, us dollar index futures, gold futures, spdr gold shares. read chris kimble's latest article on investing.com"
2023-06-12,GOLD,Russell 2000 Approaches Potential Top,"Market Overview Analysis by Michele Schneider covering: S&P 500, US Small Cap 2000, SPDR® S&P 500, Gold Futures. Read Michele Schneider's latest article on Investing.com",Investing.com,russell 2000 approaches potential top,"market overview analysis by michele schneider covering s p 500, us small cap 2000, spdr s p 500, gold futures. read michele schneider's latest article on investing.com"
2023-06-12,GOLD,"Australian shares poised to open higher on strength of S&P 500, Nasdaq","Shares are set to catch New York’s upward wave. S&P 500 rises 0.9pc, solidifying bull market move. Oil, gold, iron ore drop. Follow updates here.",Australian Financial Review,"australian shares poised to open higher on strength of s p 500, nasdaq","shares are set to catch new york s upward wave. s p 500 rises 0.9pc, solidifying bull market move. oil, gold, iron ore drop. follow updates here."
2023-06-12,GOLD,Gold bars used to lure Chinese homebuyers amid market slowdown,Property developers struggle to rebuild confidence in housing market after three years of economic pain,The Guardian,gold bars used to lure chinese homebuyers amid market slowdown,property developers struggle to rebuild confidence in housing market after three years of economic pain
2023-06-13,GOLD,Gold Price Today: Yellow metal rates edge up in early trade; what should be your strategy for gold today?,The latest US inflation data boosted hopes for a pause in rate hikes by the Fed which will be positive for gold. Gold prices are expected to trade slightly volatile ahead of the US Fed outcome.,Livemint,gold price today yellow metal rates edge up in early trade what should be your strategy for gold today,the latest us inflation data boosted hopes for a pause in rate hikes by the fed which will be positive for gold. gold prices are expected to trade slightly volatile ahead of the us fed outcome.
2023-06-13,GOLD,Gold Latest Price In India On June 13: Check 22 Carat Rate In Your City Here,"Gold price in India: In Noida, 22 carat gold was priced at Rs 55,550/10 gram.",News18,gold latest price in india on june 13 check 22 carat rate in your city here,"gold price in india in noida, 22 carat gold was priced at rs 55,550 10 gram."
2023-06-15,GOLD,"Sovereign Gold Bonds In 2023: RBI Issues Subscription Dates, Tenure, Interest; Full Details","The price of SGB will be fixed in Indian rupees on the basis of a simple average of the closing price of gold of 999 purity, published by the IBJA for the past three working days of the week preceding the subscription period",News18,"sovereign gold bonds in 2023 rbi issues subscription dates, tenure, interest full details","the price of sgb will be fixed in indian rupees on the basis of a simple average of the closing price of gold of 999 purity, published by the ibja for the past three working days of the week preceding the subscription period"
2023-06-15,GOLD,Gold Prices Decline In India: Check 22 Carat Rate In Your City On June 15,Gold price today in India on June 15: The retail gold price in India is the price at which gold is sold to consumers in India.,News18,gold prices decline in india check 22 carat rate in your city on june 15,gold price today in india on june 15 the retail gold price in india is the price at which gold is sold to consumers in india.
2023-06-16,GOLD,"Gold loses shine, price falls by Rs1,700 in Pakistan",KARACHI: The gold price in Pakistan declined in the outgoing week on Saturday after a two-day increase following a loss in the prices in the international market. The price of gold ...,The News International,"gold loses shine, price falls by rs1,700 in pakistan",karachi the gold price in pakistan declined in the outgoing week on saturday after a two-day increase following a loss in the prices in the international market. the price of gold ...
2023-06-16,GOLD,"Gold, silver price jumps as US dollar hits five-week low. Good opportunity to buy?","Gold and silver prices were volatile last week, with gold closing with a minor weekly losses of 0.78%",Livemint,"gold, silver price jumps as us dollar hits five-week low. good opportunity to buy","gold and silver prices were volatile last week, with gold closing with a minor weekly losses of 0.78%"
2023-06-16,GOLD,"With gold prices hovering at near highs, should you invest in the yellow metal now?","Commodity market analysts believe that gold prices are likely to remain trapped in a tight range. For investors looking for an entry, allocating a portion",Business Insider India,"with gold prices hovering at near highs, should you invest in the yellow metal now","commodity market analysts believe that gold prices are likely to remain trapped in a tight range. for investors looking for an entry, allocating a portion"
2023-06-17,GOLD,Gold price trades tepid despite US dollar hitting five week low. Should you buy after ECB interest rate hike?,"Gold rat today is in ₹59,000 to ₹59,800 per 10 gm range in domestic market, say experts",Livemint,gold price trades tepid despite us dollar hitting five week low. should you buy after ecb interest rate hike,"gold rat today is in 59,000 to 59,800 per 10 gm range in domestic market, say experts"
2023-06-18,GOLD,Gold Rate Today In India: Check 22 Carat Price In Your City On June 18,"Gold rate today: In Noida, 22 carat gold was priced at Rs 55,260/10 gram.",News18,gold rate today in india check 22 carat price in your city on june 18,"gold rate today in noida, 22 carat gold was priced at rs 55,260 10 gram."
2023-06-20,GOLD,Gold Coast flight price: Virgin Australia’s mid week sale,Virgin Australia will offer flights to the Gold Coast for as little as $69 as part of a new advertising blitz.,NEWS.com.au,gold coast flight price virgin australia s mid week sale,virgin australia will offer flights to the gold coast for as little as $69 as part of a new advertising blitz.
2023-06-20,GOLD,Gold Latest Rate In India On June 20: Check 22 And 24 Carat Price In Your City Here,Gold rate today in India: The gold rate is largely determined by the demand and supply of gold in the market.,News18,gold latest rate in india on june 20 check 22 and 24 carat price in your city here,gold rate today in india the gold rate is largely determined by the demand and supply of gold in the market.
2023-06-20,GOLD,Gold price today: Gold rates flat in early futures trade; what should be your strategy for the yellow metal today?,"Gold prices traded lacklustre on MCX on Wednesday, tracking weak global cues and the dollar's rise ahead of Federal Reserve Chairman Jerome Powell's congressional testimony.",Livemint,gold price today gold rates flat in early futures trade what should be your strategy for the yellow metal today,"gold prices traded lacklustre on mcx on wednesday, tracking weak global cues and the dollar's rise ahead of federal reserve chairman jerome powell's congressional testimony."
2023-06-20,GOLD,"ETFs cut gold holdings, Bitcoin struggles to hold onto gains",ETFs have been trimming their gold holdings while Bitcoin has been struggling to maintain its gains. Yahoo Finance markets reporter Ines Ferre breaks down the market action.,Yahoo Canada Finance,"etfs cut gold holdings, bitcoin struggles to hold onto gains",etfs have been trimming their gold holdings while bitcoin has been struggling to maintain its gains. yahoo finance markets reporter ines ferre breaks down the market action.
2023-06-21,GOLD,Gold Rate Today In India: Check 10 Gram Price In Your City On June 21,"In Noida, 22 carat gold was priced at Rs 55,150/10 gram. For 24 carat, customers have to pay Rs 60,150/10 grams.",News18,gold rate today in india check 10 gram price in your city on june 21,"in noida, 22 carat gold was priced at rs 55,150 10 gram. for 24 carat, customers have to pay rs 60,150 10 grams."
2023-06-22,GOLD,Why is the Gold Road share price diving 9% today?,The Gold Road Resources Ltd (ASX:GOR) share price is having a tough time on Thursday. Why are investors selling this gold share?,The Motley Fool Australia,why is the gold road share price diving 9% today,the gold road resources ltd asx gor share price is having a tough time on thursday. why are investors selling this gold share
2023-06-22,GOLD,Northern Star share price tumbles despite $1.5 billion 'exciting day',The Northern Star Resources Ltd (ASX:NST) share price is trading lower despite some big news. Here's what's happening with this gold share...,The Motley Fool Australia,northern star share price tumbles despite $1.5 billion 'exciting day',the northern star resources ltd asx nst share price is trading lower despite some big news. here's what's happening with this gold share...
2023-06-23,GOLD,"Gold rates today at three month low on strong dollar, US Fed rate hike buzz. Buy or wait?","Gold rate today has support placed at $1,905 levels whereas on MCX, gold price has support placed at ₹58,000 per 10 gm levels, say experts",Livemint,"gold rates today at three month low on strong dollar, us fed rate hike buzz. buy or wait","gold rate today has support placed at $1,905 levels whereas on mcx, gold price has support placed at 58,000 per 10 gm levels, say experts"
2023-06-23,GOLD,Gold Road share price down 14% in two days: Time to buy?,The Gold Road Resources Ltd (ASX:GOR) share price has been hammered this week. Should you be snapping up its shares now?,The Motley Fool Australia,gold road share price down 14% in two days time to buy,the gold road resources ltd asx gor share price has been hammered this week. should you be snapping up its shares now
2023-06-25,GOLD,Gold Rate Falls Again In India: Check 22 And 24 Carat Price In Your City On June 25,"Gold price today in India: Ahmedabad has a retail gold price of Rs 54,300 (22 carat).",News18,gold rate falls again in india check 22 and 24 carat price in your city on june 25,"gold price today in india ahmedabad has a retail gold price of rs 54,300 22 carat ."
2023-06-25,GOLD,"Gold regains shine, price rises by Rs800 per tola in Pakistan",KARACHI: The gold price in Pakistan and in the international market registered an increase at the start of the week on Monday. The price of gold increased by Rs800 per tola and Rs685 per 10...,The News International,"gold regains shine, price rises by rs800 per tola in pakistan",karachi the gold price in pakistan and in the international market registered an increase at the start of the week on monday. the price of gold increased by rs800 per tola and rs685 per 10...
2023-06-26,GOLD,"The AI gold rush could spark a 15% rally in tech stocks through the rest of the year as firms shell out $800 billion in the arms race, Wedbush says","An $800 billion AI spending wave is about the hit the market, and it could trigger another ""1995 moment"" for tech stocks, Wedbush said.",Yahoo Canada Finance,"the ai gold rush could spark a 15% rally in tech stocks through the rest of the year as firms shell out $800 billion in the arms race, wedbush says","an $800 billion ai spending wave is about the hit the market, and it could trigger another 1995 moment for tech stocks, wedbush said."
2023-06-26,GOLD,AI Gold Rush Could Spark 15% Tech Stock Rally: Wedbush,"An $800 billion AI spending wave is about the hit the market, and it could trigger another ""1995 moment"" for tech stocks, Wedbush said.",Markets Insider,ai gold rush could spark 15% tech stock rally wedbush,"an $800 billion ai spending wave is about the hit the market, and it could trigger another 1995 moment for tech stocks, wedbush said."
2023-06-26,GOLD,Gold price rebounds from three-month low. Should you buy in this rally?,"Gold rate today has immediate support placed at $1,910 per ounce levels in international market while on MCX, gold price has immediate support placed at ₹58,000 per 10 gm",Livemint,gold price rebounds from three-month low. should you buy in this rally,"gold rate today has immediate support placed at $1,910 per ounce levels in international market while on mcx, gold price has immediate support placed at 58,000 per 10 gm"
2023-06-26,GOLD,Musgrave rejects ‘opportunistic’ tilt by rival gold miner,"Musgrave’s board branded the bid, lobbed on June 6, as “opportunistic given Musgrave’s potential,” pointing to the offer being below the current share price.",Australian Financial Review,musgrave rejects opportunistic tilt by rival gold miner,"musgrave s board branded the bid, lobbed on june 6, as opportunistic given musgrave s potential, pointing to the offer being below the current share price."
2023-06-26,GOLD,Northern Star share price climbs on $61 million gold project acquisition,The Northern Star Resources Ltd (ASX: NST) share price is marching higher on news of a $61 million acquisition. Here’s what you need to know.,The Motley Fool Australia,northern star share price climbs on $61 million gold project acquisition,the northern star resources ltd asx nst share price is marching higher on news of a $61 million acquisition. here s what you need to know.
2023-06-26,GOLD,Gold prices fall as rupee ticks up against dollar,KARACHI: The gold prices in Pakistan edged lower as the rupee slightly firmed against the dollar on Friday amid lukewarm demand for the greenback and improved remittances on Eid.The price of gold ...,The News International,gold prices fall as rupee ticks up against dollar,karachi the gold prices in pakistan edged lower as the rupee slightly firmed against the dollar on friday amid lukewarm demand for the greenback and improved remittances on eid.the price of gold ...
2023-06-27,GOLD,Considering New Stocks for a Challenging H2 2023? Look No Further,"Market Overview Analysis by Investing.com (Laura Sánchez/Investing.com) covering: XAU/USD, Gold Futures, Health Care Select Sector SPDR® Fund, CBOE Volatility Index. Read Investing.com (Laura Sánchez/Investing.com)'s latest article on Investing.com",Investing.com,considering new stocks for a challenging h2 2023 look no further,"market overview analysis by investing.com laura sánchez investing.com covering xau usd, gold futures, health care select sector spdr fund, cboe volatility index. read investing.com laura sánchez investing.com 's latest article on investing.com"
2023-06-27,GOLD,Is This Canadian Gold Mining Stock a Hidden Gem?,Here's why Barrick Gold (TSX:ABX) could be a hidden gem among the various mining stocks in the market right now.,The Motley Fool Canada,is this canadian gold mining stock a hidden gem,here's why barrick gold tsx abx could be a hidden gem among the various mining stocks in the market right now.
2023-06-27,GOLD,Gold Rates Today In India: Check Latest 22 Carat Price In Your City On June 27,"Gold rate today in India: 22 carat gold was Rs 54,700/10 grams in Chennai.",News18,gold rates today in india check latest 22 carat price in your city on june 27,"gold rate today in india 22 carat gold was rs 54,700 10 grams in chennai."
2023-06-27,GOLD,Gold price in Pakistan increases despite fall in international rates,"The per tola price of gold in Pakistan jumped to Rs216,000 on Wednesday despite fall in the international rates.The price of gold rose by Rs1,800 per tola and Rs1,543 per 10 grams to settle at...",The News International,gold price in pakistan increases despite fall in international rates,"the per tola price of gold in pakistan jumped to rs216,000 on wednesday despite fall in the international rates.the price of gold rose by rs1,800 per tola and rs1,543 per 10 grams to settle at..."
2023-06-27,GOLD,How investors are buying their way into the AI start-up gold rush,"Despite the broader tech market being subdued, investors are piling in to private AI start-ups like OpenAI and Anthropic through high-priced secondary sales.",Australian Financial Review,how investors are buying their way into the ai start-up gold rush,"despite the broader tech market being subdued, investors are piling in to private ai start-ups like openai and anthropic through high-priced secondary sales."
2023-06-28,GOLD,Gold Rates Today In India: Check Updated Price Of 22 Carat In Your City On June 28,Gold Prices in India: Check the most recent price of 22 carat gold in your city on June 28 with today's Indian gold rates at news18.com,News18,gold rates today in india check updated price of 22 carat in your city on june 28,gold prices in india check the most recent price of 22 carat gold in your city on june 28 with today's indian gold rates at news18.com
2023-06-28,GOLD,Gold Coast faces country-leading 10.5pc sector inflation,New estimates show building capacity constraints in southeast Queensland will keep construction price growth at the nation’s highest for half a decade.,Australian Financial Review,gold coast faces country-leading 10.5pc sector inflation,new estimates show building capacity constraints in southeast queensland will keep construction price growth at the nation s highest for half a decade.
2023-06-28,GOLD,"Senco Gold IPO: Issue to open on July 4; Check price band, other details",The ₹405-crore Senco Gold IPO consists of a fresh issue of shares worth ₹270 crore and an offer for sale (OFS) of shares worth up to ₹135 crore by its promoter SAIF Partners India IV Ltd which holds 19.23% stake in the company.,Livemint,"senco gold ipo issue to open on july 4 check price band, other details",the 405-crore senco gold ipo consists of a fresh issue of shares worth 270 crore and an offer for sale ofs of shares worth up to 135 crore by its promoter saif partners india iv ltd which holds 19.23% stake in the company.
2023-06-29,GOLD,Gold Rates Fall Today On Eid: Check Latest 22 Carat Price In Your City On June 29,"Gold rate today: 10 grams of 24-carat gold was priced at Rs 58,960.",News18,gold rates fall today on eid check latest 22 carat price in your city on june 29,"gold rate today 10 grams of 24-carat gold was priced at rs 58,960."
2023-06-30,GOLD,"Sensex, Nifty touch record high but did they outshined gold in H-1CY23?","Nifty vs Sensex vs gold: Indian stock market indices NSE Nifty and BSE Sensex experienced a strong rally in the first half of 2023, delivering returns of 5.83% and 6.32% respectively",Livemint,"sensex, nifty touch record high but did they outshined gold in h-1cy23","nifty vs sensex vs gold indian stock market indices nse nifty and bse sensex experienced a strong rally in the first half of 2023, delivering returns of 5.83% and 6.32% respectively"
2023-06-30,GOLD,"Stock market, gold to bonds: How these five asset classes performed in first six months of 2023","The foreign portfolio investors (FPI) have pumped in more than ₹61,600 crore into Indian equities during January-June period of 2023.",Livemint,"stock market, gold to bonds how these five asset classes performed in first six months of 2023","the foreign portfolio investors fpi have pumped in more than 61,600 crore into indian equities during january-june period of 2023."
2023-06-30,GOLD,Gold prices are low. Here's why you should invest now.,"Gold's price is lower than it has been in several weeks, but its longer-term trends may hold more value for investors.",CBS News,gold prices are low. here's why you should invest now.,"gold's price is lower than it has been in several weeks, but its longer-term trends may hold more value for investors."
2023-07-01,GOLD,"Gold, Silver Prices On July 1: Check Latest Bullion Rates In Your City","Gold of 24 carats in Delhi stands at Rs 59,000 per 10 grams and the price of 22-carat gold was Rs 54,100 per 10 grams",News18,"gold, silver prices on july 1 check latest bullion rates in your city","gold of 24 carats in delhi stands at rs 59,000 per 10 grams and the price of 22-carat gold was rs 54,100 per 10 grams"
2023-07-02,GOLD,Latest Gold Rates Today In India: Check 22 Carat Gold Price In Your City On July 2,"Gold rate today: In Noida, 22 carat gold was priced at Rs 54,300/10 gram. For 24 carat, customers have to pay Rs 59,220/10 grams.",News18,latest gold rates today in india check 22 carat gold price in your city on july 2,"gold rate today in noida, 22 carat gold was priced at rs 54,300 10 gram. for 24 carat, customers have to pay rs 59,220 10 grams."
2023-07-03,GOLD,Redox shows IPO market not fixed yet,"Redox is the type of company that likes to hire staff young, train them up and award a gold watch on retirement. It’s lovely. But it’s struggling to excite investors.",Australian Financial Review,redox shows ipo market not fixed yet,"redox is the type of company that likes to hire staff young, train them up and award a gold watch on retirement. it s lovely. but it s struggling to excite investors."
2023-07-03,GOLD,"Senco Gold IPO opens today. GMP, price, review, other details. Apply or not?","Senco Gold IPO GMP today: Shares of the jewelry company are trading at a premium of ₹102 per share in grey market today, say market observers",Livemint,"senco gold ipo opens today. gmp, price, review, other details. apply or not","senco gold ipo gmp today shares of the jewelry company are trading at a premium of 102 per share in grey market today, say market observers"
2023-07-04,GOLD,Gold Rates Today In India: Check 22 Carat Gold Latest Price In Your City On July 4,"Gold rate today in India: Gold is considered as an important part in India due to cultural significance, investment value, and its traditional role.",News18,gold rates today in india check 22 carat gold latest price in your city on july 4,"gold rate today in india gold is considered as an important part in india due to cultural significance, investment value, and its traditional role."
2023-07-05,GOLD,"Why Gold Stocks Could Be Like Investing in Cryptocurrency, in a Bad Way","Gold prices are going up, and the market is going down. But honestly, gold could be as volatile as cryptocurrency at this stage.",The Motley Fool Canada,"why gold stocks could be like investing in cryptocurrency, in a bad way","gold prices are going up, and the market is going down. but honestly, gold could be as volatile as cryptocurrency at this stage."
2023-07-05,GOLD,What's the outlook for the gold price in FY24?,Will the gold price be getting stronger or weaker in FY 2024 and beyond? Here's what Goldman Sachs is saying about the precious metal...,The Motley Fool Australia,what's the outlook for the gold price in fy24,will the gold price be getting stronger or weaker in fy 2024 and beyond here's what goldman sachs is saying about the precious metal...
2023-07-06,GOLD,D-FW’s 150 largest companies for 2023 - from black gold to out-of-state relocations,"This year’s ranking of North Texas’ largest public companies is an important gauge for corporate rivals, a recruiting tool in a tight labor market and a guide...",The Dallas Morning News,d-fw s 150 largest companies for 2023 - from black gold to out-of-state relocations,"this year s ranking of north texas largest public companies is an important gauge for corporate rivals, a recruiting tool in a tight labor market and a guide..."
2023-07-06,GOLD,"Gold price hinges on recession risk, all-time high in sight","If a severe economic downturn were to occur, gold’s performance would improve, potentially to the point where it breaches its record of $US2075 per ounce.",Australian Financial Review,"gold price hinges on recession risk, all-time high in sight","if a severe economic downturn were to occur, gold s performance would improve, potentially to the point where it breaches its record of $us2075 per ounce."
2023-07-07,GOLD,Gold Price Rises as Dollar and Yields Slip on US Jobs Data,"Gold prices rise as weaker US nonfarm payrolls cast doubt on interest rate hikes, boosting the appeal of the precious metal",News18,gold price rises as dollar and yields slip on us jobs data,"gold prices rise as weaker us nonfarm payrolls cast doubt on interest rate hikes, boosting the appeal of the precious metal"
2023-07-07,GOLD,Gold rates today at three-month low. Should you buy in this correction?,Gold prices have seen a bounce back in July after a 3.30% correction in June. Bargain buying and signs of a cool-off in the US labor market have supported the rise,Livemint,gold rates today at three-month low. should you buy in this correction,gold prices have seen a bounce back in july after a 3.30% correction in june. bargain buying and signs of a cool-off in the us labor market have supported the rise
2023-07-07,GOLD,"Senco Gold IPO: What GMP (grey market premium), subscription status signal after closure of bidding process",Senco Gold IPO received a strong response from Qualified Institutional Buyers (QIB) and the grey market premium remained steady at ₹120 per share,Livemint,"senco gold ipo what gmp grey market premium , subscription status signal after closure of bidding process",senco gold ipo received a strong response from qualified institutional buyers qib and the grey market premium remained steady at 120 per share
2023-07-07,GOLD,How this ASX 200 gold stock is defying Friday’s market sell-off to march higher,"It’s a sea of red today, but one S&P/ASX 200 Index (ASX: XJO) gold stock is managing to defy the broader market sell-off.",The Motley Fool Australia,how this asx 200 gold stock is defying friday s market sell-off to march higher,"it s a sea of red today, but one s p asx 200 index asx xjo gold stock is managing to defy the broader market sell-off."
2023-07-07,GOLD,"The coming lithium, copper bull market will be ‘frightening’","Bill Beament, the man who took Northern Star from a $1 million gold miner to a $10 billion company, says he saw this week how hot lithium really is.",Australian Financial Review,"the coming lithium, copper bull market will be frightening","bill beament, the man who took northern star from a $1 million gold miner to a $10 billion company, says he saw this week how hot lithium really is."
2023-07-09,GOLD,"Utkarsh SFB IPO to Senco Gold listing: Six public issues, four listings to keep primary market buzzing","This week's IPOs include AccelerateBS India, Drone Destination, Kaka Industries, Ahasolar Technologies, Utkarsh Small Finance Bank, Synoptics Technologies, Tridhya Tech, Senco Gold, Alphalogic Industries, and Service Care.",Livemint,"utkarsh sfb ipo to senco gold listing six public issues, four listings to keep primary market buzzing","this week's ipos include acceleratebs india, drone destination, kaka industries, ahasolar technologies, utkarsh small finance bank, synoptics technologies, tridhya tech, senco gold, alphalogic industries, and service care."
2023-07-10,GOLD,"Senco Gold IPO allotment date today. Latest GMP, how to check status online","Senco Gold IPO GMP today: According to market observers, shares of the jewelry company are available at a premium of ₹114 in grey market today",Livemint,"senco gold ipo allotment date today. latest gmp, how to check status online","senco gold ipo gmp today according to market observers, shares of the jewelry company are available at a premium of 114 in grey market today"
2023-07-11,GOLD,3 key factors that will determine the gold price into 2024,It’s been quite a year for the gold price and ASX 200 gold shares. We take a look at what to expect from the yellow metal heading into 2024.,The Motley Fool Australia,3 key factors that will determine the gold price into 2024,it s been quite a year for the gold price and asx 200 gold shares. we take a look at what to expect from the yellow metal heading into 2024.
2023-07-11,GOLD,Gold price today: Bullion rates rise on MCX ahead of inflation data; What should be your strategy for gold today?,"Gold prices traded with gains in the domestic futures market, tracking positive global cues as the yellow metal saw an uptick in international markets after the dollar and bond yields eased ahead of the US and India inflation data.",Livemint,gold price today bullion rates rise on mcx ahead of inflation data what should be your strategy for gold today,"gold prices traded with gains in the domestic futures market, tracking positive global cues as the yellow metal saw an uptick in international markets after the dollar and bond yields eased ahead of the us and india inflation data."
2023-07-11,GOLD,Senco Gold IPO: What GMP signifies after finalisation of share allotment,The total size of Senco Gold IPO was ₹405 crore and the company had fixed the price band at ₹301 to ₹317 per equity share for the IPO.,Livemint,senco gold ipo what gmp signifies after finalisation of share allotment,the total size of senco gold ipo was 405 crore and the company had fixed the price band at 301 to 317 per equity share for the ipo.
2023-07-11,GOLD,Why did the Bellevue Gold share price just jump 12% to a new decade high?,The Bellevue Gold Ltd (ASX:BGL) share price has just reached a decade high. Here's what has put a rocket under this gold share...,The Motley Fool Australia,why did the bellevue gold share price just jump 12% to a new decade high,the bellevue gold ltd asx bgl share price has just reached a decade high. here's what has put a rocket under this gold share...
2023-07-12,GOLD,Gold price jumps as US dollar hits 15-month low after ease in US CPI data,"Gold rate today has immediate support at $1,930 per ounce and resistance at $1,960, while silver rate today is oscillating around $24.10 per ounce in international market",Livemint,gold price jumps as us dollar hits 15-month low after ease in us cpi data,"gold rate today has immediate support at $1,930 per ounce and resistance at $1,960, while silver rate today is oscillating around $24.10 per ounce in international market"
2023-07-12,GOLD,$20m Mosman home sale breaks record,"Despite the winter lull, the prestige market remains strong with a record sale in Mosman’s Beauty Point, as two Gold Coast waterfronts sell in “bumper month”.",Australian Financial Review,$20m mosman home sale breaks record,"despite the winter lull, the prestige market remains strong with a record sale in mosman s beauty point, as two gold coast waterfronts sell in bumper month ."
2023-07-13,GOLD,Gold price extends rally for fourth straight session as US dollar index slips in two digits,"Gold rate today extended its rally for the fourth straight session, with gold futures on the MCX opening at ₹59,264 per 10 gm",Livemint,gold price extends rally for fourth straight session as us dollar index slips in two digits,"gold rate today extended its rally for the fourth straight session, with gold futures on the mcx opening at 59,264 per 10 gm"
2023-07-13,GOLD,Why did the Newcrest share price pop 5% to a 2-month high?,The Newcrest Mining Ltd (ASX: NCM) share price soared to a two-month high on Thursday amid the gold price rising to a three-week high.,The Motley Fool Australia,why did the newcrest share price pop 5% to a 2-month high,the newcrest mining ltd asx ncm share price soared to a two-month high on thursday amid the gold price rising to a three-week high.
2023-07-13,GOLD,Gold Rate Rises Today In India: Check 22 Carat Price In Your City On July 13,"Gold rate today: On July 13, on Multi Commodity Exchange, gold futures maturing on August 04, 2023 were trading at Rs, 59,275.",News18,gold rate rises today in india check 22 carat price in your city on july 13,"gold rate today on july 13, on multi commodity exchange, gold futures maturing on august 04, 2023 were trading at rs, 59,275."
2023-07-13,GOLD,"Senco Gold IPO listing date today. GMP, experts see ideaForge, Cyient DLM like debut",Senco Gold IPO listing date has been fixed on 14th July 2023 and stock market experts see Senco Gold share price opening at around 40% premium against the offer price of ₹301 to ₹317,Livemint,"senco gold ipo listing date today. gmp, experts see ideaforge, cyient dlm like debut",senco gold ipo listing date has been fixed on 14th july 2023 and stock market experts see senco gold share price opening at around 40% premium against the offer price of 301 to 317
2023-07-13,GOLD,"Senco Gold shares list at ₹430 per share on NSE. Buy, sell or hold after strong debut?","Senco Gold share price opened at NSE and BSE, delivering over 36% listing gain. Stock market experts recommend short-term investors to book 35% profit and hold the rest for a near-term target of ₹520",Livemint,"senco gold shares list at 430 per share on nse. buy, sell or hold after strong debut","senco gold share price opened at nse and bse, delivering over 36% listing gain. stock market experts recommend short-term investors to book 35% profit and hold the rest for a near-term target of 520"
2023-07-14,GOLD,"GLOBAL MARKETS-Asia stocks set for best week of 2023, dollar reels on dovish Fed bets","Gold was poised for its best week in three months as the dollar floundered, while crude oil rose to the highest in nearly three months. While money market traders still see a quarter point bump to the Fed funds rate on July 26 as close to a sure thing, they have reduced the chances of another this year to just 1-in-5.",Devdiscourse,"global markets-asia stocks set for best week of 2023, dollar reels on dovish fed bets","gold was poised for its best week in three months as the dollar floundered, while crude oil rose to the highest in nearly three months. while money market traders still see a quarter point bump to the fed funds rate on july 26 as close to a sure thing, they have reduced the chances of another this year to just 1-in-5."
2023-07-14,GOLD,Gold Mining Stocks Look Set to Rally,"Market Analysis by Chris Kimble covering: XAU/USD, XAG/USD, Gold Futures, Silver Futures. Read Chris Kimble's Market Analysis on Investing.com",Investing.com,gold mining stocks look set to rally,"market analysis by chris kimble covering xau usd, xag usd, gold futures, silver futures. read chris kimble's market analysis on investing.com"
2023-07-14,GOLD,Senco Gold stock slips 6% on debut day after listing at a premium,Senco Gold listed at a ₹114 premium to its IPO price on Friday.The grey market has been expecting it to list at a 40% premium.The IPO had received spectacular,Business Insider India,senco gold stock slips 6% on debut day after listing at a premium,senco gold listed at a 114 premium to its ipo price on friday.the grey market has been expecting it to list at a 40% premium.the ipo had received spectacular
2023-07-14,GOLD,Activewear entrepreneur’s gold rush mansion hits market for $20m,"After giving their historic home in Hawthorn East an exhaustive renovation, Melbourne couple Aidan and Vicki Clarke have listed it with an $18.5 million to $20 million guide.",Australian Financial Review,activewear entrepreneur s gold rush mansion hits market for $20m,"after giving their historic home in hawthorn east an exhaustive renovation, melbourne couple aidan and vicki clarke have listed it with an $18.5 million to $20 million guide."
2023-07-15,GOLD,Senco Gold share price opens at 35.6% premium. Details here,"Senco Gold IPO listed at a premium of 35.6% on the NSE and BSE. The issue received strong response, with retail portion subscribed 16.28 times and total issue subscribed 77.25 times.",Livemint,senco gold share price opens at 35.6% premium. details here,"senco gold ipo listed at a premium of 35.6% on the nse and bse. the issue received strong response, with retail portion subscribed 16.28 times and total issue subscribed 77.25 times."
2023-07-16,GOLD,Gold price jumps on ease in US Fed's rate hike tension. Right time to buy?,"Gold rate today has im700mediate support placed at $1,935 per ounce levels in international market whereas on MCX, gold prices have support placed at ₹58,700 per 10 gm levels",Livemint,gold price jumps on ease in us fed's rate hike tension. right time to buy,"gold rate today has im700mediate support placed at $1,935 per ounce levels in international market whereas on mcx, gold prices have support placed at 58,700 per 10 gm levels"
2023-07-16,GOLD,"Sovereign gold bond sales hit record ₹4,600 cr in Jun","Last month’s purchases at ₹5,926 per gramme, the highest issue price since the inception of SGBs, imply an increase of almost 10% from the December 2022 series, which had an issue price of ₹5,409 per gramme",Livemint,"sovereign gold bond sales hit record 4,600 cr in jun","last month s purchases at 5,926 per gramme, the highest issue price since the inception of sgbs, imply an increase of almost 10% from the december 2022 series, which had an issue price of 5,409 per gramme"
2023-07-17,GOLD,"Xbox Game Pass Core: Price, details, and what you need to know","Microsoft is replacing Xbox Live Gold with Xbox Game Pass Core, but how does that affect users? Here's what you need to know.",Windows Central,"xbox game pass core price, details, and what you need to know","microsoft is replacing xbox live gold with xbox game pass core, but how does that affect users here's what you need to know."
2023-07-17,GOLD,"Gold gains traction in Pakistan as price ticks up by over Rs6,000","KARACHI: Rupee's depreciation against the dollar combined with an increase in international prices of bullion pushed the gold rates up in Pakistan on Tuesday. The price of gold gained Rs6,200...",The News International,"gold gains traction in pakistan as price ticks up by over rs6,000","karachi rupee's depreciation against the dollar combined with an increase in international prices of bullion pushed the gold rates up in pakistan on tuesday. the price of gold gained rs6,200..."
2023-07-17,GOLD,"Xbox Live Gold becomes Game Pass Core in September, same price with 25 games","Starting September 14, Xbox Live Gold will become Xbox Game Pass Core, a new basic tier of Microsoft's game subscription service. For $9.99 a month or $59.99...",TechSpot,"xbox live gold becomes game pass core in september, same price with 25 games","starting september 14, xbox live gold will become xbox game pass core, a new basic tier of microsoft's game subscription service. for $9.99 a month or $59.99..."
2023-07-17,GOLD,"Surfers Paradise home sells for $24m, continuing Queensland’s record run","Queensland’s prestige market is defying the winter chill, with the $24 million sale of a Gold Coast home, as population pressure drives prices skyward.",Australian Financial Review,"surfers paradise home sells for $24m, continuing queensland s record run","queensland s prestige market is defying the winter chill, with the $24 million sale of a gold coast home, as population pressure drives prices skyward."
2023-07-18,GOLD,Gold Price Today: Rates soften post yesterday's strong gains; what should investors do?,"Gold price today: Gold prices traded lacklustre in early trade on Wednesday, easing from a 1-1/2-month high touched in the previous session, dragged by a slightly stronger dollar. Investors are awaiting the Federal Reserve's interest rate decision next week.",Livemint,gold price today rates soften post yesterday's strong gains what should investors do,"gold price today gold prices traded lacklustre in early trade on wednesday, easing from a 1-1 2-month high touched in the previous session, dragged by a slightly stronger dollar. investors are awaiting the federal reserve's interest rate decision next week."
2023-07-18,GOLD,"Gold rate rises to Rs226,400 per tola in Pakistan","Gold prices in Pakistan continued upward trend on Wednesday as per tola price increased by Rs5,400 amid slight increase in international rates.According to data issued by All-Pakistan Sarafa Gems...",The News International,"gold rate rises to rs226,400 per tola in pakistan","gold prices in pakistan continued upward trend on wednesday as per tola price increased by rs5,400 amid slight increase in international rates.according to data issued by all-pakistan sarafa gems..."
2023-07-18,GOLD,Gold settles at six-week high; Citigroup raises 2024 gold price forecast,"Gold futures jumped to a six-week high, boosted by weakness in the U.S. dollar and lower Treasury yields that recently have helped sustain prices of precious metals and commodities.",Seeking Alpha,gold settles at six-week high citigroup raises 2024 gold price forecast,"gold futures jumped to a six-week high, boosted by weakness in the u.s. dollar and lower treasury yields that recently have helped sustain prices of precious metals and commodities."
2023-07-19,GOLD,Why is the Northern Star share price tumbling more than 6% today?,The Northern Star Resources Ltd (ASX: NST) share price is tumbling following the release of the ASX 200 gold miner’s quarterly update.,The Motley Fool Australia,why is the northern star share price tumbling more than 6% today,the northern star resources ltd asx nst share price is tumbling following the release of the asx 200 gold miner s quarterly update.
2023-07-20,GOLD,"Gold rate today at nine-week high on weak US dollar, US Fed rate pause buzz. Should you buy in this rally?","Gold rates today in international market is at nine-week high whereas on MCX, gold price today is at six-week high",Livemint,"gold rate today at nine-week high on weak us dollar, us fed rate pause buzz. should you buy in this rally","gold rates today in international market is at nine-week high whereas on mcx, gold price today is at six-week high"
2023-07-20,GOLD,What's up with the Evolution Mining share price today?,The Evolution Mining Ltd (ASX: EVN) share price has had a very erratic day so far. What's up with this ASX 200 gold share?,The Motley Fool Australia,what's up with the evolution mining share price today,the evolution mining ltd asx evn share price has had a very erratic day so far. what's up with this asx 200 gold share
2023-07-21,GOLD,"Gold Falls, Silver Rises On July 21: Check Latest Bullion Prices In Your City","Gold prices on July 21: 22-carat gold was down by Rs 30, while silver price was up by Rs 1,500",News18,"gold falls, silver rises on july 21 check latest bullion prices in your city","gold prices on july 21 22-carat gold was down by rs 30, while silver price was up by rs 1,500"
2023-07-22,GOLD,Gold Rush-era brothel featured in Disney film hits the market,A Victorian tavern and house with a colorful history as both a Gold Rush-era brothel and Disney film set has come up for sale.,New York Post,gold rush-era brothel featured in disney film hits the market,a victorian tavern and house with a colorful history as both a gold rush-era brothel and disney film set has come up for sale.
2023-07-22,GOLD,"Gold, Silver Prices On July 22: Check Latest Bullion Rates In Your City","Gold, Silver Prices On July 22: In Delhi, the price of 22-carat gold stood flat at Rs 55,550 per 10 grams, while 24-carat gold was selling at Rs 60,590 per 10 grams",News18,"gold, silver prices on july 22 check latest bullion rates in your city","gold, silver prices on july 22 in delhi, the price of 22-carat gold stood flat at rs 55,550 per 10 grams, while 24-carat gold was selling at rs 60,590 per 10 grams"
2023-07-23,GOLD,Gold Rate Falls Today In India: Check Latest 22 Carat Price In Your City On July 23,"Gold rate today: Ahmedabad has a retail gold price of Rs 55,200 (22 carat). Rs 60,220 per 10 grams is the retail price of 24 carat gold in the city.",News18,gold rate falls today in india check latest 22 carat price in your city on july 23,"gold rate today ahmedabad has a retail gold price of rs 55,200 22 carat . rs 60,220 per 10 grams is the retail price of 24 carat gold in the city."
2023-07-24,GOLD,"No Need to Fight, There’s a Reversal for Everyone","Market Overview Analysis by Sunshine Profits (Przemyslaw Radomski, CFA) covering: XAU/USD, XAG/USD, S&P 500, Gold Futures. Read Sunshine Profits (Przemyslaw Radomski, CFA)'s latest article on Investing.com",Investing.com,"no need to fight, there s a reversal for everyone","market overview analysis by sunshine profits przemyslaw radomski, cfa covering xau usd, xag usd, s p 500, gold futures. read sunshine profits przemyslaw radomski, cfa 's latest article on investing.com"
2023-07-24,GOLD,"India Saw a Spectacular Rise in Gold Demand During Covid-19, Here Is Why",India saw an unbelievable demand for gold consumption post-pandemic due to the fall in the price of gold post Covid-19.,Oneindia,"india saw a spectacular rise in gold demand during covid-19, here is why",india saw an unbelievable demand for gold consumption post-pandemic due to the fall in the price of gold post covid-19.
2023-07-24,GOLD,Gold Rate Falls Today In India: Check Latest 22 Carat Price In Your City On July 24,Gold rate today: The retail gold price in India is the price at which gold is sold to consumers in India.,News18,gold rate falls today in india check latest 22 carat price in your city on july 24,gold rate today the retail gold price in india is the price at which gold is sold to consumers in india.
2023-07-24,GOLD,The gold price is up 7% in 2023. Which ASX mining shares have jumped the most?,"The gold price has had a healthy surge in 2023, rising more than 7%. So which ASX gold mining shares have benefited the most?",The Motley Fool Australia,the gold price is up 7% in 2023. which asx mining shares have jumped the most,"the gold price has had a healthy surge in 2023, rising more than 7%. so which asx gold mining shares have benefited the most"
2023-07-25,GOLD,Gold price in Pakistan falls despite rise in international rates,"Gold price in Pakistan declined by Rs2,400 per tola as the rupee made gains against the US dollar in the interbank market on Wednesday.According to data issued by All-Pakistan Sarafa Gems and...",The News International,gold price in pakistan falls despite rise in international rates,"gold price in pakistan declined by rs2,400 per tola as the rupee made gains against the us dollar in the interbank market on wednesday.according to data issued by all-pakistan sarafa gems and..."
2023-07-25,GOLD,Gold price today: Rates inch up ahead of US FOMC outcome; what should be your strategy for gold today?,Gold price today: Gold prices inched up in morning trade despite weak global cues ahead of the US Federal Reserve's policy decision. Experts expect gold to remain volatile today.,Livemint,gold price today rates inch up ahead of us fomc outcome what should be your strategy for gold today,gold price today gold prices inched up in morning trade despite weak global cues ahead of the us federal reserve's policy decision. experts expect gold to remain volatile today.
2023-07-25,GOLD,Gold Price Falls In India: Check Latest 22 Carat Rate In Your City On July 25,Gold rate today: The retail gold price in India is the price at which gold is sold to consumers in India.,News18,gold price falls in india check latest 22 carat rate in your city on july 25,gold rate today the retail gold price in india is the price at which gold is sold to consumers in india.
2023-07-25,GOLD,Newcrest share price higher as FY23 gold production guidance achieved,The Newcrest Mining Ltd (ASX: NCM) share price opened 0.45% higher on Tuesday at $26.60 after the gold miner released its Q4 FY23 report.,The Motley Fool Australia,newcrest share price higher as fy23 gold production guidance achieved,the newcrest mining ltd asx ncm share price opened 0.45% higher on tuesday at $26.60 after the gold miner released its q4 fy23 report.
2023-07-26,GOLD,Gold price shines despite rate hike in US Fed meeting. Should you buy?,"Gold rate today is trading in $1,950 to $1,980 per ounce range in international market whereas on MCX, gold price today is in ₹59,000 to ₹59,800 per 10 gm range",Livemint,gold price shines despite rate hike in us fed meeting. should you buy,"gold rate today is trading in $1,950 to $1,980 per ounce range in international market whereas on mcx, gold price today is in 59,000 to 59,800 per 10 gm range"
2023-07-27,GOLD,"'AI Gold Rush' Makes Today's Stock Market Look More Like 1995, Not 1999","""The AI gold rush is a '1995 moment' akin to the start of the internet and NOT a 1999/2000 bubble moment,"" Wedbush analyst Dan Ives said.",Markets Insider,"'ai gold rush' makes today's stock market look more like 1995, not 1999","the ai gold rush is a '1995 moment' akin to the start of the internet and not a 1999 2000 bubble moment, wedbush analyst dan ives said."
2023-07-27,GOLD,"$1b stake in Gold Coast, Townsville airports hits the market",It’s the fourth airport deal to cross Street Talk’s desk in the past two months – it looks like deep-pocketed infrastructure investors are spoilt for choice.,Australian Financial Review,"$1b stake in gold coast, townsville airports hits the market",it s the fourth airport deal to cross street talk s desk in the past two months it looks like deep-pocketed infrastructure investors are spoilt for choice.
2023-07-28,GOLD,The 'AI gold rush' makes today's stock market look more like the early days of the internet boom than the peak of the dot-com bubble,"""The AI gold rush is a '1995 moment' akin to the start of the internet and NOT a 1999/2000 bubble moment,"" Wedbush analyst Dan Ives said.",Yahoo Canada Finance,the 'ai gold rush' makes today's stock market look more like the early days of the internet boom than the peak of the dot-com bubble,"the ai gold rush is a '1995 moment' akin to the start of the internet and not a 1999 2000 bubble moment, wedbush analyst dan ives said."
2023-07-28,GOLD,Gold Rate Today In India: Check Latest 22 Carat Price In Your City On July 28,"Gold rate today in India: Check gold rates today in different cities on July 28, 2023",News18,gold rate today in india check latest 22 carat price in your city on july 28,"gold rate today in india check gold rates today in different cities on july 28, 2023"
2023-07-28,GOLD,Why are ASX gold shares losing their shine on Friday?,ASX gold shares are lower on Friday following a fall in the gold price overnight amid strong-than-expected Q2 economic growth in the US.,The Motley Fool Australia,why are asx gold shares losing their shine on friday,asx gold shares are lower on friday following a fall in the gold price overnight amid strong-than-expected q2 economic growth in the us.
2023-07-29,GOLD,"Gold, Silver Prices On July 29: Check Latest Bullion Rates In Your City","Gold, Silver Prices On July 29: In Delhi, the price of 22-carat gold was up by Rs 250 to Rs 55,500 per 10 grams, while 24 carat gold rose Rs 270 to Rs 60,530 per 10 gm",News18,"gold, silver prices on july 29 check latest bullion rates in your city","gold, silver prices on july 29 in delhi, the price of 22-carat gold was up by rs 250 to rs 55,500 per 10 grams, while 24 carat gold rose rs 270 to rs 60,530 per 10 gm"
2023-07-30,GOLD,Gold Rate Falls Today In India: Check Latest 22 Carat Price In Your City On July 30,Gold price today in India: The gold rate is largely determined by the demand and supply of gold in the market.,News18,gold rate falls today in india check latest 22 carat price in your city on july 30,gold price today in india the gold rate is largely determined by the demand and supply of gold in the market.
2023-07-30,GOLD,Gold price today: Rates retrace from week high after better-than-expected US GDP data. Right time to buy?,"Gold rates today is in base building mode and it is trading in $1,935 to $1,985 per ounce range, say commodity experts",Livemint,gold price today rates retrace from week high after better-than-expected us gdp data. right time to buy,"gold rates today is in base building mode and it is trading in $1,935 to $1,985 per ounce range, say commodity experts"
2023-07-31,GOLD,Eagle-eyed shoppers spot chunky gold earrings on Amazon that are identical to pricey designer buy,"The earrings, sold on Amazon, sell for a fraction of the Bottega Veneta price.",7NEWS Australia,eagle-eyed shoppers spot chunky gold earrings on amazon that are identical to pricey designer buy,"the earrings, sold on amazon, sell for a fraction of the bottega veneta price."
2023-07-31,GOLD,Gold rate today under pressure as US dollar index climbs to three week high. Opportunity to buy?,"Gold rate today has immediate support placed at $1,945 per ounce levels whereas on MCX, gold price has support placed at ₹58,700 per 10 gm levels, say commodity market experts",Livemint,gold rate today under pressure as us dollar index climbs to three week high. opportunity to buy,"gold rate today has immediate support placed at $1,945 per ounce levels whereas on mcx, gold price has support placed at 58,700 per 10 gm levels, say commodity market experts"
2023-08-01,GOLD,Why has India's gold demand declined between April and June?,India’s demand for gold declined to 158.1 tonnes this April-June quarter compared to 170.7 tonnes during the same period a year ago. Experts say this occurred due to record high prices in the domestic market and that the gold purchase in 2023 could fall to the lowest in three years,Firstpost,why has india's gold demand declined between april and june,india s demand for gold declined to 158.1 tonnes this april-june quarter compared to 170.7 tonnes during the same period a year ago. experts say this occurred due to record high prices in the domestic market and that the gold purchase in 2023 could fall to the lowest in three years
2023-08-03,GOLD,"Gold Rate Today In India: Price Rises On August 3, Check 22 Carat Cost In Your City Here",Gold rate today in India: Retail gold prices in India are influenced by a variety of factors.,News18,"gold rate today in india price rises on august 3, check 22 carat cost in your city here",gold rate today in india retail gold prices in india are influenced by a variety of factors.
2023-08-03,GOLD,Natasha Jonas open to fighting Lauren Price but warns British rival of 'big jump in class',"Natasha Jonas has named Katie Taylor, Chantelle Cameron and Lauren Price as potential opponents for her next fight; Taylor and Cameron are scheduled to meet in a November rematch, meaning taking on Olympic gold medallist Price next could be more viable",Sky Sports,natasha jonas open to fighting lauren price but warns british rival of 'big jump in class',"natasha jonas has named katie taylor, chantelle cameron and lauren price as potential opponents for her next fight taylor and cameron are scheduled to meet in a november rematch, meaning taking on olympic gold medallist price next could be more viable"
2023-08-05,GOLD,Bitcoin is finally trading like 'digital gold' - but only because nobody cares about crypto anymore,"Investors fled digital assets after a nightmarish 2022, and the largest token by market capitalization now trades way below its record high.",Yahoo Canada Finance,bitcoin is finally trading like 'digital gold' - but only because nobody cares about crypto anymore,"investors fled digital assets after a nightmarish 2022, and the largest token by market capitalization now trades way below its record high."
2023-08-05,GOLD,"Bitcoin's Finally Trading Like Gold, Because Nobody Cares About Crypto","Investors fled digital assets after a nightmarish 2022, and the largest token by market capitalization now trades way below its record high.",Markets Insider,"bitcoin's finally trading like gold, because nobody cares about crypto","investors fled digital assets after a nightmarish 2022, and the largest token by market capitalization now trades way below its record high."
2023-08-06,GOLD,Gold prices recover on cooling US labour market. Should you buy?,"Gold rate today has major support placed at $1,935 perm ounce levels in international market, say experts",Livemint,gold prices recover on cooling us labour market. should you buy,"gold rate today has major support placed at $1,935 perm ounce levels in international market, say experts"
2023-08-06,GOLD,"Eight years later, gold bonds deliver market-like returns","Against an issue price of ₹2,684 per gramme on 30 November 2015, the closing price of 24-carat gold was ₹5,929 per gm on Friday, translating into a CAGR of 12%, including the interest component on the bond’s nominal value, adjusted for tax at the highest income slab of 30%",Livemint,"eight years later, gold bonds deliver market-like returns","against an issue price of 2,684 per gramme on 30 november 2015, the closing price of 24-carat gold was 5,929 per gm on friday, translating into a cagr of 12%, including the interest component on the bond s nominal value, adjusted for tax at the highest income slab of 30%"
2023-08-06,GOLD,Gold Rate Today In India: Check Latest 22 Carat Price In Your City On August 6,"Gold Rate Today In India: Gold is considered as an important part in India due to cultural significance, investment value, and its traditional role.",News18,gold rate today in india check latest 22 carat price in your city on august 6,"gold rate today in india gold is considered as an important part in india due to cultural significance, investment value, and its traditional role."
2023-08-07,GOLD,Is the gold price primed to really 'start to run again'?,"The gold price is up 8% over the year, helping drive some strong performance among ASX gold shares. When will gold start to run higher again?",The Motley Fool Australia,is the gold price primed to really 'start to run again',"the gold price is up 8% over the year, helping drive some strong performance among asx gold shares. when will gold start to run higher again"
2023-08-07,GOLD,Gold Rate Today In India: Check Latest 22 Carat Price In Your City On August 7,"Gold rate today in India: Ahmedabad's retail gold price is Rs 55,200/10 grams for 22-carat gold",News18,gold rate today in india check latest 22 carat price in your city on august 7,"gold rate today in india ahmedabad's retail gold price is rs 55,200 10 grams for 22-carat gold"
2023-08-08,GOLD,Ready for the Next Step? Gold Miners Are,"Market Analysis by Sunshine Profits (Przemyslaw Radomski, CFA) covering: XAU/USD, XAG/USD, US Dollar Index Futures, Gold Futures. Read Sunshine Profits (Przemyslaw Radomski, CFA)'s Market Analysis on Investing.com",Investing.com,ready for the next step gold miners are,"market analysis by sunshine profits przemyslaw radomski, cfa covering xau usd, xag usd, us dollar index futures, gold futures. read sunshine profits przemyslaw radomski, cfa 's market analysis on investing.com"
2023-08-08,GOLD,Gold Price Today In India: Check Latest 10 Gram Rate In Your City On August 8,"Gold rate today: 22 carat gold is Rs 55,550/10 grams in Chennai.",News18,gold price today in india check latest 10 gram rate in your city on august 8,"gold rate today 22 carat gold is rs 55,550 10 grams in chennai."
2023-08-10,GOLD,Gold Price Falls Today In India: Check Latest 10 Gram Rate In Your City On August 10,"Gold rate today in India: 22 carat gold is Rs 55,300/10 grams in Chennai. Ahmedabad's retail gold price is Rs 55,000 for 22-carat gold.",News18,gold price falls today in india check latest 10 gram rate in your city on august 10,"gold rate today in india 22 carat gold is rs 55,300 10 grams in chennai. ahmedabad's retail gold price is rs 55,000 for 22-carat gold."
2023-08-11,GOLD,Newcrest share price dips amid higher FY23 dividends but lower profits,The Newcrest Mining Ltd (ASX: NCM) share price has slipped into the red as investors pore over the ASX 200 gold miner’s FY23 results.,The Motley Fool Australia,newcrest share price dips amid higher fy23 dividends but lower profits,the newcrest mining ltd asx ncm share price has slipped into the red as investors pore over the asx 200 gold miner s fy23 results.
2023-08-13,GOLD,Gold Rate Falls Today In India: Check 22 Carat Price In Your City On August 13,"Gold rate today in India: Gold prices in India are generally influenced by a variety of factors, including global economic conditions, inflation rates etc.",News18,gold rate falls today in india check 22 carat price in your city on august 13,"gold rate today in india gold prices in india are generally influenced by a variety of factors, including global economic conditions, inflation rates etc."
2023-08-14,GOLD,Golden Opportunities: Invest in These 2 Canadian Mining Stocks,Canadian gold mining stocks such as SSR Mining are trading at a massive discount to consensus price target estimates.,The Motley Fool Canada,golden opportunities invest in these 2 canadian mining stocks,canadian gold mining stocks such as ssr mining are trading at a massive discount to consensus price target estimates.
2023-08-15,GOLD,Diablo IV Freezes Trading After Gold Exploit Crashes The Market,The action-RPG’s black market economy has been overrun with inflation,Kotaku,diablo iv freezes trading after gold exploit crashes the market,the action-rpg s black market economy has been overrun with inflation
2023-08-15,GOLD,"Gold hits five-month low, threatens ‘key support’ level","If the price of the precious metal falls below $US1900 an ounce, it could trigger a sell-off, strategists warn.",Australian Financial Review,"gold hits five-month low, threatens key support level","if the price of the precious metal falls below $us1900 an ounce, it could trigger a sell-off, strategists warn."
2023-08-16,GOLD,Gold Rate Falls In India On August 16: Check 22 Carat Price In Your City Here,"Gold rate today in India: Ahmedabad's retail gold price is Rs 54,600 for 22-carat gold and Rs 59,560 for 24-carat gold per 10 grams.",News18,gold rate falls in india on august 16 check 22 carat price in your city here,"gold rate today in india ahmedabad's retail gold price is rs 54,600 for 22-carat gold and rs 59,560 for 24-carat gold per 10 grams."
2023-08-17,GOLD,DRDGold says full-year revenues rose on higher rand gold price,"DRDGold (DRD) reported revenues rose 7% Y/Y to nearly 5.5B South African rand for the year ended June 30, as gold prices increased.",Seeking Alpha,drdgold says full-year revenues rose on higher rand gold price,"drdgold drd reported revenues rose 7% y y to nearly 5.5b south african rand for the year ended june 30, as gold prices increased."
2023-08-17,GOLD,Evolution Mining share price tumbles as FY23 profits and earnings take a hit,The Evolution Mining Ltd (ASX: EVN) share price is in the red on Thursday. Here’s what the ASX 200 gold miner reported for its FY23 results.,The Motley Fool Australia,evolution mining share price tumbles as fy23 profits and earnings take a hit,the evolution mining ltd asx evn share price is in the red on thursday. here s what the asx 200 gold miner reported for its fy23 results.
2023-08-18,GOLD,What on earth is going on with the Newcrest share price on Friday?,The Newcrest Mining Ltd (ASX: NCM) share price is climbing today when it should be falling. What's going on with the ASX 200 gold share?,The Motley Fool Australia,what on earth is going on with the newcrest share price on friday,the newcrest mining ltd asx ncm share price is climbing today when it should be falling. what's going on with the asx 200 gold share
2023-08-18,GOLD,Gold price falls 1.4% this week on strong US dollar. Opportunity to buy?,"Gold recovers slightly from 5-month lows as dollar and bond yields decline, but still on track for weekly fall.",Livemint,gold price falls 1.4% this week on strong us dollar. opportunity to buy,"gold recovers slightly from 5-month lows as dollar and bond yields decline, but still on track for weekly fall."
2023-08-18,GOLD,Oronoco Gold Rush Days,"There are two big events happening in southeast Minnesota this weekend. A big flea market in Rochester, MN and an annual celebration plus flea market in Oronoco, MN.",kdhlradio.com,oronoco gold rush days,"there are two big events happening in southeast minnesota this weekend. a big flea market in rochester, mn and an annual celebration plus flea market in oronoco, mn."
2023-08-20,GOLD,"Gold Price Today 22 Carat: Cities Reflect Diverse Trends, Check Rate On August 20 Here",Gold rate today in India: Global economic conditions also exert a significant influence on the gold rate.,News18,"gold price today 22 carat cities reflect diverse trends, check rate on august 20 here",gold rate today in india global economic conditions also exert a significant influence on the gold rate.
2023-08-21,GOLD,Mikaela Mayer and Lauren Price continue world title pursuits when they both return on Smith vs Eubank Jr rematch bill,"Former unified champion Mikaela Mayer takes on Silvia Bortot and Olympic gold medallist Lauren Price also in action on the undercard for Liam Smith vs Chris Eubank Jr 2 at AO Arena in Manchester on September 2, live on Sky Sports Box Office",Sky Sports,mikaela mayer and lauren price continue world title pursuits when they both return on smith vs eubank jr rematch bill,"former unified champion mikaela mayer takes on silvia bortot and olympic gold medallist lauren price also in action on the undercard for liam smith vs chris eubank jr 2 at ao arena in manchester on september 2, live on sky sports box office"
2023-08-23,GOLD,"Risk Off Takes Hold: Long Bonds, Gold, Silver Ready to Outperform S&P 500?","Market Overview Analysis by Michele Schneider covering: XAU/USD, XAG/USD, S&P 500, SPDR® S&P 500. Read Michele Schneider's latest article on Investing.com",Investing.com,"risk off takes hold long bonds, gold, silver ready to outperform s p 500","market overview analysis by michele schneider covering xau usd, xag usd, s p 500, spdr s p 500. read michele schneider's latest article on investing.com"
2023-08-23,GOLD,Gold Price Today In India: Check Latest Rate In Your City On August 23,"Gold price today in India: Gold rates are generally influenced by a variety of factors, including global economic conditions and inflation rates.",News18,gold price today in india check latest rate in your city on august 23,"gold price today in india gold rates are generally influenced by a variety of factors, including global economic conditions and inflation rates."
2023-08-24,GOLD,Northern Star share price up 5% on record cash earnings,The Northern Star Resources Ltd (ASX:NST) share price is rising on Thursday after the gold miner released its FY 2023 results.,The Motley Fool Australia,northern star share price up 5% on record cash earnings,the northern star resources ltd asx nst share price is rising on thursday after the gold miner released its fy 2023 results.
2023-08-24,GOLD,Gold rate today under pressure amid US Fed rate hike buzz at Jackson Hole meeting,Gold and silver rate today are under pressure as market is fearing 25 bps US Fed rate hike at Jackson Hole meeting,Livemint,gold rate today under pressure amid us fed rate hike buzz at jackson hole meeting,gold and silver rate today are under pressure as market is fearing 25 bps us fed rate hike at jackson hole meeting
2023-08-25,GOLD,Gold price logs 1.3% weekly gain. Should you buy after Jackson Hole meeting?,"Gold rates today have crucial support placed at ₹58,000 levels in domestic market whereas it has strong support at $1,880 levels in international market, say experts",Livemint,gold price logs 1.3% weekly gain. should you buy after jackson hole meeting,"gold rates today have crucial support placed at 58,000 levels in domestic market whereas it has strong support at $1,880 levels in international market, say experts"
2023-08-25,GOLD,"Gold, US Dollar and Treasuries: The Jackson Hole Play","Market Overview Analysis by Investing.com (Barani Krishnan) covering: XAU/USD, USD/CNY, US Dollar Index Futures, Gold Futures. Read Investing.com (Barani Krishnan)'s latest article on Investing.com",Investing.com,"gold, us dollar and treasuries the jackson hole play","market overview analysis by investing.com barani krishnan covering xau usd, usd cny, us dollar index futures, gold futures. read investing.com barani krishnan 's latest article on investing.com"
2023-08-26,GOLD,Gold price in focus as safe haven; should you increase your exposure to gold?,"Gold prices may remain volatile in the short term due to uncertainty surrounding the US Fed's interest rate trajectory. However, experts believe the medium to long-term outlook for gold remains positive, especially after rate cuts begin.",Livemint,gold price in focus as safe haven should you increase your exposure to gold,"gold prices may remain volatile in the short term due to uncertainty surrounding the us fed's interest rate trajectory. however, experts believe the medium to long-term outlook for gold remains positive, especially after rate cuts begin."
2023-08-26,GOLD,Gold Price Rises On August 26: Check 22 Carat Rate In Your City,"Gold prices in India are generally influenced by a variety of factors, including global economic conditions, inflation rates.",News18,gold price rises on august 26 check 22 carat rate in your city,"gold prices in india are generally influenced by a variety of factors, including global economic conditions, inflation rates."
2023-08-28,GOLD,Gold Rate Today In India: Check 22 Carat Price In Your City On August 28,"Gold rate today: In Delhi, 22 carat gold was priced at Rs 54,650/10 gram. For 24 carat, customers have to pay Rs 59,600/10 grams.",News18,gold rate today in india check 22 carat price in your city on august 28,"gold rate today in delhi, 22 carat gold was priced at rs 54,650 10 gram. for 24 carat, customers have to pay rs 59,600 10 grams."
2023-08-28,GOLD,"Powell Speech Fallout: Tech Stocks to Face Resistance; Gold, Silver to Rally?","Market Overview Analysis by Investing.com (Calogero Selvaggio) covering: XAU/USD, XAG/USD, S&P 500, Gold Futures. Read Investing.com (Calogero Selvaggio)'s latest article on Investing.com",Investing.com,"powell speech fallout tech stocks to face resistance gold, silver to rally","market overview analysis by investing.com calogero selvaggio covering xau usd, xag usd, s p 500, gold futures. read investing.com calogero selvaggio 's latest article on investing.com"
2023-08-28,GOLD,Gold and silver prices for today-August 29. Check the latest rates in your city,Gold price on August 29: ₹54600 per 10g (22 carats) and ₹59550 per 10g (24 carats) in the spot market,Livemint,gold and silver prices for today-august 29. check the latest rates in your city,gold price on august 29 54600 per 10g 22 carats and 59550 per 10g 24 carats in the spot market
2023-08-29,GOLD,Gold Rate Marginally Falls In India: Know 22 Carat Price In Your City On August 29,"Gold rate today: 22 carat gold is Rs 54,750/10 grams in Chennai. Similarly, Tamil Nadu’s capital city has Rs 59,750 per 10 grams retail price of 24 carat gold",News18,gold rate marginally falls in india know 22 carat price in your city on august 29,"gold rate today 22 carat gold is rs 54,750 10 grams in chennai. similarly, tamil nadu s capital city has rs 59,750 per 10 grams retail price of 24 carat gold"
2023-08-29,GOLD,Lauren Price wants to challenge Natasha Jonas for IBF world title this year: 'I back myself!’',I believe in myself and Ill always back myself. Olympic gold medallist Lauren Price is taking aim at an all-British world title clash with IBF champion Natasha Jonas this year; Price will next be in action on the Liam Smith vs Chris Eubank Jr undercard on Saturday,Sky Sports,lauren price wants to challenge natasha jonas for ibf world title this year 'i back myself ',i believe in myself and ill always back myself. olympic gold medallist lauren price is taking aim at an all-british world title clash with ibf champion natasha jonas this year price will next be in action on the liam smith vs chris eubank jr undercard on saturday
2023-08-29,GOLD,Gold price today: Rates rise amid positive global cues; what should be your strategy for bullion today?,"Gold prices traded with gains in the morning session, tracking positive global cues amid a fall in the dollar and US bond yields.",Livemint,gold price today rates rise amid positive global cues what should be your strategy for bullion today,"gold prices traded with gains in the morning session, tracking positive global cues amid a fall in the dollar and us bond yields."
2023-08-29,GOLD,Silver Enters Bullish Phase: Another Rally in the Offing?,"Market Overview Analysis by Michele Schneider covering: XAU/USD, XAG/USD, US Dollar Index Futures, Gold Futures. Read Michele Schneider's latest article on Investing.com",Investing.com,silver enters bullish phase another rally in the offing,"market overview analysis by michele schneider covering xau usd, xag usd, us dollar index futures, gold futures. read michele schneider's latest article on investing.com"
2023-08-31,GOLD,Sainsbury's selling 'amazing' £18 dupe of Russell & Bromley £195 gold trainers,Customers said the slip-on sneakers look very similar to a pair of Russell & Bromley trainers that are ten times the price,Nottinghamshire Live,sainsbury's selling 'amazing' 18 dupe of russell bromley 195 gold trainers,customers said the slip-on sneakers look very similar to a pair of russell bromley trainers that are ten times the price
2023-09-01,GOLD,New Toronto GM in PWHL relishes challenge of busy market,Gina Kingsbury helped put together Canada’s women’s team that won silver in April and the men’s team that won gold in May.,Toronto Star,new toronto gm in pwhl relishes challenge of busy market,gina kingsbury helped put together canada s women s team that won silver in april and the men s team that won gold in may.
2023-09-02,GOLD,Muthoot's quest for life beyond gold,The firm’s golden run started facing headwinds over a year back. The gold loan market is getting busier with formidable competition from well-heeled contenders such as banks and other NBFCs.,Livemint,muthoot's quest for life beyond gold,the firm s golden run started facing headwinds over a year back. the gold loan market is getting busier with formidable competition from well-heeled contenders such as banks and other nbfcs.
2023-09-02,GOLD,Lauren Price handles Lolita Muzeya | Mikaela Mayer beats Silvia Bortot and demands Natasha Jonas title fight,"Olympic gold medallist Lauren Price takes apart Lolita Muzeya, while Mikaela Mayer beat Silvia Bortot as both angled for a shot at IBF welterweight champion Natasha Jonas; Watch Liam Smith vs Chris Eubank Jr live on Sky Sports Box Office",Sky Sports,lauren price handles lolita muzeya mikaela mayer beats silvia bortot and demands natasha jonas title fight,"olympic gold medallist lauren price takes apart lolita muzeya, while mikaela mayer beat silvia bortot as both angled for a shot at ibf welterweight champion natasha jonas watch liam smith vs chris eubank jr live on sky sports box office"
2023-09-02,GOLD,Gold Rate Today Rises In India: Check 22 Carat Price In Your City On September 2,"Gold rate today: 22 carat gold is Rs 55,350/10 grams in Chennai. Similarly, Tamil Nadu’s capital city has Rs 60,390 per 10 grams retail price of 24 carat gold",News18,gold rate today rises in india check 22 carat price in your city on september 2,"gold rate today 22 carat gold is rs 55,350 10 grams in chennai. similarly, tamil nadu s capital city has rs 60,390 per 10 grams retail price of 24 carat gold"
2023-09-02,GOLD,Sainsbury's 'fantastic dupe' of Russell & Bromley £195 gold trainers but with £18 price tag,Supermarket leather slip-on trainers 10 times cheaper than Russell & Bromley's metallic sneakers they resemble,Birmingham Live,sainsbury's 'fantastic dupe' of russell bromley 195 gold trainers but with 18 price tag,supermarket leather slip-on trainers 10 times cheaper than russell bromley's metallic sneakers they resemble
2023-09-03,GOLD,“Cmon List a Price”- Razer’s Luxurious 24K Gold Mouse Makes Gaming Fans Go Crazy,Fans went completely over the moon after Razer shared an exclusive 24K golden mouse commissioned for one of its users.,Essentially Sports,cmon list a price - razer s luxurious 24k gold mouse makes gaming fans go crazy,fans went completely over the moon after razer shared an exclusive 24k golden mouse commissioned for one of its users.
2023-09-04,GOLD,Gold Rate Today In India: Check Latest 22 Carat Price In Your City On September 4,"Gold prices in India are generally influenced by a variety of factors, including global economic conditions",News18,gold rate today in india check latest 22 carat price in your city on september 4,"gold prices in india are generally influenced by a variety of factors, including global economic conditions"
2023-09-05,GOLD,Gold and silver prices for today-September 6. Check latest rates in your city,"Gold price today opened slightly lower at ₹59,165 per 10 gm on MCX, hitting a high of ₹59,210 and a low of ₹59,165. Silver rates for 10g, 100g, and 1 kg are ₹743.55, ₹7,435.50, and ₹74,355, respectively",Livemint,gold and silver prices for today-september 6. check latest rates in your city,"gold price today opened slightly lower at 59,165 per 10 gm on mcx, hitting a high of 59,210 and a low of 59,165. silver rates for 10g, 100g, and 1 kg are 743.55, 7,435.50, and 74,355, respectively"
2023-09-05,GOLD,Latest Gold Rate Today In India: Check 22 Carat Price In Your City On September 5,"Gold rate today: On September 5, on Multi Commodity Exchange, gold futures maturing on October 05, 2023 were trading at Rs, 59,417.",News18,latest gold rate today in india check 22 carat price in your city on september 5,"gold rate today on september 5, on multi commodity exchange, gold futures maturing on october 05, 2023 were trading at rs, 59,417."
2023-09-05,GOLD,Why is the Northern Star share price sliding on Tuesday?,The Northern Star Resources Ltd (ASX: NST) share price is in the red. Here’s why the ASX 200 gold stock is under pressure today.,The Motley Fool Australia,why is the northern star share price sliding on tuesday,the northern star resources ltd asx nst share price is in the red. here s why the asx 200 gold stock is under pressure today.
2023-09-05,GOLD,Gold price today: Rates slip; what should be your strategy for bullion today?,"Gold prices slip in morning trade tracking weak global cues, with expectations of high interest rates weighing on prices.",Livemint,gold price today rates slip what should be your strategy for bullion today,"gold prices slip in morning trade tracking weak global cues, with expectations of high interest rates weighing on prices."
2023-09-06,GOLD,Gold sequin dress famously worn by Kate Middleton among best fashion deals for VOSN: Net-a-Porter slashes price,You can become a real-life Bond girl with this newly-discounted design.,7NEWS Australia,gold sequin dress famously worn by kate middleton among best fashion deals for vosn net-a-porter slashes price,you can become a real-life bond girl with this newly-discounted design.
2023-09-06,GOLD,"Thieves Stole $500,000 of Olive Oil, Becoming 'Liquid Gold'","Olive oil production has been hampered by droughts and heatwaves so the price is going up, and one Spanish oil mill was robbed of 50,000 liters.",Markets Insider,"thieves stole $500,000 of olive oil, becoming 'liquid gold'","olive oil production has been hampered by droughts and heatwaves so the price is going up, and one spanish oil mill was robbed of 50,000 liters."
2023-09-07,GOLD,Gold Rate Falls In India: Check Latest 22 Carat Price On September 7,"Gold rate today: 22 carat gold is Rs 55,300/10 grams in Chennai. Similarly, Tamil Nadu’s capital city has Rs 60,330 per 10 grams retail price of 24 carat gold.",News18,gold rate falls in india check latest 22 carat price on september 7,"gold rate today 22 carat gold is rs 55,300 10 grams in chennai. similarly, tamil nadu s capital city has rs 60,330 per 10 grams retail price of 24 carat gold."
2023-09-08,GOLD,Gold rates today under pressure as US dollar hits six month high. Buy or wait for more correction?,"Gold prices are expected to trade in $1,905 to $1,935 levels till US Fed's FOMC meeting , believe commodity market experts",Livemint,gold rates today under pressure as us dollar hits six month high. buy or wait for more correction,"gold prices are expected to trade in $1,905 to $1,935 levels till us fed's fomc meeting , believe commodity market experts"
2023-09-08,GOLD,"Sovereign gold bond opens next week. Date, price, other details; apply or not?","Sovereign gold bond price for September 2023 tranche has been fixed at ₹5,923 per 10 gm",Livemint,"sovereign gold bond opens next week. date, price, other details apply or not","sovereign gold bond price for september 2023 tranche has been fixed at 5,923 per 10 gm"
2023-09-08,GOLD,Shoppers warned to 'act fast' over half price Converse comme des garcons at TK Maxx,"TK Maxx has a much loved ""Gold Label"" section where shoppers can get designer brands with big discounts",Liverpool Echo,shoppers warned to 'act fast' over half price converse comme des garcons at tk maxx,tk maxx has a much loved gold label section where shoppers can get designer brands with big discounts
2023-09-09,GOLD,Sovereign Gold Bonds To Open On Monday: All You Need To Know,"Sovereign Gold Bonds: The issue price of these cost-effective gold bonds during the subscription period will be Rs 5,923 per gram",News18,sovereign gold bonds to open on monday all you need to know,"sovereign gold bonds the issue price of these cost-effective gold bonds during the subscription period will be rs 5,923 per gram"
2023-09-10,GOLD,Gold continues to lose value in Pakistan as rupee appreciates,"ISLAMABAD: As the rupee gained ground against the US dollar the per tola price of 24 karat gold declined by Rs2,600 and was sold at Rs209,400 on Monday compared to the Rs212,000 close it did last...",The News International,gold continues to lose value in pakistan as rupee appreciates,"islamabad as the rupee gained ground against the us dollar the per tola price of 24 karat gold declined by rs2,600 and was sold at rs209,400 on monday compared to the rs212,000 close it did last..."
2023-09-10,GOLD,Sovereign gold bond opens. Four reasons to apply for this RBI-backed scheme,"Sovereign gold bond price has been fixed at ₹5,923 per gm whereas there is ₹50 discount for online applicants",Livemint,sovereign gold bond opens. four reasons to apply for this rbi-backed scheme,"sovereign gold bond price has been fixed at 5,923 per gm whereas there is 50 discount for online applicants"
2023-09-10,GOLD,Gold Rate Falls In India: Check 22 Carat Price In Your City On September 10,"Gold holds great significance in India due to its cultural importance, investment value, and traditional role in weddings and festivals.",News18,gold rate falls in india check 22 carat price in your city on september 10,"gold holds great significance in india due to its cultural importance, investment value, and traditional role in weddings and festivals."
2023-09-11,GOLD,Bank of England bond sales creating a 'selling gold at the bottom' moment,"""In our view, the actions of the ... Bank of England could again mark the bottom of the market,"" says Christopher Mahon of Columbia Threadneedle.",CNBC,bank of england bond sales creating a 'selling gold at the bottom' moment,"in our view, the actions of the ... bank of england could again mark the bottom of the market, says christopher mahon of columbia threadneedle."
2023-09-11,GOLD,Gold Rate Today In India: Check 22 Carat Price In Your City On September 11,"Gold rate today: On Multi Commodity Exchange, gold futures maturing on October 05, 2023 were trading at Rs, 58,950.",News18,gold rate today in india check 22 carat price in your city on september 11,"gold rate today on multi commodity exchange, gold futures maturing on october 05, 2023 were trading at rs, 58,950."
2023-09-11,GOLD,"Sovereign Gold Bonds Series II Opens for Subscription Today: Check Price, Discount, Eligibility, Interest Rate, Tax","Sovereign gold bonds are government securities denominated in grams of gold; they substitute for holding physical gold; SGB Series II Opens for Subscription Today: Check Price, Discount, Eligibility, Interest Rate, Tax",News18,"sovereign gold bonds series ii opens for subscription today check price, discount, eligibility, interest rate, tax","sovereign gold bonds are government securities denominated in grams of gold they substitute for holding physical gold sgb series ii opens for subscription today check price, discount, eligibility, interest rate, tax"
2023-09-12,GOLD,Gold price today: Rates slip ahead of US inflation data; what should be your strategy for bullion today?,Gold prices traded lower as investors await US inflation data that could influence interest rate expectations.,Livemint,gold price today rates slip ahead of us inflation data what should be your strategy for bullion today,gold prices traded lower as investors await us inflation data that could influence interest rate expectations.
2023-09-12,GOLD,"Will gold reach $2,000 again in 2023? Here's what experts think","With persistent inflation, some experts are predicting a rise in the price of gold. Here's what to know now.",CBS News,"will gold reach $2,000 again in 2023 here's what experts think","with persistent inflation, some experts are predicting a rise in the price of gold. here's what to know now."
2023-09-12,GOLD,Take a staggered approach to buy sovereign gold bonds,"The Indian government released its second tranche of sovereign gold bonds at a price of ₹5,873/gm with 8 year tenure.The tranche opened on September 11 and",Business Insider India,take a staggered approach to buy sovereign gold bonds,"the indian government released its second tranche of sovereign gold bonds at a price of 5,873 gm with 8 year tenure.the tranche opened on september 11 and"
2023-09-12,GOLD,Gold Rate Stable In India: Check 22 Carat Price In Your City On September 12,"The retail price of 22-carat gold in Ahmedabad is Rs 54,890 per 10 grams.",News18,gold rate stable in india check 22 carat price in your city on september 12,"the retail price of 22-carat gold in ahmedabad is rs 54,890 per 10 grams."
2023-09-13,GOLD,Gold-Backed BRICS Currency 'Makes No Sense': Market Guru,"David Woo, previously a top strategist at Bank of America, questioned what would be achieved by creating essentially ""just another gold derivative.""",Markets Insider,gold-backed brics currency 'makes no sense' market guru,"david woo, previously a top strategist at bank of america, questioned what would be achieved by creating essentially just another gold derivative."
2023-09-13,GOLD,Gold Rate Falls In India: Check Latest 24 Carat Price In Your City On September 13,"Gold prices in India are generally influenced by a variety of factors, including global economic conditions, inflation rates etc..",News18,gold rate falls in india check latest 24 carat price in your city on september 13,"gold prices in india are generally influenced by a variety of factors, including global economic conditions, inflation rates etc.."
2023-09-13,GOLD,Gold and silver prices for today-September 14. Check latest rates in your city,"Gold and silver prices for today: Gold price today opened at ₹58,550 per 10 gm on MCX, and silver price opened at ₹71,160 per kg on MCX",Livemint,gold and silver prices for today-september 14. check latest rates in your city,"gold and silver prices for today gold price today opened at 58,550 per 10 gm on mcx, and silver price opened at 71,160 per kg on mcx"
2023-09-13,GOLD,Buying These 2 Stocks is a Good Way to Hedge Against a Market Crash,Gold stocks and utility stocks are defensive stocks that can act as a shelter from any upcoming market weakness.,The Motley Fool Canada,buying these 2 stocks is a good way to hedge against a market crash,gold stocks and utility stocks are defensive stocks that can act as a shelter from any upcoming market weakness.
2023-09-13,GOLD,"Man flees Chandigarh with 400gm gold, nabbed in Bengal","According to the police, the accused — identified as one Sanjeet Mandal, a native of West Midnapore in West Bengal — was employed at Kalyan Jewellers at Mani Market, Mani Majra, Sector 13.",The Indian Express,"man flees chandigarh with 400gm gold, nabbed in bengal","according to the police, the accused identified as one sanjeet mandal, a native of west midnapore in west bengal was employed at kalyan jewellers at mani market, mani majra, sector 13."
2023-09-14,GOLD,Sovereign Gold Bond subscription ends today. Who should buy the new tranche of SGB?,"The subscription for the latest tranche of sovereign gold bonds ends today, with an issue price of ₹5,923 per gram. Online subscribers will receive a ₹50 per gram discount if they pay through digital mode",Livemint,sovereign gold bond subscription ends today. who should buy the new tranche of sgb,"the subscription for the latest tranche of sovereign gold bonds ends today, with an issue price of 5,923 per gram. online subscribers will receive a 50 per gram discount if they pay through digital mode"
2023-09-14,GOLD,London gold body aims to create secure global database,The London Bullion Market Association (LBMA) on Thursday called for proposals from service firms to create a secure global database that would improve trust in the gold market's value chain.,Reuters,london gold body aims to create secure global database,the london bullion market association lbma on thursday called for proposals from service firms to create a secure global database that would improve trust in the gold market's value chain.
2023-09-15,GOLD,"Sovereign Gold Bond Scheme Subscription Deadline Ends Today; Check Price, Interest Rate And Limit",The minimum permissible investment in the Sovereign Gold Bond has been set to be one gram whereas the maximum limit of subscription can go up to 4 kg for individuals.,News18,"sovereign gold bond scheme subscription deadline ends today check price, interest rate and limit",the minimum permissible investment in the sovereign gold bond has been set to be one gram whereas the maximum limit of subscription can go up to 4 kg for individuals.
2023-09-15,GOLD,Gold price trades range-bound on US Fed rate hike worries. Buy or wait for more correction?,"Gold prices remained stable in the range of $1,880 to $1,930 per ounce ahead of the US Federal Reserve's FOMC meeting next week",Livemint,gold price trades range-bound on us fed rate hike worries. buy or wait for more correction,"gold prices remained stable in the range of $1,880 to $1,930 per ounce ahead of the us federal reserve's fomc meeting next week"
2023-09-16,GOLD,"Gold, Silver Prices Today, September 16: Check Bullion Rates In Your City","In Delhi, the price of 22-carat gold was up by Rs 200 to Rs 54,900 per 10 grams and that of 24-carat was at Rs 59,890 per 10 grams; Silver was flat at Rs 74,000 per kg",News18,"gold, silver prices today, september 16 check bullion rates in your city","in delhi, the price of 22-carat gold was up by rs 200 to rs 54,900 per 10 grams and that of 24-carat was at rs 59,890 per 10 grams silver was flat at rs 74,000 per kg"
2023-09-17,GOLD,Are multi-asset funds the right product in a soaring market?,"Multi-asset funds are allowed to invest in various asset classes—equity, debt, gold, silver, commodities, international equities, futures & options, real estate investment trusts, infrastructure investment trusts, etc.",Livemint,are multi-asset funds the right product in a soaring market,"multi-asset funds are allowed to invest in various asset classes equity, debt, gold, silver, commodities, international equities, futures options, real estate investment trusts, infrastructure investment trusts, etc."
2023-09-17,GOLD,Gold Rate Rises In India: Check Latest 24 Carat Price In Your City On September 17,"The cost of silver stands at Rs 74,700 per kilogram.",News18,gold rate rises in india check latest 24 carat price in your city on september 17,"the cost of silver stands at rs 74,700 per kilogram."
2023-09-18,GOLD,Asian Games gold pot at P3 million after Bambol Tolentino bonus,What’s the price of striking gold in the Asian Games? The pot stands at P3 million after POC president Bambol Tolentino pledged an extra million.,INQUIRER.net,asian games gold pot at p3 million after bambol tolentino bonus,what s the price of striking gold in the asian games the pot stands at p3 million after poc president bambol tolentino pledged an extra million.
2023-09-18,GOLD,Gold Price Rises In India: Check 24 Carat Rate In Your City On September 18,"Gold rate today: On September 18, on Multi Commodity Exchange, gold futures maturing on October 05, 2023 were trading at Rs, 59,117.",News18,gold price rises in india check 24 carat rate in your city on september 18,"gold rate today on september 18, on multi commodity exchange, gold futures maturing on october 05, 2023 were trading at rs, 59,117."
2023-09-18,GOLD,This might be your very last chance to get Google's excellent Pixel 6a at an unbeatable price,"Target is currently running an unrivaled and possibly unrepeatable deal on Google's old but gold Pixel 6a mid-ranger in an unlocked ""Chalk"" model.",PhoneArena,this might be your very last chance to get google's excellent pixel 6a at an unbeatable price,target is currently running an unrivaled and possibly unrepeatable deal on google's old but gold pixel 6a mid-ranger in an unlocked chalk model.
2023-09-19,GOLD,Gold Rate Rises In India: Check 24 Carat Price In Your City On September 19,"Gold rate today: In Delhi, 22 carat gold was priced at Rs 55,210/10 gram.",News18,gold rate rises in india check 24 carat price in your city on september 19,"gold rate today in delhi, 22 carat gold was priced at rs 55,210 10 gram."
2023-09-19,GOLD,OnePlus Pad and keyboard combo is worth its weight in gold at reduced price,"The OnePlus Pad is an awesome Android tablet for both work and play and currently, you can get a free keyboard with it.",PhoneArena,oneplus pad and keyboard combo is worth its weight in gold at reduced price,"the oneplus pad is an awesome android tablet for both work and play and currently, you can get a free keyboard with it."
2023-09-20,GOLD,Gold Rate Today In India: Check Latest 22 Carat Price In Your City On September 20,"Gold rate today in India: Check gold prices in different cities on September 20, 2023",News18,gold rate today in india check latest 22 carat price in your city on september 20,"gold rate today in india check gold prices in different cities on september 20, 2023"
2023-09-20,GOLD,Kiwi gold: Federation Mining’s Snowy River project hits the market,AustralianSuper-backed Federation Mining has called in Jarden to find a new owner for its New Zealand gold project.,Australian Financial Review,kiwi gold federation mining s snowy river project hits the market,australiansuper-backed federation mining has called in jarden to find a new owner for its new zealand gold project.
2023-09-20,GOLD,Gold rate today under pressure after US Fed's hawkish rate pause. Buy or wait for mode correction?,"Gold rate today: Bullion prices are under pressure despite rate pause decision in US Fed meeting beduase the US central bank has raised median interest rates from 4.6% to 5.1%, say commodity market experts",Livemint,gold rate today under pressure after us fed's hawkish rate pause. buy or wait for mode correction,"gold rate today bullion prices are under pressure despite rate pause decision in us fed meeting beduase the us central bank has raised median interest rates from 4.6% to 5.1%, say commodity market experts"
2023-09-20,GOLD,Dynacor reports August production of over 12k AuEq oz,"Dynacor (DNG:CA) said Wednesday that the company produced 12,046 AuEq ounces in August at an average selling price of US$ 1,912 per ounce of gold",Seeking Alpha,dynacor reports august production of over 12k aueq oz,"dynacor dng ca said wednesday that the company produced 12,046 aueq ounces in august at an average selling price of us$ 1,912 per ounce of gold"
2023-09-21,GOLD,Gold Rate Falls In India: Check Latest 24 Carat Price In Your City On September 21,"Gold holds great significance in India due to its cultural importance, investment value, and traditional role in weddings and festivals.",News18,gold rate falls in india check latest 24 carat price in your city on september 21,"gold holds great significance in india due to its cultural importance, investment value, and traditional role in weddings and festivals."
2023-09-22,GOLD,The old but gold Galaxy Watch 4 Classic is 43% off on Amazon and a real bargain,The watch is still worth it to this day and can now be yours for a fraction of its price,PhoneArena,the old but gold galaxy watch 4 classic is 43% off on amazon and a real bargain,the watch is still worth it to this day and can now be yours for a fraction of its price
2023-09-22,GOLD,Which ASX 200 gold shares could be safe havens for investors?,Here are a couple of ASX 200 gold shares that could be top options for investors seeking safe havens during market volatility...,The Motley Fool Australia,which asx 200 gold shares could be safe havens for investors,here are a couple of asx 200 gold shares that could be top options for investors seeking safe havens during market volatility...
2023-09-23,GOLD,"Gold, an Investment for Some, Is a Portable Vehicle for Graft",Prosecutors say Senator Robert Menendez had a cache of ill-gotten ingots and a sudden interest in the price of the precious metal.,The New York Times,"gold, an investment for some, is a portable vehicle for graft",prosecutors say senator robert menendez had a cache of ill-gotten ingots and a sudden interest in the price of the precious metal.
2023-09-24,GOLD,Gold Rate Falls Today: Check Latest 24 Carat Price In Your City On September 24,"Gold rate today: Check gold prices today in different cities on September 24, 2023.",News18,gold rate falls today check latest 24 carat price in your city on september 24,"gold rate today check gold prices today in different cities on september 24, 2023."
2023-09-25,GOLD,The current labor market is a gold mine of talent for startups,The whiplash we've seen in the labor market over the last few years has created an environment that startups can and should take advantage of.,TechCrunch,the current labor market is a gold mine of talent for startups,the whiplash we've seen in the labor market over the last few years has created an environment that startups can and should take advantage of.
2023-09-25,GOLD,Gold Rate Falls In India: Check Latest 24 Carat Price In Your City On September 25,Gold rate today: The gold price is primarily shaped by the interplay of supply and demand in the market.,News18,gold rate falls in india check latest 24 carat price in your city on september 25,gold rate today the gold price is primarily shaped by the interplay of supply and demand in the market.
2023-09-26,GOLD,Gold Price Falls Today In India: Check 24 Carat Rate In Your City On September 26,"Gold rate today: 22 carat gold is Rs 55,050/10 grams in Chennai. Similarly, Tamil Nadu’s capital city has Rs 60,050 per 10 grams retail price of 24 carat gold.",News18,gold price falls today in india check 24 carat rate in your city on september 26,"gold rate today 22 carat gold is rs 55,050 10 grams in chennai. similarly, tamil nadu s capital city has rs 60,050 per 10 grams retail price of 24 carat gold."
2023-09-26,GOLD,China storm to first ever Asian Games esports gold,"China won the first gold esports medal in Asian Games history in the Eastern Chinese city of Hangzhou on Tuesday by beating Malaysia in the smartphone multiplayer battle game “Arena of Valor”, to delight fans in the world’s biggest esports market.",Reuters,china storm to first ever asian games esports gold,"china won the first gold esports medal in asian games history in the eastern chinese city of hangzhou on tuesday by beating malaysia in the smartphone multiplayer battle game arena of valor , to delight fans in the world s biggest esports market."
2023-09-26,GOLD,"Commodity Roundup: Metals, oil fall; global commodity open interest value slips","Oselote/iStock via Getty Images Gold prices ticked lower on Tuesday, on its way to a third consecutive session of losses, as market participants awaited further policy cues from the...",Seeking Alpha,"commodity roundup metals, oil fall global commodity open interest value slips","oselote istock via getty images gold prices ticked lower on tuesday, on its way to a third consecutive session of losses, as market participants awaited further policy cues from the..."
2023-09-26,GOLD,Don't Get Too Bearish: Market Tends to Be Up 80% of the Time,"Market Overview Analysis by Investing.com (Calogero Selvaggio) covering: XAU/USD, SPDR® S&P 500, US Dollar Index Futures, Gold Futures. Read Investing.com (Calogero Selvaggio)'s latest article on Investing.com",Investing.com,don't get too bearish market tends to be up 80% of the time,"market overview analysis by investing.com calogero selvaggio covering xau usd, spdr s p 500, us dollar index futures, gold futures. read investing.com calogero selvaggio 's latest article on investing.com"
2023-09-26,GOLD,Record demand for sovereign gold bonds despite price rise,"Indians purchase 11.67 tonnes of gold bonds worth ₹6,900 crore to hedge against inflation",Livemint,record demand for sovereign gold bonds despite price rise,"indians purchase 11.67 tonnes of gold bonds worth 6,900 crore to hedge against inflation"
2023-09-27,GOLD,"Gold, Silver Selloff: What Are Key Market Signals Indicating?","Commodities Analysis by Jordan Roy-Byrne, CMT covering: XAU/USD, XAG/USD, Gold Futures, Silver Futures. Read Jordan Roy-Byrne, CMT's latest article on Investing.com",Investing.com,"gold, silver selloff what are key market signals indicating","commodities analysis by jordan roy-byrne, cmt covering xau usd, xag usd, gold futures, silver futures. read jordan roy-byrne, cmt's latest article on investing.com"
2023-09-27,GOLD,Gold Rate Falls In India: Check 24 Carat Price In Your City On September 27,"Gold rate today: Check gold rates today in different Indian cities on September 27, 2023; (In Rs/10 grams)",News18,gold rate falls in india check 24 carat price in your city on september 27,"gold rate today check gold rates today in different indian cities on september 27, 2023 in rs 10 grams"
2023-09-28,GOLD,Gold Rate Declines Today In India: Check 24 Carat Price In Your City On September 28,"Gold rate today: On Multi Commodity Exchange, gold futures maturing on December 05, 2023 were trading at Rs, 58,190.",News18,gold rate declines today in india check 24 carat price in your city on september 28,"gold rate today on multi commodity exchange, gold futures maturing on december 05, 2023 were trading at rs, 58,190."
2023-09-28,GOLD,Australia’s next big gold mine comes with new $1.3b price tag,De Grey Mining says an increase in cost forecast for its new gold mine is line with the inflationary pressures at play in the resources industry.,Australian Financial Review,australia s next big gold mine comes with new $1.3b price tag,de grey mining says an increase in cost forecast for its new gold mine is line with the inflationary pressures at play in the resources industry.
2023-09-29,GOLD,Gold price hits two month low on soaring US dollar rates. Buy or wait for more correction?,Gold fails to attract investors as it hits a two-month low due to a surge in the US dollar rates and lack of safe-haven demand,Livemint,gold price hits two month low on soaring us dollar rates. buy or wait for more correction,gold fails to attract investors as it hits a two-month low due to a surge in the us dollar rates and lack of safe-haven demand
2023-09-29,GOLD,Royal Gold royalty deal on Brazil mines falls through,Royal Gold (RGLD) sees a drop in share price after terminating an acquisition deal for royalty interests in Brazilian mines due to unforeseen circumstances.,Seeking Alpha,royal gold royalty deal on brazil mines falls through,royal gold rgld sees a drop in share price after terminating an acquisition deal for royalty interests in brazilian mines due to unforeseen circumstances.
2023-10-02,GOLD,"Markets live: ASX wipes out all its gains of 2023, Australian dollar sinks to 11-month low ahead of Reserve Bank decision","The local share market falls sharply as investors bet on interest rates staying higher for longer, while the value of the Australian dollar, gold and oil suffer heavy losses. Follow the latest updates in our live blog.",ABC (Australian Broadcasting Corporation),"markets live asx wipes out all its gains of 2023, australian dollar sinks to 11-month low ahead of reserve bank decision","the local share market falls sharply as investors bet on interest rates staying higher for longer, while the value of the australian dollar, gold and oil suffer heavy losses. follow the latest updates in our live blog."
2023-10-03,GOLD,Costco started selling gold bars online and they keep selling out,"Costco is now selling one-ounce gold bars to members only online and they are selling out fast, at a price that's in line with market rates.",Yahoo Finance,costco started selling gold bars online and they keep selling out,"costco is now selling one-ounce gold bars to members only online and they are selling out fast, at a price that's in line with market rates."
2023-10-03,GOLD,Gold Price Falls On October 3: Check 24 Carat Retail Rate In Your City Today,"Gold rate today: In Delhi, the cost of 10 grams of 22-carat gold stands at Rs 53,500",News18,gold price falls on october 3 check 24 carat retail rate in your city today,"gold rate today in delhi, the cost of 10 grams of 22-carat gold stands at rs 53,500"
2023-10-04,GOLD,What is the price of gold today?,Understanding the pricing trends and dynamics of the gold market is crucial for making sound financial choices.,CBS News,what is the price of gold today,understanding the pricing trends and dynamics of the gold market is crucial for making sound financial choices.
2023-10-04,GOLD,Newcrest share price rises on big special dividend plans,The Newcrest Mining Ltd (ASX: NCM) share price is on the move this morning after the gold miner announced plans to pay a special dividend...,The Motley Fool Australia,newcrest share price rises on big special dividend plans,the newcrest mining ltd asx ncm share price is on the move this morning after the gold miner announced plans to pay a special dividend...
2023-10-04,GOLD,Gold prices are low. Here's why investors should buy in now.,The price of gold is the lowest it's been in months. Here are three benefits of investing in gold now.,CBS News,gold prices are low. here's why investors should buy in now.,the price of gold is the lowest it's been in months. here are three benefits of investing in gold now.
2023-10-04,GOLD,Gold Rate Sees Major Fall On October 4: Check 24 Carat Price In Your City Today,"Gold rate today: On October 04, on Multi Commodity Exchange, gold futures maturing on December 05, 2023 were trading at Rs, 56,850.",News18,gold rate sees major fall on october 4 check 24 carat price in your city today,"gold rate today on october 04, on multi commodity exchange, gold futures maturing on december 05, 2023 were trading at rs, 56,850."
2023-10-04,GOLD,Gold price jumps after US government bond rout. Opportunity to buy?,"Gold rate today has support placed at ₹56,000 levels on MCX whereas it is facing hurdle at ₹57,500 per 10 gm levels, say commodity market experts",Livemint,gold price jumps after us government bond rout. opportunity to buy,"gold rate today has support placed at 56,000 levels on mcx whereas it is facing hurdle at 57,500 per 10 gm levels, say commodity market experts"
2023-10-05,GOLD,Gold price extends rally as crude oil hits five-week low. US dollar dips further,"Gold rate today is in $1,800 to $1,850 per ounce range and it may go up to $1,880 levels on breaching the upper hurdle on closing basis, say experts",Livemint,gold price extends rally as crude oil hits five-week low. us dollar dips further,"gold rate today is in $1,800 to $1,850 per ounce range and it may go up to $1,880 levels on breaching the upper hurdle on closing basis, say experts"
2023-10-06,GOLD,The case for leaving gold in the ground,"We already have plenty of this precious metal for its practical uses, yet we pay a heavy environmental and social price to extract more. Could we agree that enough is enough?",The Globe and Mail,the case for leaving gold in the ground,"we already have plenty of this precious metal for its practical uses, yet we pay a heavy environmental and social price to extract more. could we agree that enough is enough"
2023-10-06,GOLD,"Gold price jumps from seven-month low after ease in US dollar, bond yield and crude oil rate","Gold rates today are in uptrend as ease in fear of US Fed rate hike has dragged US dollar, US bond yield and crude oil price, say commodity market experts",Livemint,"gold price jumps from seven-month low after ease in us dollar, bond yield and crude oil rate","gold rates today are in uptrend as ease in fear of us fed rate hike has dragged us dollar, us bond yield and crude oil price, say commodity market experts"
2023-10-07,GOLD,Gold Rate Latest Trends In India: Check 24 Carat Price In Your City On October 7,"Gold rate today: 22 carat gold is Rs 52,850/10 grams in Chennai. Similarly, Tamil Nadu’s capital city has Rs 57,650 per 10 grams retail price of 24 carat gold.",News18,gold rate latest trends in india check 24 carat price in your city on october 7,"gold rate today 22 carat gold is rs 52,850 10 grams in chennai. similarly, tamil nadu s capital city has rs 57,650 per 10 grams retail price of 24 carat gold."
2023-10-08,GOLD,"Attack on Israel likely to boost appeal of gold, safe-haven assets","It is a perfect hedge against international turmoil,"" said Peter Cardillo, chief market economist at Spartan Capital Securities, who predicted that the dollar would also benefit.
""Anytime there is international turmoil, the dollar strengthens,"" Cardillo said. Markets have been reacting in recent weeks to an expectation that U.S. interest rates will stay higher for longer.",Devdiscourse,"attack on israel likely to boost appeal of gold, safe-haven assets","it is a perfect hedge against international turmoil, said peter cardillo, chief market economist at spartan capital securities, who predicted that the dollar would also benefit. anytime there is international turmoil, the dollar strengthens, cardillo said. markets have been reacting in recent weeks to an expectation that u.s. interest rates will stay higher for longer."
2023-10-08,GOLD,"Gold, silver price jumps amid rising Israel Palenstine conflict. Opportunity to buy?","Gold rate today has immediate support placed at ₹56,800 whereas it is facing resistance at ₹57,750 to ₹57,800 per 10 gm range, say experts",Livemint,"gold, silver price jumps amid rising israel palenstine conflict. opportunity to buy","gold rate today has immediate support placed at 56,800 whereas it is facing resistance at 57,750 to 57,800 per 10 gm range, say experts"
2023-10-09,GOLD,Gold price today: Rates rise on the Israel-Hamas war; what should be your strategy for gold today?,Gold prices rise on positive global cues and geopolitical concerns.,Livemint,gold price today rates rise on the israel-hamas war what should be your strategy for gold today,gold prices rise on positive global cues and geopolitical concerns.
2023-10-09,GOLD,"Amazon slashes price of 'liquid gold' £8 rosemary hair growth oil with 2,500 five-star reviews that 'really works'","""I’ve been losing my hair for years due to medical reasons and using this oil a couple of times for the last couple of months has started to show results. My bald patches are no longer as visible and I’m excited to see what my hair will look like in six months time.""",Manchester Evening News,"amazon slashes price of 'liquid gold' 8 rosemary hair growth oil with 2,500 five-star reviews that 'really works'",i ve been losing my hair for years due to medical reasons and using this oil a couple of times for the last couple of months has started to show results. my bald patches are no longer as visible and i m excited to see what my hair will look like in six months time.
2023-10-09,GOLD,Gold Rate Marginally Rises In India: Check 24 Carat Price In Your City On October 9,"Gold rate today: Gold holds great significance in India due to its cultural importance, investment value, and traditional role in weddings and festivals.",News18,gold rate marginally rises in india check 24 carat price in your city on october 9,"gold rate today gold holds great significance in india due to its cultural importance, investment value, and traditional role in weddings and festivals."
2023-10-09,GOLD,Gold Stocks: A Major Bottom May Be in Sight,"Market Overview Analysis by Jordan Roy-Byrne, CMT covering: XAU/USD, Gold Futures, ARCA Gold BUGS, VanEck Gold Miners ETF. Read Jordan Roy-Byrne, CMT's latest article on Investing.com",Investing.com,gold stocks a major bottom may be in sight,"market overview analysis by jordan roy-byrne, cmt covering xau usd, gold futures, arca gold bugs, vaneck gold miners etf. read jordan roy-byrne, cmt's latest article on investing.com"
2023-10-09,GOLD,"US Dollar, Oil, Gold Jump as Investors Flock to Safe Haven Assets: Where to Next?","Market Overview Analysis by Investing.com (Günay Caymaz) covering: XAU/USD, US Dollar Index Futures, Gold Futures, Brent Oil Futures. Read Investing.com (Günay Caymaz)'s latest article on Investing.com",Investing.com,"us dollar, oil, gold jump as investors flock to safe haven assets where to next","market overview analysis by investing.com günay caymaz covering xau usd, us dollar index futures, gold futures, brent oil futures. read investing.com günay caymaz 's latest article on investing.com"
2023-10-10,GOLD,3 Key Market Indicators to Watch During Uncertain Times,"Stocks Analysis by Michele Schneider covering: XAU/USD, S&P 500, Gold Futures, Crude Oil WTI Futures. Read Michele Schneider's latest article on Investing.com",Investing.com,3 key market indicators to watch during uncertain times,"stocks analysis by michele schneider covering xau usd, s p 500, gold futures, crude oil wti futures. read michele schneider's latest article on investing.com"
2023-10-10,GOLD,Gold price extends rally for fourth straight session on Israel Palestine conflict. Opportunity to buy?,"Gold rate today has immediate support placed at $1,835 per ounce levels whereas it has immediate resistance placed at $1,880 levels, say experts",Livemint,gold price extends rally for fourth straight session on israel palestine conflict. opportunity to buy,"gold rate today has immediate support placed at $1,835 per ounce levels whereas it has immediate resistance placed at $1,880 levels, say experts"
2023-10-10,GOLD,SBP says two prospects wanted hefty price to play for Gilas,"While every player from Gilas Pilipinas that recently won gold at the Asian Games drew praise for not wanting anything in return, PBA chair Ricky Vargas criticized twi national team prospects who asked for a hefty price when called up to play in the continental showcase.",INQUIRER.net,sbp says two prospects wanted hefty price to play for gilas,"while every player from gilas pilipinas that recently won gold at the asian games drew praise for not wanting anything in return, pba chair ricky vargas criticized twi national team prospects who asked for a hefty price when called up to play in the continental showcase."
2023-10-10,GOLD,Gold Rate Today Marginally Rises: Check 24 Carat Price In Your City On October 10,"Gold rate today: On October 10, on Multi Commodity Exchange, gold futures maturing on December 05, 2023 were trading at Rs, 57,713.",News18,gold rate today marginally rises check 24 carat price in your city on october 10,"gold rate today on october 10, on multi commodity exchange, gold futures maturing on december 05, 2023 were trading at rs, 57,713."
2023-10-11,GOLD,Are Costco's gold bars worth it?,The warehouse giant Costco is now selling 1-ounce gold bars. Find out if they're worth the price.,CBS News,are costco's gold bars worth it,the warehouse giant costco is now selling 1-ounce gold bars. find out if they're worth the price.
2023-10-11,GOLD,Why is the Newcrest Mining share price having a golden day?,The Newcrest Mining Ltd (ASX: NCM) share price is having a solid session. Why are investors buying this gold share?,The Motley Fool Australia,why is the newcrest mining share price having a golden day,the newcrest mining ltd asx ncm share price is having a solid session. why are investors buying this gold share
2023-10-11,GOLD,"Gold price regains ₹58,000 levels on MCX after dovish US Fed minutes. Good opportunity to buy?","Gold price is now heading towards $1,880 per ounce levels in international market whereas it is heading towards ₹58,350 per 10 gm levels on MCX, say commodity market experts",Livemint,"gold price regains 58,000 levels on mcx after dovish us fed minutes. good opportunity to buy","gold price is now heading towards $1,880 per ounce levels in international market whereas it is heading towards 58,350 per 10 gm levels on mcx, say commodity market experts"
2023-10-11,GOLD,Gold Rate Today Marginally Rises: Check 24 Carat Price In Your City On October 11,Gold rate today: The retail price of gold represents the sum at which it is sold to consumers within the country.,News18,gold rate today marginally rises check 24 carat price in your city on october 11,gold rate today the retail price of gold represents the sum at which it is sold to consumers within the country.
2023-10-12,GOLD,Gold prices plunge as market adopts interbank trading,"KARACHI: Gold prices fell sharply on Thursday, as the market switched to a new pricing formula based on interbank trading, aiming to align with international standards and curb speculative...",The News International,gold prices plunge as market adopts interbank trading,"karachi gold prices fell sharply on thursday, as the market switched to a new pricing formula based on interbank trading, aiming to align with international standards and curb speculative..."
2023-10-12,GOLD,4 ASX mining shares to buy based on the current gold price,Goldman Sachs think these miners are buys based on where the gold price is currently trading. Here's what the broker is saying...,The Motley Fool Australia,4 asx mining shares to buy based on the current gold price,goldman sachs think these miners are buys based on where the gold price is currently trading. here's what the broker is saying...
2023-10-12,GOLD,Gold price trades range-bound after US inflation data. Should you buy?,"Gold rate today is facing hurdle at $1,880 per ounce levels whereas on MCX, immediate hurdle for gold price is placed at ₹58,350 per 10 gm levels",Livemint,gold price trades range-bound after us inflation data. should you buy,"gold rate today is facing hurdle at $1,880 per ounce levels whereas on mcx, immediate hurdle for gold price is placed at 58,350 per 10 gm levels"
2023-10-12,GOLD,Is Gold Cheaper Today? Check Trends On October 12 & Latest Price In Your City,"Gold rate today: As of October 12, gold futures expiring on December 05, 2023, were being traded at Rs 58,086 on the Multi Commodity Exchange.",News18,is gold cheaper today check trends on october 12 latest price in your city,"gold rate today as of october 12, gold futures expiring on december 05, 2023, were being traded at rs 58,086 on the multi commodity exchange."
2023-10-13,GOLD,Why stock investors should consider gold now,"Even if you've never considered straying from the market, looking to gold might be a good idea right now.",CBS News,why stock investors should consider gold now,"even if you've never considered straying from the market, looking to gold might be a good idea right now."
2023-10-13,GOLD,"Gold price registers biggest gain on MCX since March 2023. Buy, sell opr hold?","Gold rate today has immediate support placed at $1,910 per ounce levels whereas on MCX, gold price has support placed at ₹58,800 per 10 gm levels",Livemint,"gold price registers biggest gain on mcx since march 2023. buy, sell opr hold","gold rate today has immediate support placed at $1,910 per ounce levels whereas on mcx, gold price has support placed at 58,800 per 10 gm levels"
2023-10-13,GOLD,"Gold, Silver Prices Flat Today, October 13: Check Latest Bullion Rates","In Delhi, the price of 22-carat gold stayed at Rs 54,150 per 10 grams and that of 24-carat at Rs 59,060 per 10 grams",News18,"gold, silver prices flat today, october 13 check latest bullion rates","in delhi, the price of 22-carat gold stayed at rs 54,150 per 10 grams and that of 24-carat at rs 59,060 per 10 grams"
2023-10-14,GOLD,Why gold prices skyrocket when there is a war?,"The price of yellow metal shot up in response to the war between Israel and Palestine. Israel launched airstrikes on Gaza last Saturday, 7 October",Livemint,why gold prices skyrocket when there is a war,"the price of yellow metal shot up in response to the war between israel and palestine. israel launched airstrikes on gaza last saturday, 7 october"
2023-10-15,GOLD,"Gold rate today skids as US, Egypt, Israel announce ceasfire in south Gaza","Gold price today on MCX regained ₹59,000 levels after hitting intraday low of ₹58,944 per 10 gm levels",Livemint,"gold rate today skids as us, egypt, israel announce ceasfire in south gaza","gold price today on mcx regained 59,000 levels after hitting intraday low of 58,944 per 10 gm levels"
2023-10-16,GOLD,"Gold Prices Lower, Silver Flat Today, October 16: Check Latest Bullion Rates","Gold and silver prices today, October 16: In Delhi, the price of 24-carat gold stood at Rs 60,600 per 10 grams, while that of 22-carats was at Rs 55,410 per 10 grams",News18,"gold prices lower, silver flat today, october 16 check latest bullion rates","gold and silver prices today, october 16 in delhi, the price of 24-carat gold stood at rs 60,600 per 10 grams, while that of 22-carats was at rs 55,410 per 10 grams"
2023-10-16,GOLD,"Gold rate today under pressure on strong US dollar, easing Israel-Hamas war","Gold rate today is trading in sharter range of $1,900 to $1,930 whereas its broader range is $1,880 to $1,965 per ounce, say commodity market experts",Livemint,"gold rate today under pressure on strong us dollar, easing israel-hamas war","gold rate today is trading in sharter range of $1,900 to $1,930 whereas its broader range is $1,880 to $1,965 per ounce, say commodity market experts"
2023-10-16,GOLD,"Elijah Hollands trade to Carlton, price, Gold Coast Suns, deal details, playing in midfield, wingman",‘Best of the lot’: Blues tipped to land midfield ‘bargain’ as looming price for top-10 pick revealed,FOX SPORTS,"elijah hollands trade to carlton, price, gold coast suns, deal details, playing in midfield, wingman",best of the lot blues tipped to land midfield bargain as looming price for top-10 pick revealed
2023-10-16,GOLD,Gold Price to Top After the Military Operation Starts,"Commodities Analysis by Sunshine Profits (Przemyslaw Radomski, CFA) covering: XAU/USD, XAG/USD, Alphabet Inc Class A, Gold Futures. Read Sunshine Profits (Przemyslaw Radomski, CFA)'s latest article on Investing.com",Investing.com,gold price to top after the military operation starts,"commodities analysis by sunshine profits przemyslaw radomski, cfa covering xau usd, xag usd, alphabet inc class a, gold futures. read sunshine profits przemyslaw radomski, cfa 's latest article on investing.com"
2023-10-17,GOLD,Newcrest share price lifts as Newmont takeover approaches final approval,The Newcrest Mining Ltd (ASX: NCM) share price is well into the green today. Here’s what’s happening with the ASX 200 gold stock.,The Motley Fool Australia,newcrest share price lifts as newmont takeover approaches final approval,the newcrest mining ltd asx ncm share price is well into the green today. here s what s happening with the asx 200 gold stock.
2023-10-17,GOLD,Gold price today: Rates jump on Israel-Hamas war escalation fears; what should be your strategy for bullion today?,"Gold is often considered a safe-haven asset in times of geopolitical turmoil, economic uncertainty, or financial market instability.",Livemint,gold price today rates jump on israel-hamas war escalation fears what should be your strategy for bullion today,"gold is often considered a safe-haven asset in times of geopolitical turmoil, economic uncertainty, or financial market instability."
2023-10-17,GOLD,"What a $1,000 gold investment 10 years ago would be worth today","The price of gold has risen significantly in the last decade, demonstrating the value of a precious metal investment.",CBS News,"what a $1,000 gold investment 10 years ago would be worth today","the price of gold has risen significantly in the last decade, demonstrating the value of a precious metal investment."
2023-10-17,GOLD,Why Gold Coast apartments are now doubling in price,Developer Allen Sammut says average prices for large apartments in his Surfers Paradise beachfront project have doubled since June 2021.,Australian Financial Review,why gold coast apartments are now doubling in price,developer allen sammut says average prices for large apartments in his surfers paradise beachfront project have doubled since june 2021.
2023-10-18,GOLD,"US Dollar Maintains Uptrend as Gold, Oil Price Volatility Surges: What's Next?","Market Overview Analysis by Investing.com (Günay Caymaz) covering: XAU/USD, US Dollar Index Futures, Gold Futures, Crude Oil WTI Futures. Read Investing.com (Günay Caymaz)'s latest article on Investing.com",Investing.com,"us dollar maintains uptrend as gold, oil price volatility surges what's next","market overview analysis by investing.com günay caymaz covering xau usd, us dollar index futures, gold futures, crude oil wti futures. read investing.com günay caymaz 's latest article on investing.com"
2023-10-18,GOLD,Northern Star share price charging higher on strong second-half outlook,The Northern Star Resources Ltd (ASX: NST) share price is shrugging off the wider market falls today. Here’s what’s boosting the gold miner.,The Motley Fool Australia,northern star share price charging higher on strong second-half outlook,the northern star resources ltd asx nst share price is shrugging off the wider market falls today. here s what s boosting the gold miner.
2023-10-19,GOLD,"Gold rate today at 4-month high on MCX; Israel-Gaza war fears give way to US Fed's rate pause hint, fall in US dollar","Gold rate today is facing resistance at $1,980 levels and on breaching this hurdle, the yellow metal price may hit $2,010 and $20,25 per ounce levels, say experts",Livemint,"gold rate today at 4-month high on mcx israel-gaza war fears give way to us fed's rate pause hint, fall in us dollar","gold rate today is facing resistance at $1,980 levels and on breaching this hurdle, the yellow metal price may hit $2,010 and $20,25 per ounce levels, say experts"
2023-10-19,GOLD,Rise Or Fall? Gold Rate Today In India: Check Price Trends In Your City On October 19,Gold rate today: The retail price of gold represents the sum at which it is sold to consumers within the country.,News18,rise or fall gold rate today in india check price trends in your city on october 19,gold rate today the retail price of gold represents the sum at which it is sold to consumers within the country.
2023-10-19,GOLD,1 Gold Stock To Buy In A Bull Market (And 1 in a Bear Market),"As a hedge against market downturns and a variety of adverse economic factors, gold and, by extension, gold stocks often enjoy contrarian positive momentum in bear markets.",The Motley Fool Canada,1 gold stock to buy in a bull market and 1 in a bear market,"as a hedge against market downturns and a variety of adverse economic factors, gold and, by extension, gold stocks often enjoy contrarian positive momentum in bear markets."
2023-10-19,GOLD,"Asian stocks fall, gold at over 2-month high as Middle East tension weighs","Asian shares slid on Thursday as risk aversion prevailed in the market due to mounting worries over Middle East tensions, while gold prices stayed near two-month peaks with investors seeking safer assets.",Reuters,"asian stocks fall, gold at over 2-month high as middle east tension weighs","asian shares slid on thursday as risk aversion prevailed in the market due to mounting worries over middle east tensions, while gold prices stayed near two-month peaks with investors seeking safer assets."
2023-10-20,GOLD,"Gold price rallies on Israel-Hamas war, weak US dollar, US Fed rate pause buzz","MCX Gold rate today has immediate support placed at ₹60,000 per 10 gm levels whereas it has crucial support placed at ₹59,000 per 10 gm levels, say experts",Livemint,"gold price rallies on israel-hamas war, weak us dollar, us fed rate pause buzz","mcx gold rate today has immediate support placed at 60,000 per 10 gm levels whereas it has crucial support placed at 59,000 per 10 gm levels, say experts"
2023-10-20,GOLD,The gold price just topped all-time Aussie dollar highs. Is it too late to buy ASX 200 gold stocks?,"The gold price just notched a fresh all-time high in Aussie dollar terms. So, is now still a good time to buy these ASX 200 gold stocks?",The Motley Fool Australia,the gold price just topped all-time aussie dollar highs. is it too late to buy asx 200 gold stocks,"the gold price just notched a fresh all-time high in aussie dollar terms. so, is now still a good time to buy these asx 200 gold stocks"
2023-10-20,GOLD,Is now a good time for beginners to invest in gold?,"With inflation elevated and the stock market uneven, some beginner investors may want to turn to gold. Here's why.",CBS News,is now a good time for beginners to invest in gold,"with inflation elevated and the stock market uneven, some beginner investors may want to turn to gold. here's why."
2023-10-20,GOLD,7 Penny Stocks With the Potential to Strike Gold,"InvestorPlace - Stock Market News, Stock Advice & Trading Tips It’s the dream of every investor to make millions from the markets. Howev...",Markets Insider,7 penny stocks with the potential to strike gold,"investorplace - stock market news, stock advice trading tips it s the dream of every investor to make millions from the markets. howev..."
2023-10-21,GOLD,Gold Rate Rises In India On October 21! Check 24 Carat Price Trends In Your City,"Gold rate today: Gold futures expiring on December 05, 2023, were being traded at Rs 60,725 on the Multi Commodity Exchange.",News18,gold rate rises in india on october 21 check 24 carat price trends in your city,"gold rate today gold futures expiring on december 05, 2023, were being traded at rs 60,725 on the multi commodity exchange."
2023-10-23,GOLD,"Gold, Silver Price Fall On October 23: Check Latest Bullion Rates Today, Outlook For Coming Months","Gold, Silver Prices Today, October 23: In Delhi, the gold prices stood at Rs 56,500 and Rs 61,600 per 10 grams for 22-carats and 24-carats",News18,"gold, silver price fall on october 23 check latest bullion rates today, outlook for coming months","gold, silver prices today, october 23 in delhi, the gold prices stood at rs 56,500 and rs 61,600 per 10 grams for 22-carats and 24-carats"
2023-10-23,GOLD,Profit outlook brightens on gold’s $A record,The gold price’s record high in Australian dollars arrives as the currency falls to US63.2¢ and domestic producers eye higher profit margins.,Australian Financial Review,profit outlook brightens on gold s $a record,the gold price s record high in australian dollars arrives as the currency falls to us63.2 and domestic producers eye higher profit margins.
2023-10-23,GOLD,Why the Gold Price is Rising,Will gold hold its value when stocks are falling? Find out…,Livemint,why the gold price is rising,will gold hold its value when stocks are falling find out
2023-10-23,GOLD,Gold gives 20% returns since last Diwali; should you buy gold this festive season?,"Since Diwali last year, gold prices have given over 20% returns so far as the rates have surged by around ₹10,000 per 10 grams in the domestic market to ₹60,700.",Livemint,gold gives 20% returns since last diwali should you buy gold this festive season,"since diwali last year, gold prices have given over 20% returns so far as the rates have surged by around 10,000 per 10 grams in the domestic market to 60,700."
2023-10-24,GOLD,Gold price rally fuels Kalyan Jewellers shares close to record high. Do you own?,"Gold price rally has fueled Kalyan Jewellers shares over 40% in last one month, say experts",Livemint,gold price rally fuels kalyan jewellers shares close to record high. do you own,"gold price rally has fueled kalyan jewellers shares over 40% in last one month, say experts"
2023-10-25,GOLD,Israel-Hamas war: Gold price extends rally despite rise in US Treasurey yield and US dollar rate,"Gold rate today is in uptrend due to uncertainties associated with the Israel-Hamas, say commodity market experts",Livemint,israel-hamas war gold price extends rally despite rise in us treasurey yield and us dollar rate,"gold rate today is in uptrend due to uncertainties associated with the israel-hamas, say commodity market experts"
2023-10-25,GOLD,3 reasons why gold may outperform the stock market,There's a strong argument that gold will outperform the stock market in the year ahead.,CBS News,3 reasons why gold may outperform the stock market,there's a strong argument that gold will outperform the stock market in the year ahead.
2023-10-25,GOLD,The gold price forecast is unclear. Is now still a good time to invest?,Gold prices are rising but the overall forecast is unknown. Here's why an investment can still make sense.,CBS News,the gold price forecast is unclear. is now still a good time to invest,gold prices are rising but the overall forecast is unknown. here's why an investment can still make sense.
2023-10-25,GOLD,3 Beaten-Up TSX Index Stocks That Look Oversold Today,Undervalued blue-chip TSX index stocks such as Barrick Gold are trading at a deep discount to consensus price target estimates.,The Motley Fool Canada,3 beaten-up tsx index stocks that look oversold today,undervalued blue-chip tsx index stocks such as barrick gold are trading at a deep discount to consensus price target estimates.
2023-10-27,GOLD,RBI sets price for premature redemption of Sovereign Gold Bonds. Details here,The RBI disclosed the gold redemption price for investors in Sovereign Gold Bonds seeking early redemption of government-issued bonds.,Livemint,rbi sets price for premature redemption of sovereign gold bonds. details here,the rbi disclosed the gold redemption price for investors in sovereign gold bonds seeking early redemption of government-issued bonds.
2023-10-27,GOLD,"Gold price climbs to $2000 peak on Israel-Hamas war. Opportune to buy despite strong US dollar, rising treasury yields?","Gold price is soaring despite strong US dollar and rising US treasury yields because market is more concerned about the global uncertainties caused by Israel-Hamas war, say experts",Livemint,"gold price climbs to $2000 peak on israel-hamas war. opportune to buy despite strong us dollar, rising treasury yields","gold price is soaring despite strong us dollar and rising us treasury yields because market is more concerned about the global uncertainties caused by israel-hamas war, say experts"
2023-10-29,GOLD,Gold Rate Rises In India On October 29: Check Latest Price Trends In Your City Now,"Gold rate today: In Ahmedabad, the current retail price for 10 grams of 22-carat gold is Rs 57,450.",News18,gold rate rises in india on october 29 check latest price trends in your city now,"gold rate today in ahmedabad, the current retail price for 10 grams of 22-carat gold is rs 57,450."
2023-10-30,GOLD,Bitcoin ETFs and the Path to Mainstream Adoption,"Market Analysis by Frank Holmes covering: XAU/USD, Gold Futures, BlackRock Inc, Credit Agricole SA PK. Read Frank Holmes's Market Analysis on Investing.com",Investing.com,bitcoin etfs and the path to mainstream adoption,"market analysis by frank holmes covering xau usd, gold futures, blackrock inc, credit agricole sa pk. read frank holmes's market analysis on investing.com"
2023-10-30,GOLD,Gold Rate Today In India: Up Or Down? Check Latest Price In Your City On October 30,Gold rate today: The retail cost of gold is the amount at which it is vended to consumers within the country.,News18,gold rate today in india up or down check latest price in your city on october 30,gold rate today the retail cost of gold is the amount at which it is vended to consumers within the country.
2023-10-30,GOLD,How changes to monetary policy might impact gold's price,The Federal Reserve's monetary policy could lead to some movement in gold's price. Here's why.,CBS News,how changes to monetary policy might impact gold's price,the federal reserve's monetary policy could lead to some movement in gold's price. here's why.
2023-10-30,GOLD,Cryptoverse: As good as gold? Spot bitcoin ETFs aim to whip up US demand,"Bitcoin, the original crypto rebel, is racing into the heart of the financial establishment with an exchange-traded fund that tracks its price. But will it strike gold?",Reuters,cryptoverse as good as gold spot bitcoin etfs aim to whip up us demand,"bitcoin, the original crypto rebel, is racing into the heart of the financial establishment with an exchange-traded fund that tracks its price. but will it strike gold"
2023-10-30,GOLD,"Gold, silver rate today under pressure ahead of US Fed meeting. Will gold price climb to a new peak before Diwali 2023?","Gold rate today has immediate support placed at $1,980 per ounce levels whereas it is facing immediate resistance at $2,010 levels, say experts",Livemint,"gold, silver rate today under pressure ahead of us fed meeting. will gold price climb to a new peak before diwali 2023","gold rate today has immediate support placed at $1,980 per ounce levels whereas it is facing immediate resistance at $2,010 levels, say experts"
2023-10-30,GOLD,Here's What Markets Have Already Priced In About the Mideast War,"Market Overview Analysis by Steve Saville covering: XAU/USD, US Dollar Index Futures, Gold Futures, Crude Oil WTI Futures. Read Steve Saville's latest article on Investing.com",Investing.com,here's what markets have already priced in about the mideast war,"market overview analysis by steve saville covering xau usd, us dollar index futures, gold futures, crude oil wti futures. read steve saville's latest article on investing.com"
2023-10-31,GOLD,Six ways to profit from rising gold price,"The precious metal has shrugged off a strong US dollar and surging bond yields, signalling renewed strength.",Australian Financial Review,six ways to profit from rising gold price,"the precious metal has shrugged off a strong us dollar and surging bond yields, signalling renewed strength."
2023-10-31,GOLD,"Most lavish iPhone ever has a T-Rex tooth, Roman spear and 24k gold built into it - and the price tag is eye-watering","THE most lavish iPhone ever released made from 24k gold, a T-Rex tooth and a Roman spear has been dubbed the ""world's first time machine"".The bespoke",The Irish Sun,"most lavish iphone ever has a t-rex tooth, roman spear and 24k gold built into it - and the price tag is eye-watering","the most lavish iphone ever released made from 24k gold, a t-rex tooth and a roman spear has been dubbed the world's first time machine .the bespoke"
2023-10-31,GOLD,Gold price today: Rates decline ahead of US Fed policy outcome; what should be your strategy for bullion today?,"Gold prices ended lower in the previous session after four consecutive sessions of gains. Gold December futures contract settled at $1,994.30 per troy ounce, down 0.56 per cent, in the previous session.",Livemint,gold price today rates decline ahead of us fed policy outcome what should be your strategy for bullion today,"gold prices ended lower in the previous session after four consecutive sessions of gains. gold december futures contract settled at $1,994.30 per troy ounce, down 0.56 per cent, in the previous session."
2023-10-31,GOLD,Why Jim Grant believes gold will have its day,"Jim Grant warns that we might be in the early stages of a long-term bear market in bonds, but believes that gold “is going to have its day”.",Australian Financial Review,why jim grant believes gold will have its day,"jim grant warns that we might be in the early stages of a long-term bear market in bonds, but believes that gold is going to have its day ."
2023-11-01,GOLD,October Market Recap: Safety Reigns as Global Markets Face Rough Waters,"Stocks Analysis by James Picerno covering: XAU/USD, iShares S&P GSCI Commodity-Indexed Trust, Vanguard Total Stock Market Index Fund ETF Shares, Gold Futures. Read James Picerno's latest article on Investing.com",Investing.com,october market recap safety reigns as global markets face rough waters,"stocks analysis by james picerno covering xau usd, ishares s p gsci commodity-indexed trust, vanguard total stock market index fund etf shares, gold futures. read james picerno's latest article on investing.com"
2023-11-01,GOLD,"Inside the ultra-rare Bentley Batur with 18-karat gold controls, scorching performance and an ENORMOUS price tag",TWO million pounds. Two million English pounds.That’s a lot of money for a car. Even for a Bentley as rare and as beautiful as this one undoubtedly,The Irish Sun,"inside the ultra-rare bentley batur with 18-karat gold controls, scorching performance and an enormous price tag",two million pounds. two million english pounds.that s a lot of money for a car. even for a bentley as rare and as beautiful as this one undoubtedly
2023-11-01,GOLD,MCX Gold price moves up after US Fed keeps rates unchanged; what should be your strategy for bullion today?,"Gold prices moved higher in the morning session of the domestic futures trade on Thursday, November 2, tracking positive global trends.",Livemint,mcx gold price moves up after us fed keeps rates unchanged what should be your strategy for bullion today,"gold prices moved higher in the morning session of the domestic futures trade on thursday, november 2, tracking positive global trends."
2023-11-01,GOLD,Former GC Suns chairman Tony Cochrane to sell Southport mansion,Former Gold Coast Suns chair Tony Cochrane and his wife Thea have listed their four-storey Southport riverfront with price expectations north of $20 million.,Australian Financial Review,former gc suns chairman tony cochrane to sell southport mansion,former gold coast suns chair tony cochrane and his wife thea have listed their four-storey southport riverfront with price expectations north of $20 million.
2023-11-02,GOLD,WRAPUP 1-Games-Chile chasing Pan Am Games soccer golden double,"Once coached by her mother, who was the 400m bronze medallist at the 1992 Barcelona Olympics, Weil charged through an evening drizzle to clock a winning time of 51.48 seconds. Brazil's Lucas Conceicao came home first in the men's 400m while the United States Deanna Price won the women's hammer throw adding Pan Am gold to her 2019 world champion title.",Devdiscourse,wrapup 1-games-chile chasing pan am games soccer golden double,"once coached by her mother, who was the 400m bronze medallist at the 1992 barcelona olympics, weil charged through an evening drizzle to clock a winning time of 51.48 seconds. brazil's lucas conceicao came home first in the men's 400m while the united states deanna price won the women's hammer throw adding pan am gold to her 2019 world champion title."
2023-11-02,GOLD,Gold price today: MCX Gold trades lacklustre; how to trade in bullion today?,Gold prices trade lacklustre in domestic futures market as investors await US non-farm payrolls data.,Livemint,gold price today mcx gold trades lacklustre how to trade in bullion today,gold prices trade lacklustre in domestic futures market as investors await us non-farm payrolls data.
2023-11-02,GOLD,Here's the gold price forecast through to 2026,Here's what analysts at Goldman Sachs are predicting for the gold price in the coming years...,The Motley Fool Australia,here's the gold price forecast through to 2026,here's what analysts at goldman sachs are predicting for the gold price in the coming years...
2023-11-03,GOLD,Gold: Is It Too Soon to Call It a New Bull Market?,"Commodities Analysis by Investing.com (Damian Nowiszewski) covering: XAU/USD, Gold Futures, SPDR® Gold Shares, ProShares UltraShort Gold. Read Investing.com (Damian Nowiszewski)'s latest article on Investing.com",Investing.com,gold is it too soon to call it a new bull market,"commodities analysis by investing.com damian nowiszewski covering xau usd, gold futures, spdr gold shares, proshares ultrashort gold. read investing.com damian nowiszewski 's latest article on investing.com"
2023-11-03,GOLD,"Gold Prices Up, Silver Down On November 3: Check Latest Bullion Rates In Your City","Gold Prices Up, Silver Down On November 3: Check Latest Bullion Rates In Your City, In the futures market, gold prices were up by 0.05 per cent at Rs 60,940 per 10 grams in the morning trade, while silver was trading down by 0.19 per cent at Rs 71,263 per kg on the MCX",News18,"gold prices up, silver down on november 3 check latest bullion rates in your city","gold prices up, silver down on november 3 check latest bullion rates in your city, in the futures market, gold prices were up by 0.05 per cent at rs 60,940 per 10 grams in the morning trade, while silver was trading down by 0.19 per cent at rs 71,263 per kg on the mcx"
2023-11-05,GOLD,Gold Rate Today In India: Check Price Trends In Your City On November 5,"Gold rate today: In Ahmedabad, the current retail price for 10 grams of 22-carat gold is Rs 56,550",News18,gold rate today in india check price trends in your city on november 5,"gold rate today in ahmedabad, the current retail price for 10 grams of 22-carat gold is rs 56,550"
2023-11-06,GOLD,Stocks vs. Gold: Where to Place Your November Bets for Maximum Gains,"Market Overview Analysis by Investing.com (Ismael De La Cruz) covering: XAU/USD, S&P 500, Dow Jones Industrial Average, SPDR® Dow Jones Industrial Average ETF Trust. Read Investing.com (Ismael De La Cruz)'s latest article on Investing.com",Investing.com,stocks vs. gold where to place your november bets for maximum gains,"market overview analysis by investing.com ismael de la cruz covering xau usd, s p 500, dow jones industrial average, spdr dow jones industrial average etf trust. read investing.com ismael de la cruz 's latest article on investing.com"
2023-11-06,GOLD,"Gold Rate In India: Low, High Or Stable? Check Price In Your City On November 6",The retail cost of gold is the amount at which it is vended to consumers within the country.,News18,"gold rate in india low, high or stable check price in your city on november 6",the retail cost of gold is the amount at which it is vended to consumers within the country.
2023-11-08,GOLD,"Key lessons for being a successful investor. Plus, why the gold price is outpacing mining stocks",A roundup of investment ideas for active investors,The Globe and Mail,"key lessons for being a successful investor. plus, why the gold price is outpacing mining stocks",a roundup of investment ideas for active investors
2023-11-08,GOLD,"Gold prices decline on strong dollar, sligh easing of concerns around the spread of war.","Thursday had seen weak opening for Gold and the 24 carat gold price at Rs.6135.0 per gram was down by Rs.150.0. he price change in 24 carat gold in the last one week has been 0.29%, whereas in the last month it has been -4.76%. The Gold prices fell 0.29% on the MCX on Thursday.",Livemint,"gold prices decline on strong dollar, sligh easing of concerns around the spread of war.","thursday had seen weak opening for gold and the 24 carat gold price at rs.6135.0 per gram was down by rs.150.0. he price change in 24 carat gold in the last one week has been 0.29%, whereas in the last month it has been -4.76%. the gold prices fell 0.29% on the mcx on thursday."
2023-11-09,GOLD,"Gold, silver rates rebound on Dhanteras 2023. Is this a buying opportunity?","Dhanteras 2023: Gold rate today has strong support placed at $1,910 per ounce levels in spot market whereas MCX gold rate has strong support at ₹58,500 levels, say experts",Livemint,"gold, silver rates rebound on dhanteras 2023. is this a buying opportunity","dhanteras 2023 gold rate today has strong support placed at $1,910 per ounce levels in spot market whereas mcx gold rate has strong support at 58,500 levels, say experts"
2023-11-09,GOLD,Gold vs real estate: The golden debate over investment options this Dhanteras,"Gold vs real estate: Gold is seeing strong interest on Dhanteras, but consumers remain intensely price-conscious due to volatility and price rise in the near term",Livemint,gold vs real estate the golden debate over investment options this dhanteras,"gold vs real estate gold is seeing strong interest on dhanteras, but consumers remain intensely price-conscious due to volatility and price rise in the near term"
2023-11-09,GOLD,A quick guide to investing in gold this Dhanteras,"Gold ETFs offer many benefits such as allowing you to add gold to your portfolio without the challenges of investing in physical gold, and the potential of earning a profit when the price of the metal appreciates.",The Indian Express,a quick guide to investing in gold this dhanteras,"gold etfs offer many benefits such as allowing you to add gold to your portfolio without the challenges of investing in physical gold, and the potential of earning a profit when the price of the metal appreciates."
2023-11-09,GOLD,Gold Rate Marginally Falls In India: Check 22 Carat Price In Your City On November 9,"On November 09, gold futures expiring on December 05, 2023, were being traded at Rs 59,875 on the Multi Commodity Exchange.",News18,gold rate marginally falls in india check 22 carat price in your city on november 9,"on november 09, gold futures expiring on december 05, 2023, were being traded at rs 59,875 on the multi commodity exchange."
2023-11-09,GOLD,Losing its lustre: Newmont share price tanks 10% in 3 days,"The Newmont Corporation (ASX: NEM) share price has had a horrid three days, falling by almost 10%. What's up with this ASX 200 gold stock?",The Motley Fool Australia,losing its lustre newmont share price tanks 10% in 3 days,"the newmont corporation asx nem share price has had a horrid three days, falling by almost 10%. what's up with this asx 200 gold stock"
2023-11-10,GOLD,"Diwali 2023: Gold to glitter, base metals may struggle in Samvat 2080, says Jigar Trivedi of Reliance Securities","In the commodities market, Jigar Trivedi believes the fundamentals for precious metals like gold and silver are positive, while demand concerns may loom over base metals.",Livemint,"diwali 2023 gold to glitter, base metals may struggle in samvat 2080, says jigar trivedi of reliance securities","in the commodities market, jigar trivedi believes the fundamentals for precious metals like gold and silver are positive, while demand concerns may loom over base metals."
2023-11-10,GOLD,Gold poised for second week of decline on hawkish Powell remarks,"Denting market expectations of a rate peak in the United States, Fed members, including Powell, acknowledged on Thursday that they are still unsure that interest rates are high enough to end the fight against inflation",Firstpost,gold poised for second week of decline on hawkish powell remarks,"denting market expectations of a rate peak in the united states, fed members, including powell, acknowledged on thursday that they are still unsure that interest rates are high enough to end the fight against inflation"
2023-11-10,GOLD,Gold Silver Rate on Dhanteras: Global gold prices set for worst week in over a month,"Dhanteras 2023 Gold Silver Rate in India: The opening price for 999 purity gold on Friday was Rs 60,117 per 10 grams, Rs 20 higher from Thursday's closing price of Rs 60, 097, while that of 999 purity silver was Rs 70,100 per kg, Rs 200 lower than closing price of Rs 70,300.",The Indian Express,gold silver rate on dhanteras global gold prices set for worst week in over a month,"dhanteras 2023 gold silver rate in india the opening price for 999 purity gold on friday was rs 60,117 per 10 grams, rs 20 higher from thursday's closing price of rs 60, 097, while that of 999 purity silver was rs 70,100 per kg, rs 200 lower than closing price of rs 70,300."
2023-11-11,GOLD,"Gold Rate Falls Today In India: Check 24, 22 Carat Prices In Your City On November 11","Gold rate today on November 11: In Chennai, the retail price for 10 grams of 22-carat gold is Rs 56,440",News18,"gold rate falls today in india check 24, 22 carat prices in your city on november 11","gold rate today on november 11 in chennai, the retail price for 10 grams of 22-carat gold is rs 56,440"
2023-11-11,GOLD,Diwali 2023: Why gold outshined stock market returns in last one year?,Gold has delivered 18% since Diwali 2022 while silver has ascended to the tune of 21% in this time,Livemint,diwali 2023 why gold outshined stock market returns in last one year,gold has delivered 18% since diwali 2022 while silver has ascended to the tune of 21% in this time
2023-11-14,GOLD,Gold Price Today In India: Check 22 Carat Rate In Your City On November 14,"Gold rate today: In Ahmedabad, the current cost for 10 grams of 22-carat gold is Rs 55,500, and the same amount of 24-carat gold is priced at Rs 60,540.",News18,gold price today in india check 22 carat rate in your city on november 14,"gold rate today in ahmedabad, the current cost for 10 grams of 22-carat gold is rs 55,500, and the same amount of 24-carat gold is priced at rs 60,540."
2023-11-14,GOLD,Gold rate today jumps as soft US inflation data pulls down US dollar index to 10-week low,"Gold rate today has immediate support placed at $1,935 levels in spot market whereas MCX gold rate has immediate support placed at ₹58,300 per 10 gm levels, say experts",Livemint,gold rate today jumps as soft us inflation data pulls down us dollar index to 10-week low,"gold rate today has immediate support placed at $1,935 levels in spot market whereas mcx gold rate has immediate support placed at 58,300 per 10 gm levels, say experts"
2023-11-15,GOLD,Gold Rate Today In India: Check 24 Carat Retail Price In Your City On November 15,"What are the current gold rates in India today? Know information on the gold prices in various cities as of November 15, 2023",News18,gold rate today in india check 24 carat retail price in your city on november 15,"what are the current gold rates in india today know information on the gold prices in various cities as of november 15, 2023"
2023-11-16,GOLD,Gold Rate Rises Today In India: Check 24 Carat Price In Your City On November 16,"In Chennai, the price for 10 grams of 22-carat gold is Rs 56,150, and for the same amount of 24-carat gold, it's Rs 61,090.",News18,gold rate rises today in india check 24 carat price in your city on november 16,"in chennai, the price for 10 grams of 22-carat gold is rs 56,150, and for the same amount of 24-carat gold, it's rs 61,090."
2023-11-16,GOLD,"Owners' vote shows the Oakland A's move is about money, not fans","John Fisher's mission is complete: The A's have been approved to move to Las Vegas, shunning a devoted set of backers for a market long viewed as a gold mine for an expansion team.",ESPN,"owners' vote shows the oakland a's move is about money, not fans","john fisher's mission is complete the a's have been approved to move to las vegas, shunning a devoted set of backers for a market long viewed as a gold mine for an expansion team."
2023-11-17,GOLD,Precious Metals Look Primed For Secular Bull Market (Technical Analysis),"Gold and silver are ready for explosive moves to the upside. I expect gold to break the key $2,050 level against the USD in the coming weeks. Read more here.",Seeking Alpha,precious metals look primed for secular bull market technical analysis,"gold and silver are ready for explosive moves to the upside. i expect gold to break the key $2,050 level against the usd in the coming weeks. read more here."
2023-11-17,GOLD,Gold price retraces from life-time high. Buy or wait for more dip?,"Gold price hit new life-time high of ₹61,914 per 10 gm levels on MCX during Thursday deals",Livemint,gold price retraces from life-time high. buy or wait for more dip,"gold price hit new life-time high of 61,914 per 10 gm levels on mcx during thursday deals"
2023-11-17,GOLD,These ASX 200 gold shares are making hay amid the rising gold price,"The gold price ticked higher again overnight, offering further tailwinds to ASX 200 gold shares. Here’s what you need to know.",The Motley Fool Australia,these asx 200 gold shares are making hay amid the rising gold price,"the gold price ticked higher again overnight, offering further tailwinds to asx 200 gold shares. here s what you need to know."
2023-11-19,GOLD,Gold Rate Rises In India: Check 22 Carat Price In Your City On November 19,"Why has the gold rate in Delhi surged to Rs 61,790 for 10 grams of 24-carat gold today?",News18,gold rate rises in india check 22 carat price in your city on november 19,"why has the gold rate in delhi surged to rs 61,790 for 10 grams of 24-carat gold today"
2023-11-19,GOLD,"Gold, silver price jumps ahead of US Fed meeting minutes release. Should you buy in this rally?","Gold rate today is in ₹60,300 to ₹61,200 per 10 gm range while spot gold price is in $1,960 to $2,000 per ounce range, say experts",Livemint,"gold, silver price jumps ahead of us fed meeting minutes release. should you buy in this rally","gold rate today is in 60,300 to 61,200 per 10 gm range while spot gold price is in $1,960 to $2,000 per ounce range, say experts"
2023-11-20,GOLD,"Gold Rate Today, Up Or Down? Check Latest Price Trend In Your City On November 20","Gold holds great significance in India due to its cultural importance, investment value, and longstanding role in weddings and festivals.",News18,"gold rate today, up or down check latest price trend in your city on november 20","gold holds great significance in india due to its cultural importance, investment value, and longstanding role in weddings and festivals."
2023-11-21,GOLD,Gold price today: Rates ease in sync with global cues; what should be your strategy for MCX Gold today?,"Gold price eases in domestic futures market, mirroring global trend amid expectations that the Fed will not hike rates from here on.",Livemint,gold price today rates ease in sync with global cues what should be your strategy for mcx gold today,"gold price eases in domestic futures market, mirroring global trend amid expectations that the fed will not hike rates from here on."
2023-11-21,GOLD,Gold Rate In India On November 21: Check Latest Price Trend In Your City Now,"Gold rate today: In Chennai, the price for 10 grams of 22-carat gold is Rs 57,050, and for the same amount of 24-carat gold, it's Rs 62,230.",News18,gold rate in india on november 21 check latest price trend in your city now,"gold rate today in chennai, the price for 10 grams of 22-carat gold is rs 57,050, and for the same amount of 24-carat gold, it's rs 62,230."
2023-11-22,GOLD,NUGT: Disappointment Weighs On The Leveraged Junior Gold Mining ETF,"I favor a dynamic approach to Direxion Daily Gold Miners Index Bull 2X Shares ETF, using price and time stops to control risks. Read more about NUGT here.",Seeking Alpha,nugt disappointment weighs on the leveraged junior gold mining etf,"i favor a dynamic approach to direxion daily gold miners index bull 2x shares etf, using price and time stops to control risks. read more about nugt here."
2023-11-22,GOLD,Gold prices are climbing. Is this the right time to invest in gold?,"The price of gold surpassed $2,000 per ounce this week, but does that mean it's time to buy in?",CBS News,gold prices are climbing. is this the right time to invest in gold,"the price of gold surpassed $2,000 per ounce this week, but does that mean it's time to buy in"
2023-11-24,GOLD,"With no gold slump in sight, is there a golden opportunity in ETFs?",Shifting monetary policies and market dynamics could raise prospects for gold.,The Globe and Mail,"with no gold slump in sight, is there a golden opportunity in etfs",shifting monetary policies and market dynamics could raise prospects for gold.
2023-11-24,GOLD,Gold price ₹544 away from life-time high. Will it climb a new peak?,"Gold rate today is in $1,980 to $2,010 per ounce range in international market whereas MX gold rate today is in ₹60,800 to ₹61,700 per 10 gm range, say experts",Livemint,gold price 544 away from life-time high. will it climb a new peak,"gold rate today is in $1,980 to $2,010 per ounce range in international market whereas mx gold rate today is in 60,800 to 61,700 per 10 gm range, say experts"
2023-11-24,GOLD,Why Gen Z should diversify portfolios with digital gold? MintGenie explains,"Despite concerns about cyber threats and slight price differences, digital gold provides stability and value in a dynamic financial landscape, appealing to Gen Z investors.",Livemint,why gen z should diversify portfolios with digital gold mintgenie explains,"despite concerns about cyber threats and slight price differences, digital gold provides stability and value in a dynamic financial landscape, appealing to gen z investors."
2023-11-25,GOLD,Gold Rate Today Per 10 Grams In India: Check Price In Your City On November 25,Gold rate today in India: Know retail gold price on November 25,News18,gold rate today per 10 grams in india check price in your city on november 25,gold rate today in india know retail gold price on november 25
2023-11-26,GOLD,"Good tenants used to be gold - but in today’s rental market, we’re being squeezed out","With rental vacancies the lowest they have ever been, people with disabilities like me are extra vulnerable if the homes we have built over decades are taken away",The Guardian,"good tenants used to be gold - but in today s rental market, we re being squeezed out","with rental vacancies the lowest they have ever been, people with disabilities like me are extra vulnerable if the homes we have built over decades are taken away"
2023-11-26,GOLD,"Gold Coast developer Soheil Abedian calls for affordable, inclusionary zoning to help solve housing crisis",This Gold Coast developer says there is something fundamentally wrong with a property market that creates a growing social divide. He's calling for 5 per cent of new developments to be set aside for affordable housing.,ABC (Australian Broadcasting Corporation),"gold coast developer soheil abedian calls for affordable, inclusionary zoning to help solve housing crisis",this gold coast developer says there is something fundamentally wrong with a property market that creates a growing social divide. he's calling for 5 per cent of new developments to be set aside for affordable housing.
2023-11-27,GOLD,"Chocolate bought at Mansfield market stall should not be eaten, police warn",Police are urging people not to eat any gold-wrapped chocolate bought from Mansfield market after reports of people falling ill.,Sky News,"chocolate bought at mansfield market stall should not be eaten, police warn",police are urging people not to eat any gold-wrapped chocolate bought from mansfield market after reports of people falling ill.
2023-11-27,GOLD,"Mansfield market: Chocolate bought at stall should not be eaten, police warn",Police are urging people not to eat any gold-wrapped chocolate bought from Mansfield market after reports of people falling ill.,Sky News,"mansfield market chocolate bought at stall should not be eaten, police warn",police are urging people not to eat any gold-wrapped chocolate bought from mansfield market after reports of people falling ill.
2023-11-27,GOLD,"Gold, Silver and Bitcoin Shine Brightly This Holiday Season","Market Overview Analysis by Frank Holmes covering: XAG/USD, Adobe Systems Incorporated, US Dollar Index Futures, Silver Futures. Read Frank Holmes's latest article on Investing.com",Investing.com,"gold, silver and bitcoin shine brightly this holiday season","market overview analysis by frank holmes covering xag usd, adobe systems incorporated, us dollar index futures, silver futures. read frank holmes's latest article on investing.com"
2023-11-27,GOLD,"Mansfield market chocolate was 'Cali Gold', says FSA as one person arrested","People are being urged not to eat it, and to seek urgent medical attention if they have",Nottinghamshire Live,"mansfield market chocolate was 'cali gold', says fsa as one person arrested","people are being urged not to eat it, and to seek urgent medical attention if they have"
2023-11-27,GOLD,"The latest trends in commodities: Cocoa, OJ and gold all testing all-time highs",Disease in African Cocoa crops is resulting in smaller crops and driving up the price for the commodity,The Globe and Mail,"the latest trends in commodities cocoa, oj and gold all testing all-time highs",disease in african cocoa crops is resulting in smaller crops and driving up the price for the commodity
2023-11-28,GOLD,Gold price touches new peak as US dollar index hits three month low. Should you buy in this rally?,"MCX gold rate today has strong support at ₹62,000 levels and it may touch ₹62,800 levels in short term, say experts",Livemint,gold price touches new peak as us dollar index hits three month low. should you buy in this rally,"mcx gold rate today has strong support at 62,000 levels and it may touch 62,800 levels in short term, say experts"
2023-11-28,GOLD,Mansfield market chocolate: Police arrest woman on suspicion of administering a noxious substance,The chocolate bars were reportedly sold in orange 'Cali-Gold' boxes and golden wrappers in Mansfield Market,Nottinghamshire Live,mansfield market chocolate police arrest woman on suspicion of administering a noxious substance,the chocolate bars were reportedly sold in orange 'cali-gold' boxes and golden wrappers in mansfield market
2023-11-28,GOLD,Mining Stocks: Unpopular Yet Promising,"Gold mining stocks underperformed compared to price of gold, with GDX ETF down 1.38% this year. See why the mining sector may present a promising investment.",Seeking Alpha,mining stocks unpopular yet promising,"gold mining stocks underperformed compared to price of gold, with gdx etf down 1.38% this year. see why the mining sector may present a promising investment."
2023-11-28,GOLD,Gold price in Pakistan up byRs800 to Rs218400/tola on Nov 28,Gold price in Pakistan went up byRs800 to Rs218400 per tola on Tuesday (Nov 28).10 grams of gold increased by Rs686 to Rs187243,BOL News,gold price in pakistan up byrs800 to rs218400 tola on nov 28,gold price in pakistan went up byrs800 to rs218400 per tola on tuesday nov 28 .10 grams of gold increased by rs686 to rs187243
2023-11-28,GOLD,Soft China and India may undermine gold’s rally hopes,Signs are pointing to a slowing of recent price appreciation,The Globe and Mail,soft china and india may undermine gold s rally hopes,signs are pointing to a slowing of recent price appreciation
2023-11-28,GOLD,Gold Rate Rises In India Per 10 Grams: Check Price In Your City On November 28,Gold rate today in India: The retail price of gold is the amount it's sold to customers in the country.,News18,gold rate rises in india per 10 grams check price in your city on november 28,gold rate today in india the retail price of gold is the amount it's sold to customers in the country.
2023-11-28,GOLD,Newmont Should Be A Core Gold Holding: Triple In Price Next? (Rating Upgrade),Newmont is now the largest gold miner globally after its merger with Newcrest Mining. See why I upgrade my rating on NEM stock to a strong buy.,Seeking Alpha,newmont should be a core gold holding triple in price next rating upgrade,newmont is now the largest gold miner globally after its merger with newcrest mining. see why i upgrade my rating on nem stock to a strong buy.
2023-11-29,GOLD,"Gold price in Pakistan surges Rs2,600 to Rs221,000/tola on Nov 29","Gold price in Pakistan increased by Rs2,600 to Rs221,000/tola on Wednesday (Nov 29) as the yellow metal advanced in the international market",BOL News,"gold price in pakistan surges rs2,600 to rs221,000 tola on nov 29","gold price in pakistan increased by rs2,600 to rs221,000 tola on wednesday nov 29 as the yellow metal advanced in the international market"
2023-11-29,GOLD,Gold Rate Rises In India: Check 10 Grams Gold Price In Your City On November 29,"Gold rate today in India: Check retail gold price on November 29, 2023",News18,gold rate rises in india check 10 grams gold price in your city on november 29,"gold rate today in india check retail gold price on november 29, 2023"
2023-11-29,GOLD,Why should you consider investing in gold through ETFs? MintGenie explains,"Allocating 10-20 per cent of an investment portfolio to gold is recommended. Gold investments play a role in diversifying a portfolio, acting as a safeguard against inflation, currency risk, and market volatility.",Livemint,why should you consider investing in gold through etfs mintgenie explains,"allocating 10-20 per cent of an investment portfolio to gold is recommended. gold investments play a role in diversifying a portfolio, acting as a safeguard against inflation, currency risk, and market volatility."
2023-11-29,GOLD,"Why silver outshined Nifty 50, gold in November 2023 - explained",Silver price in domestic market has rallied around 6% whereas it has surged more than 9% in international market in MTD time,Livemint,"why silver outshined nifty 50, gold in november 2023 - explained",silver price in domestic market has rallied around 6% whereas it has surged more than 9% in international market in mtd time
2023-11-30,GOLD,Are Gold Stocks the Answer to Canada's Growing Interest Rate Dilemma?,Gold price surged to its six-month high as market expects growing interest rate to ease from next year. How can you use this to your benefit?,The Motley Fool Canada,are gold stocks the answer to canada's growing interest rate dilemma,gold price surged to its six-month high as market expects growing interest rate to ease from next year. how can you use this to your benefit
2023-11-30,GOLD,Wedding Effect As Gold Rate Rises In India: Check Price In Your City On November 30,"Gold holds great significance in India due to its cultural importance, investment value, and longstanding role in weddings and festivals.",News18,wedding effect as gold rate rises in india check price in your city on november 30,"gold holds great significance in india due to its cultural importance, investment value, and longstanding role in weddings and festivals."
2023-11-30,GOLD,4 ASX 200 gold stocks delighting shareholders as gold price nears new records,It’s been a great week for shareholders in S&P/ASX 200 Index (ASX: XJO) gold stocks with bullion nearing record highs. Now what?,The Motley Fool Australia,4 asx 200 gold stocks delighting shareholders as gold price nears new records,it s been a great week for shareholders in s p asx 200 index asx xjo gold stocks with bullion nearing record highs. now what
2023-12-01,GOLD,"Gold price in Pakistan declines by Rs500 to Rs220,500","Gold price in Pakistan declined by Rs500 to Rs220,500/tola on Friday (Dec 1). Price of 10 grams decreases by Rs429 to Rs189,043.",BOL News,"gold price in pakistan declines by rs500 to rs220,500","gold price in pakistan declined by rs500 to rs220,500 tola on friday dec 1 . price of 10 grams decreases by rs429 to rs189,043."
2023-12-02,GOLD,'Do not eat' warning as hallucinogens found in chocolate bars flogged on market,"The 'Cali-Gold' chocolate, wrapped in gold packaging or sold in orange boxes, was reportedly purchased from Mansfield Market",Birmingham Live,'do not eat' warning as hallucinogens found in chocolate bars flogged on market,"the 'cali-gold' chocolate, wrapped in gold packaging or sold in orange boxes, was reportedly purchased from mansfield market"
2023-12-02,GOLD,Case for gold fever: NewEdge Wealth sees record rush intensifying,"""It's been a pretty strong performance for gold — especially when there is a rally in the stock market in November,"" NewEdge Wealth's Ben Emons said.",CNBC,case for gold fever newedge wealth sees record rush intensifying,"it's been a pretty strong performance for gold especially when there is a rally in the stock market in november, newedge wealth's ben emons said."
2023-12-02,GOLD,Gold Rate Rises Today In India: Check 10 Grams Price In Your City On December 02,"What was the price of gold futures expiring on February 05, 2024, on December 01, 2023?",News18,gold rate rises today in india check 10 grams price in your city on december 02,"what was the price of gold futures expiring on february 05, 2024, on december 01, 2023"
2023-12-02,GOLD,Gold Stocks To Rise As Positive Leverage Returns,"The gold stock bull market is currently in play, but not technically activated. We are long for a strong trade into 2024. Explore more details here.",Seeking Alpha,gold stocks to rise as positive leverage returns,"the gold stock bull market is currently in play, but not technically activated. we are long for a strong trade into 2024. explore more details here."
2023-12-03,GOLD,"Gold rate today at all-time high on US Fed rate cut bets. Buy, hold or book profit?","Gold rate today has immediate support placed at $2,050 levels in international market while it is facing resistance at $2,025 per ounce levels, say experts",Livemint,"gold rate today at all-time high on us fed rate cut bets. buy, hold or book profit","gold rate today has immediate support placed at $2,050 levels in international market while it is facing resistance at $2,025 per ounce levels, say experts"
2023-12-03,GOLD,Why the incredible ‘everything’ rally could have a dark side,"The stunning surge in stocks, bonds, crypto and gold in November has put the bears in control. But the cross-asset rally could make the rate cuts the market craves harder to deliver.",Australian Financial Review,why the incredible everything rally could have a dark side,"the stunning surge in stocks, bonds, crypto and gold in november has put the bears in control. but the cross-asset rally could make the rate cuts the market craves harder to deliver."
2023-12-03,GOLD,Gold Price Rises In India: Check 22 Carat Rate In Your City On December 03,"Gold rate today in India: In Delhi, people have to spend Rs 63,910 for 10 grams of 24-carat gold.",News18,gold price rises in india check 22 carat rate in your city on december 03,"gold rate today in india in delhi, people have to spend rs 63,910 for 10 grams of 24-carat gold."
2023-12-04,GOLD,Gold Price Hits Record High As Fed Nears Interest Rate Cuts in 2024,"Gold prices are on the verge of a technical breakout that could lead to a further 10% gain in the commodity, according to Fairleads' Katie Stockton.",Markets Insider,gold price hits record high as fed nears interest rate cuts in 2024,"gold prices are on the verge of a technical breakout that could lead to a further 10% gain in the commodity, according to fairleads' katie stockton."
2023-12-04,GOLD,"GLOBAL MARKETS-Asia shares edge up, rate hopes face data test","Asian shares started firmer on Monday while gold hit another record high in a busy week for economic data that will test market wagers for early and aggressive rate cuts from major central banks next year. In particular, the U.S. November payrolls report on Friday needs to be solid enough to support the soft-landing scenario, but not so strong as to threaten the chance of easing.",Devdiscourse,"global markets-asia shares edge up, rate hopes face data test","asian shares started firmer on monday while gold hit another record high in a busy week for economic data that will test market wagers for early and aggressive rate cuts from major central banks next year. in particular, the u.s. november payrolls report on friday needs to be solid enough to support the soft-landing scenario, but not so strong as to threaten the chance of easing."
2023-12-04,GOLD,"GLOBAL MARKETS-Asia shares turn mixed, gold tops $2,100 an ounce","Asian shares were mixed on Monday while gold spiked to all-time peaks above $2,100 at the start of a busy week for economic data that will test market wagers for early and aggressive rate cuts from major central banks next year.",Devdiscourse,"global markets-asia shares turn mixed, gold tops $2,100 an ounce","asian shares were mixed on monday while gold spiked to all-time peaks above $2,100 at the start of a busy week for economic data that will test market wagers for early and aggressive rate cuts from major central banks next year."
2023-12-04,GOLD,"Markets live: ASX falls ahead of Reserve Bank decision, Wall Street rally loses steam as gold falls from record high","The local share market falls from a 10-week high ahead of the Reserve Bank's board meeting, which is likely to result in interest rates staying on hold. Follow live.",ABC (Australian Broadcasting Corporation),"markets live asx falls ahead of reserve bank decision, wall street rally loses steam as gold falls from record high","the local share market falls from a 10-week high ahead of the reserve bank's board meeting, which is likely to result in interest rates staying on hold. follow live."
2023-12-04,GOLD,"Bitcoin Price Hits $42,000 As Gains This Year Outpace Stocks and Gold","Hopes for Fed rate cuts, optimism about a spot ETF approval, and the scheduled halving in 2024 are helping the cryptocurrency rally.",Markets Insider,"bitcoin price hits $42,000 as gains this year outpace stocks and gold","hopes for fed rate cuts, optimism about a spot etf approval, and the scheduled halving in 2024 are helping the cryptocurrency rally."
2023-12-04,GOLD,Gold Rate Jumps In India: Check 22 Carat Price In Your City On December 04,The retail price of gold is the amount it's sold to customers in the country.,News18,gold rate jumps in india check 22 carat price in your city on december 04,the retail price of gold is the amount it's sold to customers in the country.
2023-12-04,GOLD,ASX 200 gold shares smashing the benchmark as gold price hits new all-time highs,S&P/ASX 200 Index (ASX: XJO) gold shares are starting the week out with a bang as the gold price charges into record-high territory.,The Motley Fool Australia,asx 200 gold shares smashing the benchmark as gold price hits new all-time highs,s p asx 200 index asx xjo gold shares are starting the week out with a bang as the gold price charges into record-high territory.
2023-12-04,GOLD,"Bitcoin price breaches $42,000 for first time in nearly two years",Gold prices also surged amid global economic worries and predictions that interest rates might start to fall next year.,BreakingNews.ie,"bitcoin price breaches $42,000 for first time in nearly two years",gold prices also surged amid global economic worries and predictions that interest rates might start to fall next year.
2023-12-05,GOLD,Own ASX gold shares? Here's why you're having a horrible day,Own ASX gold shares like Newmont Corporation (ASX: NEM)? Here's why you're having a not-so-good Tuesday on the market.,The Motley Fool Australia,own asx gold shares here's why you're having a horrible day,own asx gold shares like newmont corporation asx nem here's why you're having a not-so-good tuesday on the market.
2023-12-05,GOLD,5 Key Bitcoin and Digital Asset Trends to Watch in 2024,"Market Analysis by Frank Holmes covering: XAU/USD, Gold Futures, SPDR® Gold Shares, Bitcoin. Read Frank Holmes's Market Analysis on Investing.com",Investing.com,5 key bitcoin and digital asset trends to watch in 2024,"market analysis by frank holmes covering xau usd, gold futures, spdr gold shares, bitcoin. read frank holmes's market analysis on investing.com"
2023-12-05,GOLD,Gold Rate Falls In India: Check 22 Carat Price In Your City On December 05,"Gold rate today: In Mumbai, the current cost for 10 grams of 24-carat gold is Rs 63,110.",News18,gold rate falls in india check 22 carat price in your city on december 05,"gold rate today in mumbai, the current cost for 10 grams of 24-carat gold is rs 63,110."
2023-12-05,GOLD,"Gold’s record run faces speed bumps, but new peaks beckon",Recent price appreciation fuels correction fears,The Globe and Mail,"gold s record run faces speed bumps, but new peaks beckon",recent price appreciation fuels correction fears
2023-12-05,GOLD,"Gold has formed golden cross chart pattern, signaling more gains ahead",Gold has formed a bullish price chart pattern.,CNBC,"gold has formed golden cross chart pattern, signaling more gains ahead",gold has formed a bullish price chart pattern.
2023-12-05,GOLD,Gold Price at New Highs? Sellers Say No,"Commodities Analysis by Sunshine Profits (Przemyslaw Radomski, CFA) covering: XAU/USD, Gold Futures, SPDR® Gold Shares, ProShares UltraShort Gold. Read Sunshine Profits (Przemyslaw Radomski, CFA)'s latest article on Investing.com",Investing.com,gold price at new highs sellers say no,"commodities analysis by sunshine profits przemyslaw radomski, cfa covering xau usd, gold futures, spdr gold shares, proshares ultrashort gold. read sunshine profits przemyslaw radomski, cfa 's latest article on investing.com"
2023-12-06,GOLD,UK households sitting on thousands as price of home staple increases,"UK households could be sitting on thousands as the price of scrap gold increases. The price of scrap gold is at a ""record high"", making now the time for people to check if they have any unused or broken jewellery lying around, an expert has warned on ITV today (Wednesday).",Birmingham Live,uk households sitting on thousands as price of home staple increases,"uk households could be sitting on thousands as the price of scrap gold increases. the price of scrap gold is at a record high , making now the time for people to check if they have any unused or broken jewellery lying around, an expert has warned on itv today wednesday ."
2023-12-06,GOLD,Gold Price Spikes To All-Time High To Start December,"The gold spot price surged to a new record high overnight on Monday, albeit only briefly. Why did gold hit all-time highs? Click here to find out.",Seeking Alpha,gold price spikes to all-time high to start december,"the gold spot price surged to a new record high overnight on monday, albeit only briefly. why did gold hit all-time highs click here to find out."
2023-12-06,GOLD,"Risk-Off Tone Resurfaces as Stocks Retreat, US Dollar Strengthens: What's Next?","Market Overview Analysis by Michael Kramer covering: XAU/USD, S&P 500, US Dollar Index Futures, Gold Futures. Read Michael Kramer's latest article on Investing.com",Investing.com,"risk-off tone resurfaces as stocks retreat, us dollar strengthens what's next","market overview analysis by michael kramer covering xau usd, s p 500, us dollar index futures, gold futures. read michael kramer's latest article on investing.com"
2023-12-06,GOLD,"'Gold is about fear, not greed': Behind gold's record rise and where prices are headed next","Gold hit its highest price ever this week, but observers say it's what lies ahead that's most interesting",Yahoo Canada Finance,"'gold is about fear, not greed' behind gold's record rise and where prices are headed next","gold hit its highest price ever this week, but observers say it's what lies ahead that's most interesting"
2023-12-06,GOLD,"Gold Price Update: 22 Carat Rates Fall In India On December 6, Check Cost In Your City",Know what was the retail gold price in India on December 6th?,News18,"gold price update 22 carat rates fall in india on december 6, check cost in your city",know what was the retail gold price in india on december 6th
2023-12-06,GOLD,Snowline Gold: Shares Could Perform Strongly If Gold Rallies (Rating Upgrade),Snowline Gold shares have a positive correlation with price of gold and expected to rise as gold prices increase. See why I upgrade SNWGF from sell to buy.,Seeking Alpha,snowline gold shares could perform strongly if gold rallies rating upgrade,snowline gold shares have a positive correlation with price of gold and expected to rise as gold prices increase. see why i upgrade snwgf from sell to buy.
2023-12-07,GOLD,There’s gold (and lithium and cobalt) in all those EV battery packs,Electric vehicle battery packs will need to be recycled in order to make car manufacturing more sustainable. Redwood Materials thinks it can dominate this emerging market.,The Verge,there s gold and lithium and cobalt in all those ev battery packs,electric vehicle battery packs will need to be recycled in order to make car manufacturing more sustainable. redwood materials thinks it can dominate this emerging market.
2023-12-07,GOLD,Is Gold Rate Stable In India? Check 22 Carat Price In Your City On December 7,"On December 07, gold futures expiring on February 05, 2024, were trading at Rs 62,344 on the Multi Commodity Exchange.",News18,is gold rate stable in india check 22 carat price in your city on december 7,"on december 07, gold futures expiring on february 05, 2024, were trading at rs 62,344 on the multi commodity exchange."
2023-12-08,GOLD,How much is a gold bar worth?,"When it comes to the price of gold bars, weight has a big impact on the cost — but so do other factors.",CBS News,how much is a gold bar worth,"when it comes to the price of gold bars, weight has a big impact on the cost but so do other factors."
2023-12-08,GOLD,Buying ASX 200 gold shares? Here's the gold price outlook for 2024,The gold price notched new record highs last weekend sending ASX 200 gold shares soaring. Here’s the World Gold Council forecast for 2024.,The Motley Fool Australia,buying asx 200 gold shares here's the gold price outlook for 2024,the gold price notched new record highs last weekend sending asx 200 gold shares soaring. here s the world gold council forecast for 2024.
2023-12-08,GOLD,"Opinion: Suitcases Out, Laptops In - The Death Of Lobbying In India","New age lobbyists are doing their work, minus cash, gold or Khan Market coffee.",NDTV.com,"opinion suitcases out, laptops in - the death of lobbying in india","new age lobbyists are doing their work, minus cash, gold or khan market coffee."
2023-12-10,GOLD,"Lauren Price: Natasha Jonas, Mikaela Mayer, Sandy Ryan, I beat them all! | 'I want to create greatness'","Olympic gold medallist Lauren Price must beat Silvia Bortot tonight in Bournemouth, live on Sky Sports, to set up her dream fights with welterweight world champions; I want to win world titles, at multiple weights as well, create greatness and be a legend! Price declared",Sky Sports,"lauren price natasha jonas, mikaela mayer, sandy ryan, i beat them all 'i want to create greatness'","olympic gold medallist lauren price must beat silvia bortot tonight in bournemouth, live on sky sports, to set up her dream fights with welterweight world champions i want to win world titles, at multiple weights as well, create greatness and be a legend price declared"
2023-12-10,GOLD,Lauren Price dominates Silvia Bortot as Lee Cutler takes thrilling English title victory over Kingsley Egbunike,Olympic gold medallist Lauren Price defeats former European champion Silvia Bortot in style while Lee Cutler wins thrilling English title fight with Kingsley Egbunike; Watch Chris Billam-Smith vs Mateusz Masternak live on Sky Sports Arena,Sky Sports,lauren price dominates silvia bortot as lee cutler takes thrilling english title victory over kingsley egbunike,olympic gold medallist lauren price defeats former european champion silvia bortot in style while lee cutler wins thrilling english title fight with kingsley egbunike watch chris billam-smith vs mateusz masternak live on sky sports arena
2023-12-10,GOLD,"Leaving behind SIP, gold, and Bitcoin, Indians continue to prefer THIS investment option","Indians continue to prefer real estate as the major investment option against SIP, stock market, and even gold, revealed a recent survey conducted by NoBroker.com. It also highlighted the growing demand in the sector in 2023",Livemint,"leaving behind sip, gold, and bitcoin, indians continue to prefer this investment option","indians continue to prefer real estate as the major investment option against sip, stock market, and even gold, revealed a recent survey conducted by nobroker.com. it also highlighted the growing demand in the sector in 2023"
2023-12-11,GOLD,Gold Rate For 10 Grams Falls In India: Check Price In Your City On December 11,"In Chennai, the price for 10 grams of 22-carat gold is Rs 57,650, and for the same amount of 24-carat gold, it's Rs 62,890.gold",News18,gold rate for 10 grams falls in india check price in your city on december 11,"in chennai, the price for 10 grams of 22-carat gold is rs 57,650, and for the same amount of 24-carat gold, it's rs 62,890.gold"
2023-12-12,GOLD,"Gold price in Pakistan falls by Rs1800 to Rs213,600/tola Dec 12","Gold price in Pakistan fell by Rs1800 to Rs213,600 per tola on Tuesday, December 12, 2023. Gold price for 10 gram was traded at Rs183,128",BOL News,"gold price in pakistan falls by rs1800 to rs213,600 tola dec 12","gold price in pakistan fell by rs1800 to rs213,600 per tola on tuesday, december 12, 2023. gold price for 10 gram was traded at rs183,128"
2023-12-12,GOLD,"Gold price trades flat ahead of US Fed meeting outcome. Buy, sell or hold?","MCX gold rate today is in ₹60,800 to ₹62,000 per 10 gm range whereas spot gold price is trading in $1,960 to $2,000 per ounce range, say experts",Livemint,"gold price trades flat ahead of us fed meeting outcome. buy, sell or hold","mcx gold rate today is in 60,800 to 62,000 per 10 gm range whereas spot gold price is trading in $1,960 to $2,000 per ounce range, say experts"
2023-12-12,GOLD,"Gold, Silver Prices Fall Amid Weak Demand In Spot Market; Check Latest Bullion Rates In Your City","Gold, Silver Prices Fall In Spot Market: In the national capital Delhi, 22-carat gold prices declined Rs 150 to Rs 56,900 per 10 grams, while 24-carat gold was lower by Rs 220 to Rs 62,060 per 10 grams",News18,"gold, silver prices fall amid weak demand in spot market check latest bullion rates in your city","gold, silver prices fall in spot market in the national capital delhi, 22-carat gold prices declined rs 150 to rs 56,900 per 10 grams, while 24-carat gold was lower by rs 220 to rs 62,060 per 10 grams"
2023-12-13,GOLD,Senco Gold: This jewellery stock is trading at 145% premium to its IPO price; is there room for more gains?,"Senco Gold is a pan-India jewellery retail player with a history spanning more than five decades. The company's shares debuted on the Indian stock exchanges on July 14 at ₹405.3 per share, a 28% premium over the issue price of ₹317.",Livemint,senco gold this jewellery stock is trading at 145% premium to its ipo price is there room for more gains,"senco gold is a pan-india jewellery retail player with a history spanning more than five decades. the company's shares debuted on the indian stock exchanges on july 14 at 405.3 per share, a 28% premium over the issue price of 317."
2023-12-13,GOLD,Gold prices are down from a record high. Should you invest now?,"The spot price of gold has declined from its $2,100 high — which could be a sign that it's time to buy in.",CBS News,gold prices are down from a record high. should you invest now,"the spot price of gold has declined from its $2,100 high which could be a sign that it's time to buy in."
2023-12-13,GOLD,"RBZ Jewellers announces price band at ₹95-100 per share: issue details, more","RBZ Jewellers is one of the leading organised manufacturers of gold jewellery in India, specialising in antique bridal gold jewellery and distributing it to reputable nationwide retailers and significant regional players in India.",Livemint,"rbz jewellers announces price band at 95-100 per share issue details, more","rbz jewellers is one of the leading organised manufacturers of gold jewellery in india, specialising in antique bridal gold jewellery and distributing it to reputable nationwide retailers and significant regional players in india."
2023-12-14,GOLD,Sovereign Gold Bond 2023-24 Series III to open on Monday: All you need to know about SGBs,"SGB 2023-24 Series III will be available for subscription from December 18 to December 22, with issuance on December 28. The issue price, based on the average closing price of gold, is yet to be announced by the RBI.",Livemint,sovereign gold bond 2023-24 series iii to open on monday all you need to know about sgbs,"sgb 2023-24 series iii will be available for subscription from december 18 to december 22, with issuance on december 28. the issue price, based on the average closing price of gold, is yet to be announced by the rbi."
2023-12-14,GOLD,Fed Meeting Recap: Powell Sends Doves (and Gold) Flying,"Market Overview Analysis by Forex.com (Matthew Weller) covering: XAU/USD, US Dollar Index Futures, Gold Futures. Read Forex.com (Matthew Weller)'s latest article on Investing.com",Investing.com,fed meeting recap powell sends doves and gold flying,"market overview analysis by forex.com matthew weller covering xau usd, us dollar index futures, gold futures. read forex.com matthew weller 's latest article on investing.com"
2023-12-15,GOLD,"Petrol, Diesel Fresh Prices Announced: Check Rates In Your City On December 15","Gold Rate Today: In Mumbai, petrol price on December 15 continued to retail above Rs 100 mark at Rs 106.31 for a litre",News18,"petrol, diesel fresh prices announced check rates in your city on december 15","gold rate today in mumbai, petrol price on december 15 continued to retail above rs 100 mark at rs 106.31 for a litre"
2023-12-15,GOLD,"Costco strikes gold, selling $100M worth of gold bars","Costco (COST) sold $100 million of gold bars last quarter, with each bar selling for a little over $2,000. Yahoo Finance’s Brooke DiPalma, Alexandra Canal, and Pras Subramanian deep dive into this “gold rush” and gold investment overall. For more expert insight and the latest market action, click here to watch this full episode of Yahoo Finance Live.",Yahoo Canada Finance,"costco strikes gold, selling $100m worth of gold bars","costco cost sold $100 million of gold bars last quarter, with each bar selling for a little over $2,000. yahoo finance s brooke dipalma, alexandra canal, and pras subramanian deep dive into this gold rush and gold investment overall. for more expert insight and the latest market action, click here to watch this full episode of yahoo finance live."
2023-12-15,GOLD,Why gold price surged 13% in 2023? Experts list out these 5 reasons,Gold has delivered 3% return in MTD while Nifty 50 index has risen to the tune of 8.50% in this time,Livemint,why gold price surged 13% in 2023 experts list out these 5 reasons,gold has delivered 3% return in mtd while nifty 50 index has risen to the tune of 8.50% in this time
2023-12-15,GOLD,MAINGEAR MG-1 Gold delivers solid performance at a great price,MAINGEAR MG-1 Gold delivers an immaculately pre-built gaming PC with the novel inclusion of swappable front plates.,9to5Toys,maingear mg-1 gold delivers solid performance at a great price,maingear mg-1 gold delivers an immaculately pre-built gaming pc with the novel inclusion of swappable front plates.
2023-12-15,GOLD,Air Jordans Donated to Shelter Sold for $51K,"Watching a countdown of the auction's final minutes on Monday, Erin Holcomb couldn't believe it: The sale price kept jumping for the rare, gold Nike Air Jordan 3s that...",Newser,air jordans donated to shelter sold for $51k,"watching a countdown of the auction's final minutes on monday, erin holcomb couldn't believe it the sale price kept jumping for the rare, gold nike air jordan 3s that..."
2023-12-16,GOLD,Generative AI filled us with wonder in 2023 - but all magic comes with a price,Chatbots spun our prompts into gold this year - or something like it. Figuring out which is which and what else we need to watch for is next year's problem.,ZDNet,generative ai filled us with wonder in 2023 - but all magic comes with a price,chatbots spun our prompts into gold this year - or something like it. figuring out which is which and what else we need to watch for is next year's problem.
2023-12-16,GOLD,"Smugglers find new ways to bring in gold as price, import duties go up","Testimonies of customs and airport officials testify to the fact that the recent cases involve new innovations, such as smuggling gold in the form of paste and instances of “well-educated individuals” being involved in the trade.",The Indian Express,"smugglers find new ways to bring in gold as price, import duties go up","testimonies of customs and airport officials testify to the fact that the recent cases involve new innovations, such as smuggling gold in the form of paste and instances of well-educated individuals being involved in the trade."
2023-12-16,GOLD,"Sovereign Gold Bonds Series III Price Fixed At Rs 6,199: All You Need To Know","Sovereign Gold Bonds Series III Price Fixed At Rs 6,199: All You Need To Know, the Bonds will be opened for public subscription between December 18 and December 22, 2023",News18,"sovereign gold bonds series iii price fixed at rs 6,199 all you need to know","sovereign gold bonds series iii price fixed at rs 6,199 all you need to know, the bonds will be opened for public subscription between december 18 and december 22, 2023"
2023-12-17,GOLD,10 Grams Gold Rate Stable In India: Check Price In Your City On December 17,"Gold rate today: In Delhi, people have to spend Rs 57,900 for 10 grams of 22-carat gold and Rs 63,150 for the same amount of 24-carat gold.",News18,10 grams gold rate stable in india check price in your city on december 17,"gold rate today in delhi, people have to spend rs 57,900 for 10 grams of 22-carat gold and rs 63,150 for the same amount of 24-carat gold."
2023-12-18,GOLD,"Falling Interest Rates Indicate Gold, Silver Bull Market Looms in 2024","Commodities Analysis by Chris Kimble covering: XAU/USD, XAG/USD, Gold Futures, Silver Futures. Read Chris Kimble's latest article on Investing.com",Investing.com,"falling interest rates indicate gold, silver bull market looms in 2024","commodities analysis by chris kimble covering xau usd, xag usd, gold futures, silver futures. read chris kimble's latest article on investing.com"
2023-12-18,GOLD,USAU Stock Earnings: U.S. Gold Reported Results for Q2 2024,"InvestorPlace - Stock Market News, Stock Advice & Trading Tips U.S. Gold (NASDAQ:USAU) just reported results for the second quarter of 2024.U....",Markets Insider,usau stock earnings u.s. gold reported results for q2 2024,"investorplace - stock market news, stock advice trading tips u.s. gold nasdaq usau just reported results for the second quarter of 2024.u...."
2023-12-18,GOLD,From Jewel Box to Market: 5 ways in which you can invest in gold,"There is an increasing clamour to invest in gold owing to the impact of rising inflation coupled with stock market volatility. The need to diversify into gold investments cannot be ruled out. However, the risk-reward component along with the taxation aspect differ in all of them.",Livemint,from jewel box to market 5 ways in which you can invest in gold,"there is an increasing clamour to invest in gold owing to the impact of rising inflation coupled with stock market volatility. the need to diversify into gold investments cannot be ruled out. however, the risk-reward component along with the taxation aspect differ in all of them."
2023-12-18,GOLD,"Up 31% since October, what's next for the Northern Star share price?",The Northern Star Resources Ltd (ASX: NST) share price has been on a tear since early October. Can the ASX 200 gold miner keep on delivering?,The Motley Fool Australia,"up 31% since october, what's next for the northern star share price",the northern star resources ltd asx nst share price has been on a tear since early october. can the asx 200 gold miner keep on delivering
2023-12-18,GOLD,Honda CG 125S Gold Edition price in Pakistan for December 2023,"The Honda CG 125 retains its 125cc sector dominance thanks to the continued popularity of its latest iteration,",BOL News,honda cg 125s gold edition price in pakistan for december 2023,"the honda cg 125 retains its 125cc sector dominance thanks to the continued popularity of its latest iteration,"
2023-12-18,GOLD,Are Commodities a Compelling Contrarian Trade for 2024?,"Commodities Analysis by James Picerno covering: XAU/USD, iShares S&P GSCI Commodity-Indexed Trust, Vanguard Total Stock Market Index Fund ETF Shares, Gold Futures. Read James Picerno's latest article on Investing.com",Investing.com,are commodities a compelling contrarian trade for 2024,"commodities analysis by james picerno covering xau usd, ishares s p gsci commodity-indexed trust, vanguard total stock market index fund etf shares, gold futures. read james picerno's latest article on investing.com"
2023-12-19,GOLD,ASX 200 gold shares smashed the benchmark in 2023. Will they keep their shine in 2024?,"After a very strong run in 2023, can S&P/ASX 200 Index (ASX: XJO) gold shares keep outshining the broader market in 2024?",The Motley Fool Australia,asx 200 gold shares smashed the benchmark in 2023. will they keep their shine in 2024,"after a very strong run in 2023, can s p asx 200 index asx xjo gold shares keep outshining the broader market in 2024"
2023-12-19,GOLD,"Fantasy football market share report: Kyren Williams, Devin Singletary and more zeroRB gold","Michael Salfino tracks the Week 15 volume distribution, highlighting a slew of running backs who delivered well above their draft-day cost.",The Athletic,"fantasy football market share report kyren williams, devin singletary and more zerorb gold","michael salfino tracks the week 15 volume distribution, highlighting a slew of running backs who delivered well above their draft-day cost."
2023-12-19,GOLD,"Gold rate in Pakistan stands at Rs218,900 on Dec 19","The gold price of 24-karat in Pakistan stood at PKR 218,900 on Tuesday, (Dec 19, 2023).",BOL News,"gold rate in pakistan stands at rs218,900 on dec 19","the gold price of 24-karat in pakistan stood at pkr 218,900 on tuesday, dec 19, 2023 ."
2023-12-19,GOLD,"Sovereign Gold Bond 2023-24 series 3: How to buy SGB from banks, post offices, stock exchanges. Step-by-step guide","The third tranche of the Sovereign Gold Bond scheme is open for subscription till December 22, with an issue price of ₹6,199 per gram",Livemint,"sovereign gold bond 2023-24 series 3 how to buy sgb from banks, post offices, stock exchanges. step-by-step guide","the third tranche of the sovereign gold bond scheme is open for subscription till december 22, with an issue price of 6,199 per gram"
2023-12-19,GOLD,"Air Jordans made for Spike Lee and donated to Oregon shelter auctioned for nearly $51,000","Watching a countdown of the auction's final minutes on Monday, Erin Holcomb couldn't believe it: the sale price kept jumping for the rare, gold Nike Air Jordan 3s that were anonymously dropped in the donation chute of the Oregon shelter where she works in Portland.",CP24 Toronto,"air jordans made for spike lee and donated to oregon shelter auctioned for nearly $51,000","watching a countdown of the auction's final minutes on monday, erin holcomb couldn't believe it the sale price kept jumping for the rare, gold nike air jordan 3s that were anonymously dropped in the donation chute of the oregon shelter where she works in portland."
2023-12-21,GOLD,3 ASX mining stocks you'll be glad you bought when the bull market starts,"Iron ore, gold and lithium: Commodities and ASX mining stocks could be in for a bullish year in 2024.",The Motley Fool Australia,3 asx mining stocks you'll be glad you bought when the bull market starts,"iron ore, gold and lithium commodities and asx mining stocks could be in for a bullish year in 2024."
2023-12-21,GOLD,Gold Price Hits New Highs And Strong Central Bank Buying Continues,"Gold is being supported by expectations of rate cuts by the Fed, safe haven buying, and strong central bank purchases.",Seeking Alpha,gold price hits new highs and strong central bank buying continues,"gold is being supported by expectations of rate cuts by the fed, safe haven buying, and strong central bank purchases."
2023-12-21,GOLD,Gold Rate Marginally Rises Today In India: Check Price In Your City On December 21,"On December 21, gold futures expiring on February 05, 2024, were trading at Rs 62,451 on the Multi Commodity Exchange.",News18,gold rate marginally rises today in india check price in your city on december 21,"on december 21, gold futures expiring on february 05, 2024, were trading at rs 62,451 on the multi commodity exchange."
2023-12-22,GOLD,Will Gold Mining Stocks Shine in 2024?,Large-cap TSX gold mining stocks such as Agnico Eagle offer significant upside potential given consensus price target estimates.,The Motley Fool Canada,will gold mining stocks shine in 2024,large-cap tsx gold mining stocks such as agnico eagle offer significant upside potential given consensus price target estimates.
2023-12-24,GOLD,Gold Rate Rises In India: Check Latest Price In Your City On December 24,"Gold Rate Today: Check gold prices today in different cities on December 24, 2023 (in Rs/10 grams). On December 22, gold futures expiring on February 05, 2024, were trading at Rs 62,972 on the Multi Commodity Exchange.",News18,gold rate rises in india check latest price in your city on december 24,"gold rate today check gold prices today in different cities on december 24, 2023 in rs 10 grams . on december 22, gold futures expiring on february 05, 2024, were trading at rs 62,972 on the multi commodity exchange."
2023-12-25,GOLD,Gold Rate Today On Christmas In India: Check Price In Your City On December 25,"Gold holds great significance in India due to its cultural importance, investment value, and longstanding role in weddings and festivals.",News18,gold rate today on christmas in india check price in your city on december 25,"gold holds great significance in india due to its cultural importance, investment value, and longstanding role in weddings and festivals."
2023-12-26,GOLD,"Gold prices rise, edge closer to $2,100","Gold prices (GC=F) rose about half a percent on Tuesday, pushing closer to the $2,100 mark, which has proven to be a resistance level for the precious metal. Yahoo Finance's Jared Blikre breaks down what is driving prices higher. For more expert insight and the latest market action, click here to watch this full episode of Yahoo Finance Live.",Yahoo Finance,"gold prices rise, edge closer to $2,100","gold prices gc f rose about half a percent on tuesday, pushing closer to the $2,100 mark, which has proven to be a resistance level for the precious metal. yahoo finance's jared blikre breaks down what is driving prices higher. for more expert insight and the latest market action, click here to watch this full episode of yahoo finance live."
2023-12-27,GOLD,Primark's classy £32 black jacket with gold buttons could easily be mistaken for Chanel or Dior,"Primark's £32 version is near-identical to Dior and Chanel's offerings, but for a fraction of the price",Coventry Telegraph,primark's classy 32 black jacket with gold buttons could easily be mistaken for chanel or dior,"primark's 32 version is near-identical to dior and chanel's offerings, but for a fraction of the price"
2023-12-27,GOLD,"Gold price may touch ₹67,000 in 2024 on the rise in demand. Should you buy?",Experts anticipate a further rise in gold prices in 2024 amid high demand,Livemint,"gold price may touch 67,000 in 2024 on the rise in demand. should you buy",experts anticipate a further rise in gold prices in 2024 amid high demand
2023-12-27,GOLD,"Indian stock market: 6 things that changed for market overnight - Gift Nifty, drop in oil prices to rally in gold rate","Indian stock market: The Asian markets traded mostly higher, while the US stocks closed in the green overnight as investor sentiment remained upbeat.",Livemint,"indian stock market 6 things that changed for market overnight - gift nifty, drop in oil prices to rally in gold rate","indian stock market the asian markets traded mostly higher, while the us stocks closed in the green overnight as investor sentiment remained upbeat."
2023-12-28,GOLD,Gold rates in Pakistan increase – Check out today’s gold price,Gold prices gained traction in the Pakistan market Gold rates in Pakistan increase – Check out today’s gold price - 28 Dec 2023,Daily Times,gold rates in pakistan increase check out today s gold price,gold prices gained traction in the pakistan market gold rates in pakistan increase check out today s gold price - 28 dec 2023
2023-12-28,GOLD,Hunger for gold means the Amazon has reached 'tipping point' of mercury contamination from illegal mining,"The rising value of gold worldwide has amplified illegal mining in the Amazon, where liquid mercury is being dumped in the Amazon River and causing scientists to warn that Indigenous communities and the environment could pay a far greater price.",CBC.ca,hunger for gold means the amazon has reached 'tipping point' of mercury contamination from illegal mining,"the rising value of gold worldwide has amplified illegal mining in the amazon, where liquid mercury is being dumped in the amazon river and causing scientists to warn that indigenous communities and the environment could pay a far greater price."
2023-12-28,GOLD,Unprecedented Global Macro Sequence Hints at Volatile 2024 for Stocks and Bonds,"Market Overview Analysis by Ashraf Laidi covering: XAU/USD, S&P 500, US Dollar Index Futures, Gold Futures. Read Ashraf Laidi's latest article on Investing.com",Investing.com,unprecedented global macro sequence hints at volatile 2024 for stocks and bonds,"market overview analysis by ashraf laidi covering xau usd, s p 500, us dollar index futures, gold futures. read ashraf laidi's latest article on investing.com"
2023-12-28,GOLD,Outlook 2024: Can gold maintain its shine next year? Here's what experts say,"Gold prices remained resilient in 2023, giving a return of about 14 per cent in international markets and jumping nearly 16 per cent in the domestic market as of December 28, supported by economic uncertainty and expectations of a Fed rate cut in 2024.",Livemint,outlook 2024 can gold maintain its shine next year here's what experts say,"gold prices remained resilient in 2023, giving a return of about 14 per cent in international markets and jumping nearly 16 per cent in the domestic market as of december 28, supported by economic uncertainty and expectations of a fed rate cut in 2024."
2023-12-28,GOLD,"Stock Market Melt-Up Continues as Anticipated, Gold Lurks, Changes to Come in 2024","Market Overview Analysis by Gary Tanashian covering: Nasdaq 100, XAU/USD, XAG/USD, S&P 500. Read Gary Tanashian's latest article on Investing.com",Investing.com,"stock market melt-up continues as anticipated, gold lurks, changes to come in 2024","market overview analysis by gary tanashian covering nasdaq 100, xau usd, xag usd, s p 500. read gary tanashian's latest article on investing.com"
2023-12-29,GOLD,Gold vs stock market: Why Nifty 50 outshined yellow metal in 2023 - explained with 10 reasons,Gold vs stock market: The relative underperformance of gold in 2023 can be attributed to growing investor appetite for riskier assets like equities in a recovering economy,Livemint,gold vs stock market why nifty 50 outshined yellow metal in 2023 - explained with 10 reasons,gold vs stock market the relative underperformance of gold in 2023 can be attributed to growing investor appetite for riskier assets like equities in a recovering economy
2023-12-29,GOLD,"'Gold price may touch ₹72,000 per 10 gm in 2024'","Gold price outlook for 2024 appears promising, with factors such as monetary policies, geopolitical landscape, and central bank gold acquisitions shaping its path",Livemint,"'gold price may touch 72,000 per 10 gm in 2024'","gold price outlook for 2024 appears promising, with factors such as monetary policies, geopolitical landscape, and central bank gold acquisitions shaping its path"
2023-12-30,GOLD,Gold Rate Falls Today In India: Check Price In Your City On December 30,"Gold Rate Today In India: In Delhi, people have to spend Rs 58,700 for 10 grams of 22-carat gold.",News18,gold rate falls today in india check price in your city on december 30,"gold rate today in india in delhi, people have to spend rs 58,700 for 10 grams of 22-carat gold."
2024-01-01,GOLD,24 Carat Gold Rate Falls On First Day Of 2024: Check Price In Your City On January 01,"How much did the price of 24 carat gold drop in your city on January 1st, 2024?",News18,24 carat gold rate falls on first day of 2024 check price in your city on january 01,"how much did the price of 24 carat gold drop in your city on january 1st, 2024"
2024-01-01,GOLD,Outlook 2024: What are the expectations from the yellow metal and gold loan market?,"Gold's performance has been impressive, showing a gain of more than 12% this year. The demand for the yellow metal is expected to continue due to geopolitical tensions, rate cuts, and concerns over major economies.",Livemint,outlook 2024 what are the expectations from the yellow metal and gold loan market,"gold's performance has been impressive, showing a gain of more than 12% this year. the demand for the yellow metal is expected to continue due to geopolitical tensions, rate cuts, and concerns over major economies."
2024-01-01,GOLD,"Gold price may trade in a narrow range in January, rate cut hopes to support; deploy buy on dips, say analysts","Gold prices have risen 14.8% in the year 2023, while silver price gained 7.2% during the year. In the international market, bullion prices gained 13% in 2023 to post their first annual gain since 2020 on hopes that the US central bank could cut interest rates as early as March.",Livemint,"gold price may trade in a narrow range in january, rate cut hopes to support deploy buy on dips, say analysts","gold prices have risen 14.8% in the year 2023, while silver price gained 7.2% during the year. in the international market, bullion prices gained 13% in 2023 to post their first annual gain since 2020 on hopes that the us central bank could cut interest rates as early as march."
2024-01-02,GOLD,Gold Is My Highest Conviction Pick For 2024: Consider Newmont Stock,Newmont is one of the most attractive risk-adjusted gold investments in the market right now. Read why I have high conviction in gold and NEM stock.,Seeking Alpha,gold is my highest conviction pick for 2024 consider newmont stock,newmont is one of the most attractive risk-adjusted gold investments in the market right now. read why i have high conviction in gold and nem stock.
2024-01-02,GOLD,"Gold price today: Gold rate rises on geopolitical tensions, rate cut hopes; what should be your strategy for MCX Gold?","Gold prices rise in the domestic futures market, influenced by positive global cues, weak equity market, and geopolitical news.",Livemint,"gold price today gold rate rises on geopolitical tensions, rate cut hopes what should be your strategy for mcx gold","gold prices rise in the domestic futures market, influenced by positive global cues, weak equity market, and geopolitical news."
2024-01-02,GOLD,Gold Rate For 10 Grams Rises In India: Check Price In Your City On January 02,"Gold Rate Today: On January 02, gold futures expiring on February 05, 2024, were trading at Rs 63,430 on the Multi Commodity Exchange.",News18,gold rate for 10 grams rises in india check price in your city on january 02,"gold rate today on january 02, gold futures expiring on february 05, 2024, were trading at rs 63,430 on the multi commodity exchange."
2024-01-02,GOLD,Gold miner Agnico Eagle Mines acquires minority stake in Canada Nickel,Agnico Eagle says it has bought 19.6 million units of Canada Nickel in a flow-through offering at a price of $1.18 a unit for a total of $23.1-million,The Globe and Mail,gold miner agnico eagle mines acquires minority stake in canada nickel,agnico eagle says it has bought 19.6 million units of canada nickel in a flow-through offering at a price of $1.18 a unit for a total of $23.1-million
2024-01-03,GOLD,"Gold to shine brighter in 2024, prices may hit new high of ₹70,000: ICICI Direct","Presently, the price of the yellow metal stands at ₹63,060 per 10 grams on the MCX commodity stock exchange.",Livemint,"gold to shine brighter in 2024, prices may hit new high of 70,000 icici direct","presently, the price of the yellow metal stands at 63,060 per 10 grams on the mcx commodity stock exchange."
2024-01-03,GOLD,"Walmart deal shaves 32% off the Google Pixel 7 price tag, landing it at unbeatable prices","Walmart currently sells the old but gold Google Pixel 7 at $191 off its price tag, making it a no-miss for Google fans on a budget.",PhoneArena,"walmart deal shaves 32% off the google pixel 7 price tag, landing it at unbeatable prices","walmart currently sells the old but gold google pixel 7 at $191 off its price tag, making it a no-miss for google fans on a budget."
2024-01-03,GOLD,Gold Rate Today In India: Check 22 Carat Price Trends In Your City On January 03,"Gold is highly important in India because of its cultural significance, its value for investment, and its traditional role in weddings and festivals.",News18,gold rate today in india check 22 carat price trends in your city on january 03,"gold is highly important in india because of its cultural significance, its value for investment, and its traditional role in weddings and festivals."
2024-01-04,GOLD,"If Gold Prices Continue to Climb, These 3 Stocks Could Skyrocket","These three gold miners are well positioned to assist investors in riding the price of gold higher in 2024, if catalysts align as expected.",The Motley Fool Canada,"if gold prices continue to climb, these 3 stocks could skyrocket","these three gold miners are well positioned to assist investors in riding the price of gold higher in 2024, if catalysts align as expected."
2024-01-04,GOLD,Gold Rate Falls Today In India: Check 22 Carat Price In Your City On January 04,Gem and Jewellery Domestic Council stated that the prevailing global economic uncertainties and geopolitical tensions are expected to propel gold prices,News18,gold rate falls today in india check 22 carat price in your city on january 04,gem and jewellery domestic council stated that the prevailing global economic uncertainties and geopolitical tensions are expected to propel gold prices
2024-01-05,GOLD,Inflation Could Remain Sticky Throughout 2024,"Market Overview Analysis by Michele Schneider covering: XAU/USD, XAG/USD, US Dollar Index Futures, Gold Futures. Read Michele Schneider's latest article on Investing.com",Investing.com,inflation could remain sticky throughout 2024,"market overview analysis by michele schneider covering xau usd, xag usd, us dollar index futures, gold futures. read michele schneider's latest article on investing.com"
2024-01-05,GOLD,Gold rate today ₹1500 away from lifetime high. Will it climb to a new peak?,"Gold rate today is trading in $2,010 to $2,080 per ounce range in international market whereas MCX gold rate today is in ₹62,250 to ₹63,500 per 10 gm range, say experts",Livemint,gold rate today 1500 away from lifetime high. will it climb to a new peak,"gold rate today is trading in $2,010 to $2,080 per ounce range in international market whereas mcx gold rate today is in 62,250 to 63,500 per 10 gm range, say experts"
2024-01-05,GOLD,Elon Musk drops price of X gold checks amid rampant crypto scams,Reports come the same week X reduced the cost of buying gold checkmarks.,Ars Technica,elon musk drops price of x gold checks amid rampant crypto scams,reports come the same week x reduced the cost of buying gold checkmarks.
2024-01-05,GOLD,"Gold price in Pakistan down by Rs1200 to Rs217,000 on Jan 5","Gold price in Pakistan decreased by Rs1,200 to Rs.217,000 on Friday (5th Jan) compared to its sale at Rs.218,200 on last trading day",BOL News,"gold price in pakistan down by rs1200 to rs217,000 on jan 5","gold price in pakistan decreased by rs1,200 to rs.217,000 on friday 5th jan compared to its sale at rs.218,200 on last trading day"
2024-01-06,GOLD,Gold Rate Today Falls In India: Check 24 Carat Price In Your City On January 06,"Gold Rate Today In India: In Chennai, the price for 10 grams of 22-carat gold is Rs 58,600, and for the same amount of 24-carat gold, it's Rs 63,930.",News18,gold rate today falls in india check 24 carat price in your city on january 06,"gold rate today in india in chennai, the price for 10 grams of 22-carat gold is rs 58,600, and for the same amount of 24-carat gold, it's rs 63,930."
2024-01-06,GOLD,"The S&P 500 could crash by 30%, a recession is likely underway, and interest rates might not fall before summer, market prophet says","Gary Shilling touted Treasurys over gold, rang the alarm on corporate earnings and layoffs, and predicted interest rates would return to 1% or 2%.",Yahoo Finance,"the s p 500 could crash by 30%, a recession is likely underway, and interest rates might not fall before summer, market prophet says","gary shilling touted treasurys over gold, rang the alarm on corporate earnings and layoffs, and predicted interest rates would return to 1% or 2%."
2024-01-08,GOLD,"GLOBAL MARKETS-Asia shares on edge for inflation, earnings reports","The dollar's rally was a headwind for gold, which was flat at $2,043 an ounce. Oil prices shed early gains and turned lower as price cuts from Saudi Arabia offset the risk of supply disruptions in the Red Sea. Brent shed 34 cents to $78.42 a barrel, while U.S. crude fell 31 cents to $73.50 per barrel.",Devdiscourse,"global markets-asia shares on edge for inflation, earnings reports","the dollar's rally was a headwind for gold, which was flat at $2,043 an ounce. oil prices shed early gains and turned lower as price cuts from saudi arabia offset the risk of supply disruptions in the red sea. brent shed 34 cents to $78.42 a barrel, while u.s. crude fell 31 cents to $73.50 per barrel."
2024-01-08,GOLD,Mutual Funds: Why investing in a multi-asset fund makes sense in a volatile market?,"Multi-asset funds offer a diversified portfolio across asset classes, professionally managed to reduce volatility and improve risk-adjusted returns. They also provide tax-efficient asset allocation and lower taxation compared to fixed-income and gold ETFs.",Livemint,mutual funds why investing in a multi-asset fund makes sense in a volatile market,"multi-asset funds offer a diversified portfolio across asset classes, professionally managed to reduce volatility and improve risk-adjusted returns. they also provide tax-efficient asset allocation and lower taxation compared to fixed-income and gold etfs."
2024-01-08,GOLD,Bitcoin Tests 47K Ahead of Likely Bitcoin ETF Approval: How to Trade It,"Market Analysis by Forex.com (Matthew Weller) covering: XAU/USD, Gold Futures, SPDR® Gold Shares, BTC/USD. Read Forex.com (Matthew Weller)'s Market Analysis on Investing.com",Investing.com,bitcoin tests 47k ahead of likely bitcoin etf approval how to trade it,"market analysis by forex.com matthew weller covering xau usd, gold futures, spdr gold shares, btc usd. read forex.com matthew weller 's market analysis on investing.com"
2024-01-08,GOLD,Gold Rate Per 10 Grams Falls In India: Check Price In Your City On January 08,"Check gold rates today in different cities on January 08, 2024; (In Rs/10 grams)",News18,gold rate per 10 grams falls in india check price in your city on january 08,"check gold rates today in different cities on january 08, 2024 in rs 10 grams"
2024-01-09,GOLD,Sunrise hosts in shock over hefty price tags for auction items from Netflix hit The Crown - as 450 props go under the hammer,A replica of the Gold State Coach and Diana’s ‘revenge dress’ is going under the hammer.,7NEWS Australia,sunrise hosts in shock over hefty price tags for auction items from netflix hit the crown - as 450 props go under the hammer,a replica of the gold state coach and diana s revenge dress is going under the hammer.
2024-01-09,GOLD,"Gold price today: Yellow metal trades flat ahead of US inflation data; may face resistance at ₹62,600 level","MCX gold prices traded 0.05% higher at ₹62,209 per 10 grams. Silver prices also gained 0.08% to trade at 72,105 per kg.",Livemint,"gold price today yellow metal trades flat ahead of us inflation data may face resistance at 62,600 level","mcx gold prices traded 0.05% higher at 62,209 per 10 grams. silver prices also gained 0.08% to trade at 72,105 per kg."
2024-01-09,GOLD,Gold ETFs vs sovereign gold bonds: Which one should you choose now?,"With gold ETFs, you can enter or exit at any point in time taking timely advantage of the price movements. Gold ETFs mirror the current market value of physical",Business Insider India,gold etfs vs sovereign gold bonds which one should you choose now,"with gold etfs, you can enter or exit at any point in time taking timely advantage of the price movements. gold etfs mirror the current market value of physical"
2024-01-09,GOLD,Gold Rate Per 10 Grams Falls In India: Check Price In Your City On January 09,Gold rate today in India: Retail gold price on January 09,News18,gold rate per 10 grams falls in india check price in your city on january 09,gold rate today in india retail gold price on january 09
2024-01-09,GOLD,A beginner in stock market? Here's a step-by-step guide to open your first Demat account,"The world of stocks is more accessible than ever, and one of the key tools for your journey is the Demat account. Owning shares without a Demat account would be like carrying around gold coins in a paper bag – inconvenient and prone to risk.",Livemint,a beginner in stock market here's a step-by-step guide to open your first demat account,"the world of stocks is more accessible than ever, and one of the key tools for your journey is the demat account. owning shares without a demat account would be like carrying around gold coins in a paper bag inconvenient and prone to risk."
2024-01-10,GOLD,Gold Rate in Kuwait - Today’s Gold Price in Kuwait - 10 Jan 2024,The current gold rates in Kuwaiti Dinar (KWD) stand at KWD 201.95 for 10 grams and KWD 235.58 for one tola.,BOL News,gold rate in kuwait - today s gold price in kuwait - 10 jan 2024,the current gold rates in kuwaiti dinar kwd stand at kwd 201.95 for 10 grams and kwd 235.58 for one tola.
2024-01-10,GOLD,Bulls Need Goldilocks Soft-Landing Scenario to Keep Reining Supreme,"Market Overview Analysis by Michael Lebowitz covering: XAU/USD, S&P 500, Gold Futures, iShares 20+ Year Treasury Bond ETF. Read Michael Lebowitz's latest article on Investing.com",Investing.com,bulls need goldilocks soft-landing scenario to keep reining supreme,"market overview analysis by michael lebowitz covering xau usd, s p 500, gold futures, ishares 20 year treasury bond etf. read michael lebowitz's latest article on investing.com"
2024-01-10,GOLD,Money latest: £40 price gap between two supermarkets for big shop; what experts say about investing in gold amid record highs,"Welcome to the Money blog, your place for consumer news, cost of living tips, the latest on the economy, and analysis from our experts. Listen to the latest Ian King Business Podcast while you scroll.",Sky News,money latest 40 price gap between two supermarkets for big shop what experts say about investing in gold amid record highs,"welcome to the money blog, your place for consumer news, cost of living tips, the latest on the economy, and analysis from our experts. listen to the latest ian king business podcast while you scroll."
2024-01-10,GOLD,"Senco Gold share price jumps over 15%, hit new record high on strong Q3 update","Senco Gold achieved its highest-ever Q3 revenue, driven by key offers and increased footfall. The company saw a 24% YoY growth in Q3 revenue and a 26% YoY growth in the first nine months of FY24. It also achieved a 40% increase in footfall and a 6% rise in invoices.",Livemint,"senco gold share price jumps over 15%, hit new record high on strong q3 update","senco gold achieved its highest-ever q3 revenue, driven by key offers and increased footfall. the company saw a 24% yoy growth in q3 revenue and a 26% yoy growth in the first nine months of fy24. it also achieved a 40% increase in footfall and a 6% rise in invoices."
2024-01-10,GOLD,"MLB free agency: Ranking Matt Chapman's best fits with Cubs, Blue Jays at the top, plus a sleeper team","The Gold Glover's market has been oddly quiet, even compared to the slow offseason so far",CBS Sports,"mlb free agency ranking matt chapman's best fits with cubs, blue jays at the top, plus a sleeper team","the gold glover's market has been oddly quiet, even compared to the slow offseason so far"
2024-01-11,GOLD,Gold Price For 10 Grams Rises In India: Check Latest Rate In Your City On January 11,"Gold Rate Today In India: In Delhi, people have to spend Rs 57,750 for 10 grams of 22-carat gold and Rs 63,980 for the same amount of 24-carat gold",News18,gold price for 10 grams rises in india check latest rate in your city on january 11,"gold rate today in india in delhi, people have to spend rs 57,750 for 10 grams of 22-carat gold and rs 63,980 for the same amount of 24-carat gold"
2024-01-11,GOLD,"After raising its gold price projections, RBC reveals its top picks in the precious metals sector",Daily roundup of research and analysis from The Globe and Mail’s market strategist Scott Barlow,The Globe and Mail,"after raising its gold price projections, rbc reveals its top picks in the precious metals sector",daily roundup of research and analysis from the globe and mail s market strategist scott barlow
2024-01-13,GOLD,Gold Rate Rises Today In India: Check 24 Carat Price In Your City On January 13,What is the current spot gold price in India? Know difference between 22k and 24k gold price in India,News18,gold rate rises today in india check 24 carat price in your city on january 13,what is the current spot gold price in india know difference between 22k and 24k gold price in india
2024-01-15,GOLD,"Gold Rate Today, Latest Trend In India: Check Price In Your City On January 15","In Delhi, people have to spend Rs 58,150 for 10 grams of 22-carat gold and Rs 63,420 for the same amount of 24-carat gold.",News18,"gold rate today, latest trend in india check price in your city on january 15","in delhi, people have to spend rs 58,150 for 10 grams of 22-carat gold and rs 63,420 for the same amount of 24-carat gold."
2024-01-15,GOLD,Gold Rate in Pakistan Today -16 Jan 2024,"The gold rate of 24-karat is being traded at PKR 220,700 on Sunday, January 16, 2024. Similarly, the gold price for 24-karat.",BOL News,gold rate in pakistan today -16 jan 2024,"the gold rate of 24-karat is being traded at pkr 220,700 on sunday, january 16, 2024. similarly, the gold price for 24-karat."
2024-01-15,GOLD,Gold Rate in Kuwait - Today’s Gold Price in Kuwait - 16 Jan 2024,The current gold rates in Kuwaiti Dinar (KWD) stand at KWD 201.95 for 10 grams and KWD 235.58 for one tola.,BOL News,gold rate in kuwait - today s gold price in kuwait - 16 jan 2024,the current gold rates in kuwaiti dinar kwd stand at kwd 201.95 for 10 grams and kwd 235.58 for one tola.
2024-01-16,GOLD,National Bank Sticks to Their Hold Rating for Barrick Gold (GOLD),"In a report released today, Mike Parkin from National Bank maintained a Hold rating on Barrick Gold (GOLD – Research Report), with a price...",Markets Insider,national bank sticks to their hold rating for barrick gold gold,"in a report released today, mike parkin from national bank maintained a hold rating on barrick gold gold research report , with a price..."
2024-01-16,GOLD,National Bank Remains a Buy on Osisko Gold Royalties (OR),National Bank analyst Shane Nagle maintained a Buy rating on Osisko Gold Royalties (OR – Research Report) today and set a price target of ...,Markets Insider,national bank remains a buy on osisko gold royalties or,national bank analyst shane nagle maintained a buy rating on osisko gold royalties or research report today and set a price target of ...
2024-01-16,GOLD,GDX: Lower Downside Risk For Gold Miners And Favorable Outlook For The Price Of Gold,VanEck Gold Miners ETF does a good job of reducing certain idiosyncratic risks. Click here to see why GDX is a Buy.,Seeking Alpha,gdx lower downside risk for gold miners and favorable outlook for the price of gold,vaneck gold miners etf does a good job of reducing certain idiosyncratic risks. click here to see why gdx is a buy.
2024-01-16,GOLD,Gold Rate Today For 24 Carat In India: Check Latest Price In Your City On January 16,"Gold Rate Today In Mumbai: The present price for 10 grams of 22-carat gold is Rs 58,150, while an equivalent quantity of 24-carat gold is valued at above Rs 63,000.",News18,gold rate today for 24 carat in india check latest price in your city on january 16,"gold rate today in mumbai the present price for 10 grams of 22-carat gold is rs 58,150, while an equivalent quantity of 24-carat gold is valued at above rs 63,000."
2024-01-16,GOLD,Why is the Evolution Mining share price crashing 16% today?,The Evolution Mining Ltd (ASX: EVN) share price is on the slide on Wednesday after the gold miner released its quarterly update...,The Motley Fool Australia,why is the evolution mining share price crashing 16% today,the evolution mining ltd asx evn share price is on the slide on wednesday after the gold miner released its quarterly update...
2024-01-16,GOLD,"MLB rumors: Astros in market for relief help, Mets add Gold Glove winner to depth chart","Here are the hot stove rumors for Tuesday, Jan. 16",CBS Sports,"mlb rumors astros in market for relief help, mets add gold glove winner to depth chart","here are the hot stove rumors for tuesday, jan. 16"
2024-01-16,GOLD,Gold lags Nifty 50 in last 6 months; what's the future outlook for bullion? Here's what experts say,"Gold rates have seen tepid growth in the last few months while the equity market sentiment has been bullish on falling bond yields, healthy economic growth and easing inflation.",Livemint,gold lags nifty 50 in last 6 months what's the future outlook for bullion here's what experts say,"gold rates have seen tepid growth in the last few months while the equity market sentiment has been bullish on falling bond yields, healthy economic growth and easing inflation."
2024-01-17,GOLD,Gold Coast family living in home without roof three weeks after Christmas storms,Gold Coast father Andrew Price has developed shingles and is unable to sleep as he struggles to cope with the stress of the natural disaster.,ABC (Australian Broadcasting Corporation),gold coast family living in home without roof three weeks after christmas storms,gold coast father andrew price has developed shingles and is unable to sleep as he struggles to cope with the stress of the natural disaster.
2024-01-17,GOLD,"Gold price in Pakistan down by Rs2000 to Rs215,300","The gold price in Pakistan decreased by Rs2000 to Rs215,300 per tola in the domestic market on Wednesday (Jan 17)",BOL News,"gold price in pakistan down by rs2000 to rs215,300","the gold price in pakistan decreased by rs2000 to rs215,300 per tola in the domestic market on wednesday jan 17"
2024-01-17,GOLD,Will Inflation Repeat the 1970s Rollercoaster?,"Market Overview Analysis by Michael Lebowitz covering: XAU/USD, Gold Futures, Crude Oil WTI Futures, SPDR® Gold Shares. Read Michael Lebowitz's latest article on Investing.com",Investing.com,will inflation repeat the 1970s rollercoaster,"market overview analysis by michael lebowitz covering xau usd, gold futures, crude oil wti futures, spdr gold shares. read michael lebowitz's latest article on investing.com"
2024-01-18,GOLD,Gold Rate Falls Today In India: Check 10 Grams Price In Your City On January 18,"Gold Rate Today: The average price for 10 grams of 24-carat gold is Rs 62,620",News18,gold rate falls today in india check 10 grams price in your city on january 18,"gold rate today the average price for 10 grams of 24-carat gold is rs 62,620"
2024-01-19,GOLD,"Trends, Trades, And 2024 Commodity Market Outlook","Carley Garner, senior commodity market strategist and and broker at DeCarley Trading, shares her outlook on commodity and other markets, specifically oil, softs, gold, Treasuries and stocks.",Seeking Alpha,"trends, trades, and 2024 commodity market outlook","carley garner, senior commodity market strategist and and broker at decarley trading, shares her outlook on commodity and other markets, specifically oil, softs, gold, treasuries and stocks."
2024-01-19,GOLD,"Sonam Kapoor Shines In A Yellow Midi Dress, Can You Guess Its Price?",Sonam's followers on IG will find a veritable gold mine of stylish looks on her feed. Here is a breakdown into one of her most recent looks-,News18,"sonam kapoor shines in a yellow midi dress, can you guess its price",sonam's followers on ig will find a veritable gold mine of stylish looks on her feed. here is a breakdown into one of her most recent looks-
2024-01-19,GOLD,Gold Rate Today Rises For 10 Grams: Check Price In Your City On January 19,The retail cost of gold in the country is the amount customers pay for it. Check 22 carat gold rate today in India,News18,gold rate today rises for 10 grams check price in your city on january 19,the retail cost of gold in the country is the amount customers pay for it. check 22 carat gold rate today in india
2024-01-19,GOLD,Bitcoin is falling. Should you invest in gold now?,"Investing in gold could be a smart move now that Bitcoin's price has dropped to $40,000. Here's why.",CBS News,bitcoin is falling. should you invest in gold now,"investing in gold could be a smart move now that bitcoin's price has dropped to $40,000. here's why."
2024-01-21,GOLD,Gold rates drop Rs600/tola,"KARACHI: Gold prices in the local market dropped by Rs600 per tola on Monday following a decline in the international market.According to All Sindh Saraf Jewellers Association data, gold rates in...",The News International,gold rates drop rs600 tola,"karachi gold prices in the local market dropped by rs600 per tola on monday following a decline in the international market.according to all sindh saraf jewellers association data, gold rates in..."
2024-01-21,GOLD,Gold Rate Rises In India: Check 24 Carat Gold Price In Your City On January 21,"Gold Rate Today: In Mumbai, the present price for 10 grams of 22-carat gold is Rs 57,800, while an equivalent quantity of 24-carat gold is valued at Rs 63,050.",News18,gold rate rises in india check 24 carat gold price in your city on january 21,"gold rate today in mumbai, the present price for 10 grams of 22-carat gold is rs 57,800, while an equivalent quantity of 24-carat gold is valued at rs 63,050."
2024-01-21,GOLD,Gold price rebounds from five-week low. Should you buy in this rally?,MCX gold rate bounced back strongly and regained around ₹600 per 10 gm after hitting a five-week low last week,Livemint,gold price rebounds from five-week low. should you buy in this rally,mcx gold rate bounced back strongly and regained around 600 per 10 gm after hitting a five-week low last week
2024-01-22,GOLD,Gold Rate Today On Ram Mandir Pran Pratishtha Day: Check Price In Your City On January 22,"In Chennai, the price for 10 grams of 22-carat gold is Rs 58,300, and for the same amount of 24-carat gold, it's Rs 63,600.",News18,gold rate today on ram mandir pran pratishtha day check price in your city on january 22,"in chennai, the price for 10 grams of 22-carat gold is rs 58,300, and for the same amount of 24-carat gold, it's rs 63,600."
2024-01-22,GOLD,"Gold price today: MCX Gold rate rises on weak US dollar, rate cut expectations; what should be your strategy for bullion",MCX Gold prices rise in the domestic futures market influenced by favourable global cues.,Livemint,"gold price today mcx gold rate rises on weak us dollar, rate cut expectations what should be your strategy for bullion",mcx gold prices rise in the domestic futures market influenced by favourable global cues.
2024-01-22,GOLD,Price Breakout Confirmed: Why The Advance Should Continue,The S&P 500 is predicted to break out and it is suggested to add long-term treasuring bonds and gold to hedge stock portfolio in the face of global risks. Learn what investors need to know.,Seeking Alpha,price breakout confirmed why the advance should continue,the s p 500 is predicted to break out and it is suggested to add long-term treasuring bonds and gold to hedge stock portfolio in the face of global risks. learn what investors need to know.
2024-01-24,GOLD,"Gold price in Pakistan stands at Rs215,200/tola on Jan 24","The gold price in Pakistan witnessed no change and was sold at Rs.215,200 in the local market on Wednesday",BOL News,"gold price in pakistan stands at rs215,200 tola on jan 24","the gold price in pakistan witnessed no change and was sold at rs.215,200 in the local market on wednesday"
2024-01-24,GOLD,Northern Star share price leaps higher on boosted earnings,The Northern Star Resources Ltd (ASX: NST) share price is shining bright today. Here’s what the ASX 200 gold miner just reported.,The Motley Fool Australia,northern star share price leaps higher on boosted earnings,the northern star resources ltd asx nst share price is shining bright today. here s what the asx 200 gold miner just reported.
2024-01-25,GOLD,"Hyderabad Metro Rail planning officer held for owning illegal assets; gadgets, 8kg gold, silver ornaments seized",The value of properties found is about Rs 8.26 crore as per government rates and the market value of movable and immovable properties could be many times higher.,The Indian Express,"hyderabad metro rail planning officer held for owning illegal assets gadgets, 8kg gold, silver ornaments seized",the value of properties found is about rs 8.26 crore as per government rates and the market value of movable and immovable properties could be many times higher.
2024-01-25,GOLD,Gold Price Correction Deepens: When Should Dip-Buyers Start Accumulating?,"Commodities Analysis by Investing.com (Damian Nowiszewski) covering: EUR/USD, XAU/USD, US Dollar Index Futures, Gold Futures. Read Investing.com (Damian Nowiszewski)'s latest article on Investing.com",Investing.com,gold price correction deepens when should dip-buyers start accumulating,"commodities analysis by investing.com damian nowiszewski covering eur usd, xau usd, us dollar index futures, gold futures. read investing.com damian nowiszewski 's latest article on investing.com"
2024-01-25,GOLD,Gold Price Falls Today In India: Check 24 Carat Rate In Your City On January 25,What is latest gold price in India? The retail cost of gold in the country is the amount customers pay for it.,News18,gold price falls today in india check 24 carat rate in your city on january 25,what is latest gold price in india the retail cost of gold in the country is the amount customers pay for it.
2024-01-26,GOLD,A new gold rush? The search for the natural hydrogen motherlode is coming to Canada,An Alberta company plans to begin searching for natural hydrogen in northern Ontario this summer in hopes of finding enough of the gas — highly valued as a clean fuel source — to produce and market it.,CBC.ca,a new gold rush the search for the natural hydrogen motherlode is coming to canada,an alberta company plans to begin searching for natural hydrogen in northern ontario this summer in hopes of finding enough of the gas highly valued as a clean fuel source to produce and market it.
2024-01-26,GOLD,Gold price trades flat ahead of US Fed meeting. Should you buy as Middle East crisis escalates?,"Gold rate today is in $2,000 to 42,050 per ounce range while MCX gold rate is in ₹61,500 to ₹62,500 per 10 gm range, say commodity market experts",Livemint,gold price trades flat ahead of us fed meeting. should you buy as middle east crisis escalates,"gold rate today is in $2,000 to 42,050 per ounce range while mcx gold rate is in 61,500 to 62,500 per 10 gm range, say commodity market experts"
2024-01-27,GOLD,Gold Price Rises Today In India: Check 24 Carat Rate In Your City On January 27,What is latest gold price in India? The retail cost of gold in the country is the amount customers pay for it.,News18,gold price rises today in india check 24 carat rate in your city on january 27,what is latest gold price in india the retail cost of gold in the country is the amount customers pay for it.
2024-01-29,GOLD,Carey Price boosts Williams Lake hockey kids to gold in Kelowna,The NHL superstar made a special memory for Williams Lake U11 development team,Caledonia Courier,carey price boosts williams lake hockey kids to gold in kelowna,the nhl superstar made a special memory for williams lake u11 development team
2024-01-29,GOLD,Gold price jumps on rate cut buzz in upcoming US Fed meeting. Opportunity to buy?,"Gold rate today is rising as the market is expecting an announcement of a rate cut schedule in the upcoming US Fed meeting, say experts",Livemint,gold price jumps on rate cut buzz in upcoming us fed meeting. opportunity to buy,"gold rate today is rising as the market is expecting an announcement of a rate cut schedule in the upcoming us fed meeting, say experts"
2024-01-29,GOLD,Gold Rate Declines Today In India: Check 22 Carat Price In Your City On January 29,What is latest gold price in India? The retail cost of gold in the country is the amount customers pay for it.,News18,gold rate declines today in india check 22 carat price in your city on january 29,what is latest gold price in india the retail cost of gold in the country is the amount customers pay for it.
2024-01-29,GOLD,"After soaring 15% in 2023, what's ahead for the gold price in 2024?",Gold bugs were well-rewarded in 2023 with the gold price soaring 15%. We look at what investors can expect from the yellow metal in 2024.,The Motley Fool Australia,"after soaring 15% in 2023, what's ahead for the gold price in 2024",gold bugs were well-rewarded in 2023 with the gold price soaring 15%. we look at what investors can expect from the yellow metal in 2024.
2024-01-30,GOLD,Gold Price Rises Today In India: Check 24 Carat Rate In Your City On January 30,What is latest gold price in India? The retail cost of gold in the country is the amount customers pay for it.,News18,gold price rises today in india check 24 carat rate in your city on january 30,what is latest gold price in india the retail cost of gold in the country is the amount customers pay for it.
2024-01-31,GOLD,Gold: Can the UAE outshine Switzerland?,Switzerland has long dominated the world gold market. What does the UAE’s emergence as a potential rival mean for the Alpine nation?,Swissinfo (EN),gold can the uae outshine switzerland,switzerland has long dominated the world gold market. what does the uae s emergence as a potential rival mean for the alpine nation
2024-01-31,GOLD,Gold Price Stable Today In India: Check 24 Carat Rate In Your City On January 31,"What are the gold rates today in various cities on January 31, 2024. Know 24 and 22 carat gold price in your city here.",News18,gold price stable today in india check 24 carat rate in your city on january 31,"what are the gold rates today in various cities on january 31, 2024. know 24 and 22 carat gold price in your city here."
2024-01-31,GOLD,China's Stock Market and Property Crisis Are Fueling Gold Buying Spree,The rush to the safe haven asset indicates uncertainty around China's financial health as stocks slump and real estate remains in the doldrums.,Markets Insider,china's stock market and property crisis are fueling gold buying spree,the rush to the safe haven asset indicates uncertainty around china's financial health as stocks slump and real estate remains in the doldrums.
2024-02-01,GOLD,"Gold prices up Rs1,400/tola","KARACHI: Gold prices increased by Rs1,400 per tola on Friday in the local market following an increase in the international market rates.The All Sindh Saraf Jewellers Association stated that gold...",The News International,"gold prices up rs1,400 tola","karachi gold prices increased by rs1,400 per tola on friday in the local market following an increase in the international market rates.the all sindh saraf jewellers association stated that gold..."
2024-02-01,GOLD,"US Dollar, Gold Relationship With Silver Could Indicate Next Market Direction","Market Overview Analysis by Gary Tanashian covering: XAU/USD, XAG/USD, S&P 500, US Dollar Index Futures. Read Gary Tanashian's latest article on Investing.com",Investing.com,"us dollar, gold relationship with silver could indicate next market direction","market overview analysis by gary tanashian covering xau usd, xag usd, s p 500, us dollar index futures. read gary tanashian's latest article on investing.com"
2024-02-02,GOLD,Gold Rate in Pakistan Today - 03 Feb 2024,"As of today, the price of 24 karat gold in Pakistan is Rs. 221,700 per tola, while 22 karat gold is priced at Rs. 175,019 per 10 grams",BOL News,gold rate in pakistan today - 03 feb 2024,"as of today, the price of 24 karat gold in pakistan is rs. 221,700 per tola, while 22 karat gold is priced at rs. 175,019 per 10 grams"
2024-02-02,GOLD,China's Gold Sales Surge As Economic Confidence Crashes,"China's appetite for gold, amid slowing growth and a floundering stock market, drove up demand for the commodity in 2023.",Newsweek,china's gold sales surge as economic confidence crashes,"china's appetite for gold, amid slowing growth and a floundering stock market, drove up demand for the commodity in 2023."
2024-02-04,GOLD,Gold Price Rises Marginally In India: Check 24 Carat Rate In Your City On February 4,"Gold Rate Today: In Chennai, the price for 10 grams of 22-carat gold is Rs 58,700, and for the same amount of 24-carat gold, it's Rs 64,040.",News18,gold price rises marginally in india check 24 carat rate in your city on february 4,"gold rate today in chennai, the price for 10 grams of 22-carat gold is rs 58,700, and for the same amount of 24-carat gold, it's rs 64,040."
2024-02-05,GOLD,Gold Price Declines In India: Check 24 Carat Rate In Your City On February 5,What is the retail gold price in India today? Check 22 carat gold rate here,News18,gold price declines in india check 24 carat rate in your city on february 5,what is the retail gold price in india today check 22 carat gold rate here
2024-02-05,GOLD,The old but gold Jackery Explorer 1000 portable power station is seeing a substantial price cut on Amazon,"The Jackery Explorer 1000 with 1,002Wh capacity is now available at 41% off its price tag, landing it at an irresistible price!",PhoneArena,the old but gold jackery explorer 1000 portable power station is seeing a substantial price cut on amazon,"the jackery explorer 1000 with 1,002wh capacity is now available at 41% off its price tag, landing it at an irresistible price"
2024-02-05,GOLD,Gold Rate in Pakistan Today - 06 Feb 2024,"As of today, the price of 24 karat gold in Pakistan is Rs. 223,500 per tola, while 22 karat gold is priced at Rs. 175,648",BOL News,gold rate in pakistan today - 06 feb 2024,"as of today, the price of 24 karat gold in pakistan is rs. 223,500 per tola, while 22 karat gold is priced at rs. 175,648"
2024-02-05,GOLD,Sovereign Gold Bonds 2023-24 Series IV to open on Feb 12; all you need to know about SGBs,Indians hold a unique and unexplained fondness for gold that goes beyond its market value. Opting for SGBs can provide a means to invest in gold without the complications of storing and securing physical gold assets.,Livemint,sovereign gold bonds 2023-24 series iv to open on feb 12 all you need to know about sgbs,indians hold a unique and unexplained fondness for gold that goes beyond its market value. opting for sgbs can provide a means to invest in gold without the complications of storing and securing physical gold assets.
2024-02-05,GOLD,Nvidia eyes fresh record as Goldman Sachs bullish on AI prospects,"Nvidia has emerged as a poster child of the AI frenzy and saw a record monthly jump in its market value in January. Still, Goldman Sachs analyst Toshiya Hari sees more room for growth. ""We believe Nvidia will remain as the industry gold standard for the foreseeable future given its robust hardware and software offerings and, importantly, the pace at which it continues to innovate,"" Hari said.",Yahoo Finance,nvidia eyes fresh record as goldman sachs bullish on ai prospects,"nvidia has emerged as a poster child of the ai frenzy and saw a record monthly jump in its market value in january. still, goldman sachs analyst toshiya hari sees more room for growth. we believe nvidia will remain as the industry gold standard for the foreseeable future given its robust hardware and software offerings and, importantly, the pace at which it continues to innovate, hari said."
2024-02-06,GOLD,Gold Rate in Pakistan Today - 07 Feb 2024,"As of today, the price of 24 karat gold in Pakistan is Rs. 223,100 per tola, while 22 karat gold is priced at Rs. 175,333 per 10 grams",BOL News,gold rate in pakistan today - 07 feb 2024,"as of today, the price of 24 karat gold in pakistan is rs. 223,100 per tola, while 22 karat gold is priced at rs. 175,333 per 10 grams"
2024-02-06,GOLD,Bitcoin: Correction Could Be Nearing End as New ETFs See Massive Fund Inflows,"Market Analysis by Investing.com (Damian Nowiszewski) covering: XAU/USD, Gold Futures, SPDR® Gold Shares, ProShares UltraShort Gold. Read Investing.com (Damian Nowiszewski)'s Market Analysis on Investing.com",Investing.com,bitcoin correction could be nearing end as new etfs see massive fund inflows,"market analysis by investing.com damian nowiszewski covering xau usd, gold futures, spdr gold shares, proshares ultrashort gold. read investing.com damian nowiszewski 's market analysis on investing.com"
2024-02-08,GOLD,'Silver is the new gold' as Egyptians try to protect savings,"Egyptian women traditionally receive a gold jewellery set, or ""shabka"", on their engagement. In the year to Jan. 30, the price of a gram of 21 carat gold rose more than 120% to 3,875 Egyptian pounds ($126), data from the Federation of Egyptian Chambers of Commerce showed. Demand for gold coins and bars surged nearly 58% from 2022 to 2023, according to the World Gold Council's annual report.",Yahoo Canada Finance,'silver is the new gold' as egyptians try to protect savings,"egyptian women traditionally receive a gold jewellery set, or shabka , on their engagement. in the year to jan. 30, the price of a gram of 21 carat gold rose more than 120% to 3,875 egyptian pounds $126 , data from the federation of egyptian chambers of commerce showed. demand for gold coins and bars surged nearly 58% from 2022 to 2023, according to the world gold council's annual report."
2024-02-08,GOLD,Gold Rate in Pakistan Today - 09 Feb 2024,"As of today, the price of 24 karat gold in Pakistan is Rs. 221,700 per tola, while 22 karat gold is priced at Rs. 174,233",BOL News,gold rate in pakistan today - 09 feb 2024,"as of today, the price of 24 karat gold in pakistan is rs. 221,700 per tola, while 22 karat gold is priced at rs. 174,233"
2024-02-09,GOLD,Can the Bull Market Defy the Warning Signs?,"Market Overview Analysis by Gary Tanashian covering: Nasdaq 100, XAU/USD, S&P 500, Gold Futures. Read Gary Tanashian's latest article on Investing.com",Investing.com,can the bull market defy the warning signs,"market overview analysis by gary tanashian covering nasdaq 100, xau usd, s p 500, gold futures. read gary tanashian's latest article on investing.com"
2024-02-09,GOLD,Gold price dropped 1.4% last week as US Fed rhetoric remained hawkish. Opportunity for bottom fishing?,"Gold rate today: Geopolitical tensions in the Middle East and the US government revising last year's inflation figures may support gold prices in the near term, believe experts",Livemint,gold price dropped 1.4% last week as us fed rhetoric remained hawkish. opportunity for bottom fishing,"gold rate today geopolitical tensions in the middle east and the us government revising last year's inflation figures may support gold prices in the near term, believe experts"
2024-02-10,GOLD,Gold Price Falls In India: Check 24 Carat Rate In Your City On February 10,What is the present market price of gold in India? Know the current rate for 24 carat gold in your city.,News18,gold price falls in india check 24 carat rate in your city on february 10,what is the present market price of gold in india know the current rate for 24 carat gold in your city.
2024-02-10,GOLD,"It's A Bubble, And It's Intact",The article discusses the history of monetary policy and its impact on the stock market and gold. Explore more details here.,Seeking Alpha,"it's a bubble, and it's intact",the article discusses the history of monetary policy and its impact on the stock market and gold. explore more details here.
2024-02-11,GOLD,"Gold Market Analysis: Navigating Volatility Amidst Economic Data, Geopolitical Tensions","Discover the week's gold price fluctuations and expert opinions on its future direction, with agreement that market changes are needed for potential shifts.",Seeking Alpha,"gold market analysis navigating volatility amidst economic data, geopolitical tensions","discover the week's gold price fluctuations and expert opinions on its future direction, with agreement that market changes are needed for potential shifts."
2024-02-12,GOLD,Sovereign Gold Bond Scheme 2023-24: Check price and discount as last date as subscription nears,"Sovereign Gold Bond 2024: As per Reserve Bank of India (RBI), investors making payment through online mode will receive a discount of Rs 50 per gram, reducing the issue price at Rs 6,213. Over the past few years, SGBs have become preferred options for many owing to the fact that there is no hassle involved in storing digital gold.",The Indian Express,sovereign gold bond scheme 2023-24 check price and discount as last date as subscription nears,"sovereign gold bond 2024 as per reserve bank of india rbi , investors making payment through online mode will receive a discount of rs 50 per gram, reducing the issue price at rs 6,213. over the past few years, sgbs have become preferred options for many owing to the fact that there is no hassle involved in storing digital gold."
2024-02-12,GOLD,Sovereign Gold Bond Scheme 2023-24 Series IV opens - a look at historical returns,"The Reserve Bank of India has announced the availability of the next tranche of the Sovereign Gold Bond Scheme from 12th to 16th February, with an issue price of ₹6,263 per gram. Here's a look at historical returns",Livemint,sovereign gold bond scheme 2023-24 series iv opens - a look at historical returns,"the reserve bank of india has announced the availability of the next tranche of the sovereign gold bond scheme from 12th to 16th february, with an issue price of 6,263 per gram. here's a look at historical returns"
2024-02-12,GOLD,"Sovereign Gold Bond Scheme 2023-24: New series opens for subscription at ₹6,263/gm; apply online for discount","The next tranche of Sovereign Gold Bond opens for subscription on 12 February, with an issue price of ₹6,263 per gram",Livemint,"sovereign gold bond scheme 2023-24 new series opens for subscription at 6,263 gm apply online for discount","the next tranche of sovereign gold bond opens for subscription on 12 february, with an issue price of 6,263 per gram"
2024-02-13,GOLD,"Gold, Silver Price Today: Precious metals report record hike","Gold futures were up by Rs 12 and traded at Rs 62,090 per 10 grams on the MCX. Silver futures, on the other hand, witnessed a hike of Rs 40 or 0.06 per cent and traded at Rs 71,049 per kg.",The Indian Express,"gold, silver price today precious metals report record hike","gold futures were up by rs 12 and traded at rs 62,090 per 10 grams on the mcx. silver futures, on the other hand, witnessed a hike of rs 40 or 0.06 per cent and traded at rs 71,049 per kg."
2024-02-13,GOLD,Gold Rate Falls Today In India: Check 24 Carat Gold Price In Your City On February 13,What is the present market price of gold in India? Know the current rate for 24 carat gold in your city.,News18,gold rate falls today in india check 24 carat gold price in your city on february 13,what is the present market price of gold in india know the current rate for 24 carat gold in your city.
2024-02-14,GOLD,How has this ASX 300 gold share managed to crash 50% today?,ASX 300 gold miner SSR Mining Inc (ASX: SSR) is tanking today and has lost more than half its market value. What's gone so wrong?,The Motley Fool Australia,how has this asx 300 gold share managed to crash 50% today,asx 300 gold miner ssr mining inc asx ssr is tanking today and has lost more than half its market value. what's gone so wrong
2024-02-14,GOLD,"Gold price in Pakistan declines by Rs3,500 to Rs210,800","Gold price in Pakistan experienced a decline of Rs3,500, reaching Rs210,800 per tola in the local market on Wednesday",BOL News,"gold price in pakistan declines by rs3,500 to rs210,800","gold price in pakistan experienced a decline of rs3,500, reaching rs210,800 per tola in the local market on wednesday"
2024-02-14,GOLD,Senco Gold share price jumps over 7% as Emkay Global raises target price after Q3 results; Should you buy?,"Senco Gold reported a consolidated net profit of ₹109.32 crore for the quarter ended December 31, a rise of 5.8% from ₹103.35 crore during the corresponding quarter of the previous fiscal.",Livemint,senco gold share price jumps over 7% as emkay global raises target price after q3 results should you buy,"senco gold reported a consolidated net profit of 109.32 crore for the quarter ended december 31, a rise of 5.8% from 103.35 crore during the corresponding quarter of the previous fiscal."
2024-02-15,GOLD,"Gold price in Pakistan increases by Rs300 to Rs211,100","Gold price in Pakistan witnessed an increase of Rs300, reaching Rs211,100 per tola in the local market on Thursday (Feb 15)",BOL News,"gold price in pakistan increases by rs300 to rs211,100","gold price in pakistan witnessed an increase of rs300, reaching rs211,100 per tola in the local market on thursday feb 15"
2024-02-16,GOLD,This ASX gold stock just fell 31%. It's time to buy,"The global market for the precious metal remains strong, so Blackwattle analysts advise looking past the recent sell-off of this gold stock.",The Motley Fool Australia,this asx gold stock just fell 31%. it's time to buy,"the global market for the precious metal remains strong, so blackwattle analysts advise looking past the recent sell-off of this gold stock."
2024-02-16,GOLD,Gold price dips for second straight week on higher US Fed rate buzz. Opportunity to buy?,"Gold price in the international market touched a two-month low of around $1,992 per ounce level due to higher-than-expected US CPI data. However, some value buying enabled the metal to regain some ground",Livemint,gold price dips for second straight week on higher us fed rate buzz. opportunity to buy,"gold price in the international market touched a two-month low of around $1,992 per ounce level due to higher-than-expected us cpi data. however, some value buying enabled the metal to regain some ground"
2024-02-16,GOLD,Here's how the price of gold has changed in the last year (and why you should buy in now),"If you want to invest in gold, make sure you know how the value of the precious metal has changed over time.",CBS News,here's how the price of gold has changed in the last year and why you should buy in now,"if you want to invest in gold, make sure you know how the value of the precious metal has changed over time."
2024-02-16,GOLD,"Gold price in Pakistan up by Rs1300 to Rs212,400/tola on Friday","Gold price in Pakistan witnessed an increase of Rs1300, reaching Rs212,400 per tola in the local market on Friday (Feb 16)",BOL News,"gold price in pakistan up by rs1300 to rs212,400 tola on friday","gold price in pakistan witnessed an increase of rs1300, reaching rs212,400 per tola in the local market on friday feb 16"
2024-02-16,GOLD,"If I Could Only Own One Asset, It Would Be Gold","Gold prices have pulled back lately, presenting an opportunity for investors to buy at a cheaper price. Click here to read my analysis.",Seeking Alpha,"if i could only own one asset, it would be gold","gold prices have pulled back lately, presenting an opportunity for investors to buy at a cheaper price. click here to read my analysis."
2024-02-17,GOLD,Gold Price Rises In India: Check 24 Carat Rate In Your City On February 17,What is the current market price of gold in India? Do you know the current rate for 24 carat gold in your city?,News18,gold price rises in india check 24 carat rate in your city on february 17,what is the current market price of gold in india do you know the current rate for 24 carat gold in your city
2024-02-17,GOLD,Barrick Gold’s 2023 Earnings Surge 200%: Is It a Buy?,Barrick Gold’s stock price continues to trade low despite a 200% surge in its earnings. What should you do?,The Motley Fool Canada,barrick gold s 2023 earnings surge 200% is it a buy,barrick gold s stock price continues to trade low despite a 200% surge in its earnings. what should you do
2024-02-17,GOLD,Agnico Eagle Mines Stock Soars Higher on 10.5% Increase in Gold Reserves,"AEM stock (TSX:AEM) posted strong earnings, bringing the share price back up after falling 15% so far in 2024. And more is likely on the way.",The Motley Fool Canada,agnico eagle mines stock soars higher on 10.5% increase in gold reserves,"aem stock tsx aem posted strong earnings, bringing the share price back up after falling 15% so far in 2024. and more is likely on the way."
2024-02-17,GOLD,"Malabar Gold, Senco debut on Deloitte's global luxury goods list","These companies now join major Indian players such as Titan Company, Kalyan Jewellers, and Joyalukkas India in the list, underscoring India's significant influence in the luxury market.",Livemint,"malabar gold, senco debut on deloitte's global luxury goods list","these companies now join major indian players such as titan company, kalyan jewellers, and joyalukkas india in the list, underscoring india's significant influence in the luxury market."
2024-02-18,GOLD,Trump launches gold high top sneaker line a day after $350m court ruling,‘Never Surrender High-Tops’ cost $399 and arrive on the market just after judge hands former US president huge penalty,The Guardian,trump launches gold high top sneaker line a day after $350m court ruling,never surrender high-tops cost $399 and arrive on the market just after judge hands former us president huge penalty
2024-02-18,GOLD,Gold Rate Falls Today In India: Check 24 Carat Gold Price In Your City On February 18,"Gold rate today in India: On February 18, there were fall in retail gold prices across various cities in spot market, Gold Rate Falls Today In India: Check 24 Carat Gold Price In Your City On February 18",News18,gold rate falls today in india check 24 carat gold price in your city on february 18,"gold rate today in india on february 18, there were fall in retail gold prices across various cities in spot market, gold rate falls today in india check 24 carat gold price in your city on february 18"
2024-02-18,GOLD,Details on Tony Khan’s Latest Deal and How It Might Play Out,Tony Khan might have struck gold when it comes to the free agent market. Here are all the latest details about his deal with the NJPW star.,Essentially Sports,details on tony khan s latest deal and how it might play out,tony khan might have struck gold when it comes to the free agent market. here are all the latest details about his deal with the njpw star.
2024-02-19,GOLD,Honda CG 125 Gold Edition Easy Installment Plans - Feb 2024,"Despite the availability of inexpensive brands, Honda continues to lead the Pakistani motorcycle market, with its popular models, the",BOL News,honda cg 125 gold edition easy installment plans - feb 2024,"despite the availability of inexpensive brands, honda continues to lead the pakistani motorcycle market, with its popular models, the"
2024-02-19,GOLD,GDX: More Pain In Store For Beaten Down Gold Miners,Gold miners have underperformed even in a strong gold market. Click here to see why GDX is a Sell.,Seeking Alpha,gdx more pain in store for beaten down gold miners,gold miners have underperformed even in a strong gold market. click here to see why gdx is a sell.
2024-02-19,GOLD,Barrick Gold: A Must-Consider For Gold Bulls,Barrick Gold is a relatively safe investment but at the expense of lower leverage to a rising gold price. Find out why GOLD stock is a Hold.,Seeking Alpha,barrick gold a must-consider for gold bulls,barrick gold is a relatively safe investment but at the expense of lower leverage to a rising gold price. find out why gold stock is a hold.
2024-02-19,GOLD,Gold Rate Rises Today In India: Check 24 Carat Gold Price In Your City On February 19,"Gold rate today in India: On February 19, there were fall in retail gold prices across various cities in spot market, Gold Rate Falls Today In India: Check 24 Carat Gold Price In Your City On February 19",News18,gold rate rises today in india check 24 carat gold price in your city on february 19,"gold rate today in india on february 19, there were fall in retail gold prices across various cities in spot market, gold rate falls today in india check 24 carat gold price in your city on february 19"
2024-02-20,GOLD,"Here's how the price of gold may rise in the next decade, according to experts","Experts agree that the price of gold is likely headed up over the next decade, but by how much? Find out here.",CBS News,"here's how the price of gold may rise in the next decade, according to experts","experts agree that the price of gold is likely headed up over the next decade, but by how much find out here."
2024-02-20,GOLD,"Gold price in Pakistan up by Rs150 to Rs.214,450 on Feb 20","The gold price in Pakistan increased by Rs150 to Rs.214,450 per tola in the local market on Tuesday",BOL News,"gold price in pakistan up by rs150 to rs.214,450 on feb 20","the gold price in pakistan increased by rs150 to rs.214,450 per tola in the local market on tuesday"
2024-02-20,GOLD,"Gold price today: Yellow metal trades higher ahead of US Fed meeting minutes; may face resistance at ₹62,310","Gold prices were steady, helped by a slightly weaker dollar as investors looked forward to minutes of the last US Federal Reserve policy meeting due later in the day for more clarity on its interest rate path.",Livemint,"gold price today yellow metal trades higher ahead of us fed meeting minutes may face resistance at 62,310","gold prices were steady, helped by a slightly weaker dollar as investors looked forward to minutes of the last us federal reserve policy meeting due later in the day for more clarity on its interest rate path."
2024-02-20,GOLD,World’s most lux Jaguar made of 24-carat gold & Swarovski crystals could be yours for huge price but with major drawback,MOTORHEADS now have the chance to own a gold-plated classic car - but there's one off-putting feature.The car - an E-TypeJaguar- will only,The Irish Sun,world s most lux jaguar made of 24-carat gold swarovski crystals could be yours for huge price but with major drawback,motorheads now have the chance to own a gold-plated classic car - but there's one off-putting feature.the car - an e-typejaguar- will only
2024-02-21,GOLD,Centerra Gold started at Outperform at BMO as well-positioned vs. peers,BMO Capital initiates coverage on Centerra Gold (CGAU) with an Outperform rating and C$10 price target.,Seeking Alpha,centerra gold started at outperform at bmo as well-positioned vs. peers,bmo capital initiates coverage on centerra gold cgau with an outperform rating and c$10 price target.
2024-02-21,GOLD,THE CHEAP SEATS with STEVE CAMERON: Would Chapman be an upgrade over Suarez?,"There is flurry of speculation, all of a sudden, that the Mariners actually have noticed that they have no third baseman — and that they’re considering tossing out a bid for the free agent Gold Glover.

It would mean, among other things, that Jerry Dipoto must negotiate with Scott Boras, who lowers the price for any of his clients once each millennium.",Coeur d'Alene Press,the cheap seats with steve cameron would chapman be an upgrade over suarez,"there is flurry of speculation, all of a sudden, that the mariners actually have noticed that they have no third baseman and that they re considering tossing out a bid for the free agent gold glover. it would mean, among other things, that jerry dipoto must negotiate with scott boras, who lowers the price for any of his clients once each millennium."
2024-02-21,GOLD,"Gold rate today, 22 Feb 2024: Gold price jumps after US Fed minutes release","Gold rate today is in the $2,000 to $2,050 per ounce range in the international market whereas, on MCX, the gold price is in ₹61,500 to ₹63,000 per 10 gm level, say experts",Livemint,"gold rate today, 22 feb 2024 gold price jumps after us fed minutes release","gold rate today is in the $2,000 to $2,050 per ounce range in the international market whereas, on mcx, the gold price is in 61,500 to 63,000 per 10 gm level, say experts"
2024-02-21,GOLD,"Gold price in Pakistan up by Rs750 to 215,200 on Feb 21","Gold price of 24 karat in Pakistan witnessed an increase of Rs750, reaching Rs215,200 per tola in the local market on Feb 21",BOL News,"gold price in pakistan up by rs750 to 215,200 on feb 21","gold price of 24 karat in pakistan witnessed an increase of rs750, reaching rs215,200 per tola in the local market on feb 21"
2024-02-21,GOLD,Matt Chapman free agency: Three reasons why Gold Glover remains on the market as Opening Day nears,"Despite being a top free agent this offseason, Chapman has failed to find any suitors",CBS Sports,matt chapman free agency three reasons why gold glover remains on the market as opening day nears,"despite being a top free agent this offseason, chapman has failed to find any suitors"
2024-02-21,GOLD,"Harmony Gold: Long-Term Growth, But Valuation Not Attractive",Harmony Gold Mining's technical pointers do not indicate an attractive entry point at current price levels. See why I believe HMY deserves a 'hold' rating,Seeking Alpha,"harmony gold long-term growth, but valuation not attractive",harmony gold mining's technical pointers do not indicate an attractive entry point at current price levels. see why i believe hmy deserves a 'hold' rating
2024-02-22,GOLD,Gold Price Increases In India: Check 24 Carat Rate In Your City On February 22,What is the present market value of gold in India? Are you aware of the current rate for 24-carat gold in your city? Check latest price details now,News18,gold price increases in india check 24 carat rate in your city on february 22,what is the present market value of gold in india are you aware of the current rate for 24-carat gold in your city check latest price details now
2024-02-22,GOLD,Gold Rate in Pakistan Today - 23 Feb 2024,"On Thursday, February 22, 2024, the price of 24-karat gold in the market is PKR 220,500. Additionally, the bullion market.",BOL News,gold rate in pakistan today - 23 feb 2024,"on thursday, february 22, 2024, the price of 24-karat gold in the market is pkr 220,500. additionally, the bullion market."
2024-02-23,GOLD,Gold Rate Rises Today In India: Check 24 Carat Gold Price In Your City On February 23,"Gold rate today in India: On February 23, there were fall in retail gold prices across various cities in spot market, Gold Rate Rises Today In India: Check 24 Carat Gold Price In Your City On February 23",News18,gold rate rises today in india check 24 carat gold price in your city on february 23,"gold rate today in india on february 23, there were fall in retail gold prices across various cities in spot market, gold rate rises today in india check 24 carat gold price in your city on february 23"
2024-02-23,GOLD,"Gold rate today, Feb 24: Gold price jumps on softening US dollar, Middle East crisis","Gold rate today, Feb 24: Gold prices experienced a period of consolidation, closing the week with a modest uptick of around 0.75% following two weeks of consecutive declines",Livemint,"gold rate today, feb 24 gold price jumps on softening us dollar, middle east crisis","gold rate today, feb 24 gold prices experienced a period of consolidation, closing the week with a modest uptick of around 0.75% following two weeks of consecutive declines"
2024-02-23,GOLD,"Gold price in Pakistan up by Rs1200 to Rs.214,100/tola on Feb 23","KARACHI: The gold price in Pakistan increased by Rs1200 to Rs.214,100 per tola in the local market on Friday",BOL News,"gold price in pakistan up by rs1200 to rs.214,100 tola on feb 23","karachi the gold price in pakistan increased by rs1200 to rs.214,100 per tola in the local market on friday"
2024-02-24,GOLD,Gold Rate Rises Today In India: Check 24 Carat Gold Price In Your City On February 24,"Gold rate today in India: On February 24, there was a rise in retail gold prices across various cities in spot market, Check 24 Carat Gold Price In Your City Today",News18,gold rate rises today in india check 24 carat gold price in your city on february 24,"gold rate today in india on february 24, there was a rise in retail gold prices across various cities in spot market, check 24 carat gold price in your city today"
2024-02-24,GOLD,Prince sidelined after injuring her calf playing for Canada at CONCACAF W Gold Cup,"Canada has lost forward Nichelle Price for the rest of the CONCACAF W Gold Cup due to a calf injury suffered in Friday's 6-0 win over 104th-ranked El Salvador. The 29-year-old from Ajax, Ont.",ElliotLakeToday.com,prince sidelined after injuring her calf playing for canada at concacaf w gold cup,"canada has lost forward nichelle price for the rest of the concacaf w gold cup due to a calf injury suffered in friday's 6-0 win over 104th-ranked el salvador. the 29-year-old from ajax, ont."
2024-02-25,GOLD,"Gold rate today, 26 Feb 2024: Gold price dips as US dollar index hits 2-month high. US Fed rate, GDP data in focus","US rate today is under pressure as the US dollar index has regained 104 levels, say experts",Livemint,"gold rate today, 26 feb 2024 gold price dips as us dollar index hits 2-month high. us fed rate, gdp data in focus","us rate today is under pressure as the us dollar index has regained 104 levels, say experts"
2024-02-25,GOLD,Gold Rate Today Rises In India: Check 24 Carat Price In Your City On February 25,"Check gold rates today in different cities on February 25, 2024; (In Rs/10 grams)",News18,gold rate today rises in india check 24 carat price in your city on february 25,"check gold rates today in different cities on february 25, 2024 in rs 10 grams"
2024-02-25,GOLD,Gold prices rise Rs700 per tola,KARACHI: Gold prices increased by Rs700 per tola on Monday in the local market despite a decline in the international market.The All Sindh Saraf Jewellers Association stated that gold rates reached...,The News International,gold prices rise rs700 per tola,karachi gold prices increased by rs700 per tola on monday in the local market despite a decline in the international market.the all sindh saraf jewellers association stated that gold rates reached...
2024-02-26,GOLD,Gold Rate Today Falls In India: Check 24 Carat Price In Your City On February 26,"Check gold rates today in different cities on February 26, 2024; (In Rs/10 grams)",News18,gold rate today falls in india check 24 carat price in your city on february 26,"check gold rates today in different cities on february 26, 2024 in rs 10 grams"
2024-02-26,GOLD,MWC 2024: Samsung unveils new Galaxy Ring after first teasing it at Galaxy S24 Ultra launch,"Samsung's new Galaxy Ring will hit the market later this year, and will be available in platinum silver, gold, and ceramic black colours. It will have AI as a pivotal component of its health services, aiming to leverage large language models to provide deeper insights into users' health data",Firstpost,mwc 2024 samsung unveils new galaxy ring after first teasing it at galaxy s24 ultra launch,"samsung's new galaxy ring will hit the market later this year, and will be available in platinum silver, gold, and ceramic black colours. it will have ai as a pivotal component of its health services, aiming to leverage large language models to provide deeper insights into users' health data"
2024-02-27,GOLD,G8 Childcare hikes fees as chief executive collects $3m in pay,"The Gold Coast-based group, which has more than 400 centres, said the price rise was linked to higher wage and supply costs – although margins could increase.",Australian Financial Review,g8 childcare hikes fees as chief executive collects $3m in pay,"the gold coast-based group, which has more than 400 centres, said the price rise was linked to higher wage and supply costs although margins could increase."
2024-02-27,GOLD,"Gold price in Pakistan up by Rs100 to 215,900/tola on Feb 26","Gold price of 24 karat in Pakistan increases by Rs100, reaching Rs215,900 per tola in the local market on Tuesday (Feb 27)",BOL News,"gold price in pakistan up by rs100 to 215,900 tola on feb 26","gold price of 24 karat in pakistan increases by rs100, reaching rs215,900 per tola in the local market on tuesday feb 27"
2024-02-27,GOLD,Rosehill race an important step for promising filly Our Gold Hope,Promising filly Our Gold Hope targets the Kembla Grange Classic as co-trainer Luke Price focuses on her development. Updates on her performance and future prospects.,The Canberra Times,rosehill race an important step for promising filly our gold hope,promising filly our gold hope targets the kembla grange classic as co-trainer luke price focuses on her development. updates on her performance and future prospects.
2024-02-28,GOLD,Snowline Gold: A Lower Price Before Bull Horns Pull Out (SNWGF),The correlation between Snowline Gold's shares and the price of gold remains strong. Click here to read why SNWGF stock is a Hold.,Seeking Alpha,snowline gold a lower price before bull horns pull out snwgf,the correlation between snowline gold's shares and the price of gold remains strong. click here to read why snwgf stock is a hold.
2024-02-28,GOLD,"Gold price in Pakistan down by Rs1100 to 214,800/tola on Feb 28","Gold price of 24 karat in Pakistan decreased by Rs1100 to Rs214,800 per tola in the local market on Wednesday (Feb 28)",BOL News,"gold price in pakistan down by rs1100 to 214,800 tola on feb 28","gold price of 24 karat in pakistan decreased by rs1100 to rs214,800 per tola in the local market on wednesday feb 28"
2024-02-28,GOLD,River Island's £10 gold statement ring looks just like £175 designer version,The ring is priced at £10 online at River Island and looks very similar to one by designer brand Margot Fox - but costs a fraction of the price.,Coventry Telegraph,river island's 10 gold statement ring looks just like 175 designer version,the ring is priced at 10 online at river island and looks very similar to one by designer brand margot fox - but costs a fraction of the price.
2024-02-29,GOLD,All the market-moving chatter from Wall Street Thursday morning,A cloud stock and two gold miners were in focus Thursday among early analyst calls.,CNBC,all the market-moving chatter from wall street thursday morning,a cloud stock and two gold miners were in focus thursday among early analyst calls.
2024-03-01,GOLD,HP Omen Transcend 14 review: going for gold,"HP is entering the 14-inch gaming laptop market, and despite a few stumbles, the Omen Transcend 14 still manages to impress.",Digital Trends,hp omen transcend 14 review going for gold,"hp is entering the 14-inch gaming laptop market, and despite a few stumbles, the omen transcend 14 still manages to impress."
2024-03-01,GOLD,Wall Street hunts for more AI gold after Nvidia’s soaring rally,Money managers are scrambling to cash in on the stock market’s interest,The Globe and Mail,wall street hunts for more ai gold after nvidia s soaring rally,money managers are scrambling to cash in on the stock market s interest
2024-03-01,GOLD,Trump's gold shoes ridiculed after price drop: 'Just surrendered 75% of their price',"Some say it was a sneaker con all along. The 45th president came to Philly in mid-February and debuted before sneaker heads at the Sneaker Con his limited edition, golden bathed, red-soled ""Never Surrender High-Tops"" with Stars and Stripes accents for a $399 sticker price. The Never Surrender ...",Raw Story,trump's gold shoes ridiculed after price drop 'just surrendered 75% of their price',"some say it was a sneaker con all along. the 45th president came to philly in mid-february and debuted before sneaker heads at the sneaker con his limited edition, golden bathed, red-soled never surrender high-tops with stars and stripes accents for a $399 sticker price. the never surrender ..."
2024-03-04,GOLD,The gold price just reached its highest level ever: which miners are buys?,"With the gold price climbing to its highest ever level, which gold miners could be in the buy zone right now?",The Motley Fool Australia,the gold price just reached its highest level ever which miners are buys,"with the gold price climbing to its highest ever level, which gold miners could be in the buy zone right now"
2024-03-04,GOLD,"China Two Sessions, gold price","China has projected a GDP growth target of ""around 5%"" for 2024, and expects the inflation rate in the country to increase to ""around 3%"".",CNBC,"china two sessions, gold price","china has projected a gdp growth target of around 5% for 2024, and expects the inflation rate in the country to increase to around 3% ."
2024-03-04,GOLD,"Gold rate today, 5th March 2024: Gold price retraces from life-time high. Should you buy in this correction?","MCX gold rate touched a new peak of ₹64,575 per 10 gm on Monday",Livemint,"gold rate today, 5th march 2024 gold price retraces from life-time high. should you buy in this correction","mcx gold rate touched a new peak of 64,575 per 10 gm on monday"
2024-03-04,GOLD,"Gold, Silver Price Today: Yellow metal trades near Rs 63,400","Gold Prices: Taking cues from global prices, gold prices in India increased on Monday. Gold prices also inched higher owing to the fall of the dollar index. The index, which measures the American currency against its six peers, is trading 0.03 per cent higher at 103.88. At 12 pm, gold futures with 5 April delivery […]",The Indian Express,"gold, silver price today yellow metal trades near rs 63,400","gold prices taking cues from global prices, gold prices in india increased on monday. gold prices also inched higher owing to the fall of the dollar index. the index, which measures the american currency against its six peers, is trading 0.03 per cent higher at 103.88. at 12 pm, gold futures with 5 april delivery"
2024-03-04,GOLD,Gold Rate Falls In India: Check 24 Carat Price In Your City On March 4,"Check gold rates today in different cities on March 4, 2024; (In Rs/10 grams)",News18,gold rate falls in india check 24 carat price in your city on march 4,"check gold rates today in different cities on march 4, 2024 in rs 10 grams"
2024-03-05,GOLD,Gold price today: Gold rate trades lower; what should be your strategy for MCX Gold today?,Gold price today: Gold prices slipped on profit-booking at higher levels ahead of the Federal Reserve Chair Jerome Powell's testimony.,Livemint,gold price today gold rate trades lower what should be your strategy for mcx gold today,gold price today gold prices slipped on profit-booking at higher levels ahead of the federal reserve chair jerome powell's testimony.
2024-03-05,GOLD,Gold rush prompts investors to snap up ASX miners,A two-day rally in the price of gold has sent buyers back to ASX gold miners that have until now lagged a surge in the price of the precious metal.,Australian Financial Review,gold rush prompts investors to snap up asx miners,a two-day rally in the price of gold has sent buyers back to asx gold miners that have until now lagged a surge in the price of the precious metal.
2024-03-05,GOLD,IIFL Finance Shares Plummet 20% After RBI Order On Disbursing Gold Loans; Details,IIFL Share Price: This is the biggest single-day drop for the company since its demerger in 2019,News18,iifl finance shares plummet 20% after rbi order on disbursing gold loans details,iifl share price this is the biggest single-day drop for the company since its demerger in 2019
2024-03-05,GOLD,"Gold Price Hits New All-Time High on Rate-Cut Hopes, Geopolitical Turmoil","Gold hit a new all-time record of $2,141.79 per ounce on Tuesday, due to its safe haven appeal and expectations of a June rate cut.",Markets Insider,"gold price hits new all-time high on rate-cut hopes, geopolitical turmoil","gold hit a new all-time record of $2,141.79 per ounce on tuesday, due to its safe haven appeal and expectations of a june rate cut."
2024-03-05,GOLD,Marks & Spencer's £14 alternative to Rochelle Humes' £860 Bottega Veneta earrings,The chain's Gold Maxi Tear Drop Studs are a deadringer for the viral Bottega drop earrings for a fraction of the price,Liverpool Echo,marks spencer's 14 alternative to rochelle humes' 860 bottega veneta earrings,the chain's gold maxi tear drop studs are a deadringer for the viral bottega drop earrings for a fraction of the price
2024-03-05,GOLD,"Gold price in Pakistan up by Rs2700 to Rs 223,900/tola on March 5","Gold price of 24 karat in Pakistan further went up by Rs2700 to Rs 223,900 per tola in the local market on Tuesday (March 5)",BOL News,"gold price in pakistan up by rs2700 to rs 223,900 tola on march 5","gold price of 24 karat in pakistan further went up by rs2700 to rs 223,900 per tola in the local market on tuesday march 5"
2024-03-05,GOLD,River Island's £14 gold statement ring could rival £4k designer Cartier version,The ring is priced at £14 at River Island and looks similar to one by designer brand Cartier - but costs a fraction of the price,Coventry Telegraph,river island's 14 gold statement ring could rival 4k designer cartier version,the ring is priced at 14 at river island and looks similar to one by designer brand cartier - but costs a fraction of the price
2024-03-05,GOLD,Australian shares quiet as Bitcoin and gold surge,"The local share market was basically unchanged at midday, while Bitcoin and gold were close to breaking their all-time record highs against the US dollar.",PerthNow,australian shares quiet as bitcoin and gold surge,"the local share market was basically unchanged at midday, while bitcoin and gold were close to breaking their all-time record highs against the us dollar."
2024-03-05,GOLD,IIFL Finance share price down 20%; Jefferies downgrades the stock ratings to Hold as gold loan ban may hurt profit,Stock Market Today: IIFL Finance saw its stock price decline 20% in morning trades on Tuesday as the ban of gold loans has dampened investor sentiments. Gold loan book is around 32% of its AUM as per analysts. Jefferies has Downgrade stock to Hold ratings as ban ban will hurt profit,Livemint,iifl finance share price down 20% jefferies downgrades the stock ratings to hold as gold loan ban may hurt profit,stock market today iifl finance saw its stock price decline 20% in morning trades on tuesday as the ban of gold loans has dampened investor sentiments. gold loan book is around 32% of its aum as per analysts. jefferies has downgrade stock to hold ratings as ban ban will hurt profit
2024-03-05,GOLD,Gold prices are near record-highs: 4 reasons to invest now,"There are a lot of good reasons to buy gold right now, even as the spot price climbs. Here's what you need to know.",CBS News,gold prices are near record-highs 4 reasons to invest now,"there are a lot of good reasons to buy gold right now, even as the spot price climbs. here's what you need to know."
2024-03-05,GOLD,"Gold rallies to record high of $2,141 an ounce amid war concerns, rate prospects","Head of TD Securities' commodity strategies Bart Melek stated, ""The big reason here is that we're seeing the market increasingly believing that a Fed rate cut is nearer rather than further away""",Firstpost,"gold rallies to record high of $2,141 an ounce amid war concerns, rate prospects","head of td securities' commodity strategies bart melek stated, the big reason here is that we're seeing the market increasingly believing that a fed rate cut is nearer rather than further away"
2024-03-05,GOLD,"EQX Stock Earnings: Equinox Gold Beats EPS, Misses Revenue for Q4 2023","InvestorPlace - Stock Market News, Stock Advice & Trading Tips Equinox Gold (NYSEMKT:EQX) just reported results for the fourth quarter of 2023...",Markets Insider,"eqx stock earnings equinox gold beats eps, misses revenue for q4 2023","investorplace - stock market news, stock advice trading tips equinox gold nysemkt eqx just reported results for the fourth quarter of 2023..."
2024-03-05,GOLD,Gold (Not Crypto) Is The Preferred Inflation Hedge,Gold market overlooked as cryptocurrencies capture more interest as potential safe havens against inflation pressures. Read why I'm bullish on BAR fund.,Seeking Alpha,gold not crypto is the preferred inflation hedge,gold market overlooked as cryptocurrencies capture more interest as potential safe havens against inflation pressures. read why i'm bullish on bar fund.
2024-03-05,GOLD,Price of gold hits record high amid geopolitical tensions and investor jitters,Investors piled into asset as speculation grows over expected US interest rates cut and Israel-Gaza war continues,The Guardian,price of gold hits record high amid geopolitical tensions and investor jitters,investors piled into asset as speculation grows over expected us interest rates cut and israel-gaza war continues
2024-03-06,GOLD,Gold Rate Jumps In India: Check 24 Carat Price In Your City On March 6,"Check gold rates today in different cities on March 6, 2024; (In Rs/10 grams)",News18,gold rate jumps in india check 24 carat price in your city on march 6,"check gold rates today in different cities on march 6, 2024 in rs 10 grams"
2024-03-07,GOLD,How Much Will It Cost To Watch Simone Biles at Gold Over America Tour 2024?,"The most decorated gymnast in the world, Simone Biles to host her second Gold Over America Tour in September, here's the ticket price details.",Essentially Sports,how much will it cost to watch simone biles at gold over america tour 2024,"the most decorated gymnast in the world, simone biles to host her second gold over america tour in september, here's the ticket price details."
2024-03-07,GOLD,"If Gold Prices Continue To Climb, These 3 Stocks Could Skyrocket",Three gold stocks should be on your radar if you plan on riding the gold price hike momentum.,The Motley Fool Canada,"if gold prices continue to climb, these 3 stocks could skyrocket",three gold stocks should be on your radar if you plan on riding the gold price hike momentum.
2024-03-07,GOLD,China Buys Gold for 16 Months in a Row,"The price of gold has surged to a record high, and Swiss exports of the precious metal to China nearly tripled to start the year.",Markets Insider,china buys gold for 16 months in a row,"the price of gold has surged to a record high, and swiss exports of the precious metal to china nearly tripled to start the year."
2024-03-07,GOLD,Gold Just Broke Out. But Where Are The Investors?,Gold needed to show a full-blown breakout before generalist investors would flock to the market. Read more here.,Seeking Alpha,gold just broke out. but where are the investors,gold needed to show a full-blown breakout before generalist investors would flock to the market. read more here.
2024-03-07,GOLD,Bitcoin is replacing gold in investor portfolios,"By one measure, bitcoin's allocation in overall portfolios overtook gold when its price hit $45,000, JPMorgan says.",Markets Insider,bitcoin is replacing gold in investor portfolios,"by one measure, bitcoin's allocation in overall portfolios overtook gold when its price hit $45,000, jpmorgan says."
2024-03-08,GOLD,"Gold price in Pakistan up by Rs450 to Rs 228,600/tola on March 8","Gold price of 24 karat in Pakistan further went up by Rs450 to Rs228,600  per tola in the local market on Friday (March 8)",BOL News,"gold price in pakistan up by rs450 to rs 228,600 tola on march 8","gold price of 24 karat in pakistan further went up by rs450 to rs228,600 per tola in the local market on friday march 8"
2024-03-08,GOLD,Gold price jumps 4% in one week on US Fed rate cut buzz. Opportunity to buy?,"Gold rate today: The surge in gold prices to historic levels, reaching ₹66,356 per 10 gm, and gaining close to 4 percent for the week, reflects a combination of several factors driving demand for the precious metal, say experts",Livemint,gold price jumps 4% in one week on us fed rate cut buzz. opportunity to buy,"gold rate today the surge in gold prices to historic levels, reaching 66,356 per 10 gm, and gaining close to 4 percent for the week, reflects a combination of several factors driving demand for the precious metal, say experts"
2024-03-08,GOLD,Gold prices hit a new record high. Here are 5 reasons why investors are buying in.,The spot price of gold soared to a new record high this week. Here's why investors are flocking to gold right now.,CBS News,gold prices hit a new record high. here are 5 reasons why investors are buying in.,the spot price of gold soared to a new record high this week. here's why investors are flocking to gold right now.
2024-03-10,GOLD,Gold prices remain unchanged,"KARACHI: Gold prices remained unchanged in the local market on Monday. The All Sindh Saraf Jewellers Association stated that gold rates stood the same at Rs230,200 per tola.Similarly, the price of...",The News International,gold prices remain unchanged,"karachi gold prices remained unchanged in the local market on monday. the all sindh saraf jewellers association stated that gold rates stood the same at rs230,200 per tola.similarly, the price of..."
2024-03-10,GOLD,Gold Price Rises In India: Check 24 Carat Rate In Your City On March 10,"Check gold rates today in different cities on March 10, 2024; (In Rs/10 grams)",News18,gold price rises in india check 24 carat rate in your city on march 10,"check gold rates today in different cities on march 10, 2024 in rs 10 grams"
2024-03-11,GOLD,"Gold price in Pakistan remains unchanged at Rs230,200","Gold price of 24 karat in Pakistan remained unchanged at Rs230,200 in the local market on Monday (March 11)",BOL News,"gold price in pakistan remains unchanged at rs230,200","gold price of 24 karat in pakistan remained unchanged at rs230,200 in the local market on monday march 11"
2024-03-12,GOLD,"Gold, Silver Price Today: Price of yellow metal falls below 66,000","In the domestic market, gold price is trading at Rs 6,074 per gram for 22 karat gold and Rs 6,626 per gram for 24 karat gold.",The Indian Express,"gold, silver price today price of yellow metal falls below 66,000","in the domestic market, gold price is trading at rs 6,074 per gram for 22 karat gold and rs 6,626 per gram for 24 karat gold."
2024-03-12,GOLD,Bitcoin Will 'Eat' Gold As Price Hits New Record Highs: Michael Saylor,"Bitcoin has surged more than 1,000% since Saylor pivoted his firm. MicroStrategy currently has a market cap of more than $25 billion.",Markets Insider,bitcoin will 'eat' gold as price hits new record highs michael saylor,"bitcoin has surged more than 1,000% since saylor pivoted his firm. microstrategy currently has a market cap of more than $25 billion."
2024-03-12,GOLD,Gold Price Rises In India: Check 24 Carat Rate In Your City On March 12,"Check gold rates today in different cities on March 10, 2024; (In Rs/10 grams)",News18,gold price rises in india check 24 carat rate in your city on march 12,"check gold rates today in different cities on march 10, 2024 in rs 10 grams"
2024-03-13,GOLD,Stocks are mixed as China scrambles to avoid major real estate developer bankruptcy,"On Tuesday, its shares listed in Hong Kong closed 10.3 higher, and the stock traded in Shenzhen ended the day with a 5.7 increase.In metal trading, China central bank continued to exhibit robust gold-buying activities amid global geopolitical tensions and haven demand, which further drove up the price of gold.",Devdiscourse,stocks are mixed as china scrambles to avoid major real estate developer bankruptcy,"on tuesday, its shares listed in hong kong closed 10.3 higher, and the stock traded in shenzhen ended the day with a 5.7 increase.in metal trading, china central bank continued to exhibit robust gold-buying activities amid global geopolitical tensions and haven demand, which further drove up the price of gold."
2024-03-13,GOLD,Richmond coach Adem Yze wields the axe for blockbuster against Carlton,"After their disappointing loss to Gold Coast, a stack of Richmond players have paid the price.",7NEWS Australia,richmond coach adem yze wields the axe for blockbuster against carlton,"after their disappointing loss to gold coast, a stack of richmond players have paid the price."
2024-03-13,GOLD,Gold price drops in Pakistan; Check new rates here,Gold price declined in the Pakistan as there was a downtrend in the international market on the Wednesday.,BOL News,gold price drops in pakistan check new rates here,gold price declined in the pakistan as there was a downtrend in the international market on the wednesday.
2024-03-15,GOLD,"Today’s Latest Business News, Finance and Share Market News at 10:00 am on 15 March 2024","In today's audio, we talk about the sale of the iconic Air India building at Nariman Point, India’s oil products demand and RBI's gold purchase among others. Also, know about key stocks to watch in trade today.",The Indian Express,"today s latest business news, finance and share market news at 10 00 am on 15 march 2024","in today's audio, we talk about the sale of the iconic air india building at nariman point, india s oil products demand and rbi's gold purchase among others. also, know about key stocks to watch in trade today."
2024-03-15,GOLD,"Why stock market, gold price, Bitcoin price moving in one direction - explained","Stock market vs gold price vs Bitcoin price: In recent market conditions, observers have noted a surprising correlation between these seemingly disparate assets",Livemint,"why stock market, gold price, bitcoin price moving in one direction - explained","stock market vs gold price vs bitcoin price in recent market conditions, observers have noted a surprising correlation between these seemingly disparate assets"
2024-03-15,GOLD,Gold price retraces ₹800 from life-time high. Good opportunity to buy?,"Gold rate today is under pressure as the US dollar index climbed to a one-week high after hotter-than-expected CPI data and PPI prints, say experts",Livemint,gold price retraces 800 from life-time high. good opportunity to buy,"gold rate today is under pressure as the us dollar index climbed to a one-week high after hotter-than-expected cpi data and ppi prints, say experts"
2024-03-15,GOLD,'Gold price may touch $2300 level by end of September 2024',"MCX gold rates may touch ₹67,000 to ₹67,500 per 10 gm by end of September 2024, believes Anuj Gupta of HDFC Securities",Livemint,'gold price may touch $2300 level by end of september 2024',"mcx gold rates may touch 67,000 to 67,500 per 10 gm by end of september 2024, believes anuj gupta of hdfc securities"
2024-03-15,GOLD,Cheltenham Festival Gold Cup price boost: Get Galopin Des Champs at 6/5 on Paddy Power,Gold Cup Day is finally here for Cheltenham Festival 2024.And Paddy Power are boosting the big favourite to make it two straight Gold Cups with Galopi,talkSPORT.com,cheltenham festival gold cup price boost get galopin des champs at 6 5 on paddy power,gold cup day is finally here for cheltenham festival 2024.and paddy power are boosting the big favourite to make it two straight gold cups with galopi
2024-03-17,GOLD,Gold rate today under pressure as US dollar rate jumps ahead of FOMC meeting. Buy or wait for more correction?,"Gold rate today has crucial support placed at ₹64,300 per 10 gm level whereas spot gold price has immediate support placed at $2,120 per ounce level, say experts",Livemint,gold rate today under pressure as us dollar rate jumps ahead of fomc meeting. buy or wait for more correction,"gold rate today has crucial support placed at 64,300 per 10 gm level whereas spot gold price has immediate support placed at $2,120 per ounce level, say experts"
2024-03-17,GOLD,Rishi Sunak’s refusal to give up the Frank Hester gold proves his principles have a price point,"If the Tory party won’t relinquish the millions from its disgraced donor, it will be saying it doesn’t have a problem being associated with racism",The Guardian,rishi sunak s refusal to give up the frank hester gold proves his principles have a price point,"if the tory party won t relinquish the millions from its disgraced donor, it will be saying it doesn t have a problem being associated with racism"
2024-03-17,GOLD,Radio market overhaul as Southern Cross says it may accept ARN bid,The deal would merge the Hit and Triple M networks with the owner of the KIIS and Pure Gold stations in a major shakeup of the $700 million sector.,Australian Financial Review,radio market overhaul as southern cross says it may accept arn bid,the deal would merge the hit and triple m networks with the owner of the kiis and pure gold stations in a major shakeup of the $700 million sector.
2024-03-18,GOLD,"Gold price in Pakistan down by Rs600 to Rs226,900","Gold price of 24 karat in Pakistan remained decreased Rs600 to Rs226,900 in the local market on Monday (March 18)",BOL News,"gold price in pakistan down by rs600 to rs226,900","gold price of 24 karat in pakistan remained decreased rs600 to rs226,900 in the local market on monday march 18"
2024-03-18,GOLD,Will Gold Stocks Rally in 2024?,"Down almost 30% from all-time highs, Franco-Nevada is a gold mining stock trading at a discount to consensus price target estimates.",The Motley Fool Canada,will gold stocks rally in 2024,"down almost 30% from all-time highs, franco-nevada is a gold mining stock trading at a discount to consensus price target estimates."
2024-03-18,GOLD,Private paradise on Victor Island hits the market for less than Gold Coast unit,"The sale has gone into the hands of the lender, which means prospective island-dwellers could be in for a bargain buy.",7NEWS Australia,private paradise on victor island hits the market for less than gold coast unit,"the sale has gone into the hands of the lender, which means prospective island-dwellers could be in for a bargain buy."
2024-03-18,GOLD,"Standard Chartered raises year-end target of Bitcoin to $1,50,000","“We think the gold analogy – in terms of both ETF impact and the optimal portfolio mix – remains a good starting point for estimating the ‘correct’ BTC price level medium-term,” Standard Chartered said in a note.",Livemint,"standard chartered raises year-end target of bitcoin to $1,50,000","we think the gold analogy in terms of both etf impact and the optimal portfolio mix remains a good starting point for estimating the correct btc price level medium-term, standard chartered said in a note."
2024-03-18,GOLD,"Where to Buy Sunglasses, Price",Ray-Ban has released a limited-edition sunglasses collection with Lenny Kravitz featuring gold Ray-Bans Reverse Aviators you can buy online now.,Billboard,"where to buy sunglasses, price",ray-ban has released a limited-edition sunglasses collection with lenny kravitz featuring gold ray-bans reverse aviators you can buy online now.
2024-03-18,GOLD,Gold Price Declines In India: Check 24 Carat Rate In Your City On March 18,"Check gold rates today in different cities on March 18, 2024; (In Rs/10 grams)",News18,gold price declines in india check 24 carat rate in your city on march 18,"check gold rates today in different cities on march 18, 2024 in rs 10 grams"
2024-03-19,GOLD,TSX Materials in March 2024: The Best Stock to Buy Right Now,"Materials have been quite volatile, though the price of gold has surged to all-time highs. That makes this stock a strong buy.",The Motley Fool Canada,tsx materials in march 2024 the best stock to buy right now,"materials have been quite volatile, though the price of gold has surged to all-time highs. that makes this stock a strong buy."
2024-03-19,GOLD,USAU Stock Earnings: U.S. Gold Reported Results for Q3 2024,"InvestorPlace - Stock Market News, Stock Advice & Trading Tips U.S. Gold (NASDAQ:USAU) just reported results for the third quarter of 2024.U.S...",Markets Insider,usau stock earnings u.s. gold reported results for q3 2024,"investorplace - stock market news, stock advice trading tips u.s. gold nasdaq usau just reported results for the third quarter of 2024.u.s..."
2024-03-19,GOLD,"Gold price in Pakistan up by Rs400 to Rs227,300/tola on March 19","Gold price of 24 karat in Pakistan increased by Rs400 to Rs227,300 in the local market on Tuesday (March 19)",BOL News,"gold price in pakistan up by rs400 to rs227,300 tola on march 19","gold price of 24 karat in pakistan increased by rs400 to rs227,300 in the local market on tuesday march 19"
2024-03-19,GOLD,Gold price today: MCX Gold little changed ahead of US Fed meet outcome; what should be your strategy for gold today?,Gold price today: Weak global cues and the dollar's rise also weighed on gold prices. MCX Gold traded with nominal gains in the morning session on March 20.,Livemint,gold price today mcx gold little changed ahead of us fed meet outcome what should be your strategy for gold today,gold price today weak global cues and the dollar's rise also weighed on gold prices. mcx gold traded with nominal gains in the morning session on march 20.
2024-03-20,GOLD,"Indian stock market: 8 key things that changed for market overnight - Gift Nifty, US Fed meet outcome to gold prices","Indian stock market: Gift Nifty was trading around 22,078 level, a premium of nearly 170 points from the Nifty futures’ previous close, indicating a gap-up start for the Indian stock market indices.",Livemint,"indian stock market 8 key things that changed for market overnight - gift nifty, us fed meet outcome to gold prices","indian stock market gift nifty was trading around 22,078 level, a premium of nearly 170 points from the nifty futures previous close, indicating a gap-up start for the indian stock market indices."
2024-03-20,GOLD,Gold Price Rises In India: Check 24 Carat Rate In Your City On March 20,"Check gold rates today in different cities on March 20, 2024; (In Rs/10 grams)",News18,gold price rises in india check 24 carat rate in your city on march 20,"check gold rates today in different cities on march 20, 2024 in rs 10 grams"
2024-03-20,GOLD,"Gold rate today hits new peak of ₹66,778 after US Fed meeting. Should you buy in current gold price rally?","Gold rate today on the MCX climbed to a new peak of ₹66,778 per 10 gm level within a few minutes of the commodity market's opening",Livemint,"gold rate today hits new peak of 66,778 after us fed meeting. should you buy in current gold price rally","gold rate today on the mcx climbed to a new peak of 66,778 per 10 gm level within a few minutes of the commodity market's opening"
2024-03-21,GOLD,When will gold prices fall?,Gold seems to be in a bull market. How long will it last?,Livemint,when will gold prices fall,gold seems to be in a bull market. how long will it last
2024-03-21,GOLD,Gold Price Falls In India: Check 24 Carat Rate In Your City On March 21,"Check gold rates today in different cities on March 21, 2024; (In Rs/10 grams)",News18,gold price falls in india check 24 carat rate in your city on march 21,"check gold rates today in different cities on march 21, 2024 in rs 10 grams"
2024-03-21,GOLD,What is the price of gold and what does it have to do with the Fed?,"Gold prices have surged 10% since mid-February and 20% since their October lows, even hitting record highs at one point.",Fortune,what is the price of gold and what does it have to do with the fed,"gold prices have surged 10% since mid-february and 20% since their october lows, even hitting record highs at one point."
2024-03-21,GOLD,Gold Price Today: Yellow metal surges to record high,"The yellow metal opened at Rs 66,100 per 10 gm on the back of US Federal Reserve's decision to keep interest rates steady at 5.25-5.5 per cent.",The Indian Express,gold price today yellow metal surges to record high,"the yellow metal opened at rs 66,100 per 10 gm on the back of us federal reserve's decision to keep interest rates steady at 5.25-5.5 per cent."
2024-03-21,GOLD,"Gold price in Pakistan up by Rs4,600 to Rs232,400","Gold price of 24 karat in Pakistan increased by Rs4,600 to Rs232,400 in the local market on Thursday (March 21)",BOL News,"gold price in pakistan up by rs4,600 to rs232,400","gold price of 24 karat in pakistan increased by rs4,600 to rs232,400 in the local market on thursday march 21"
2024-03-21,GOLD,India's Untapped Gold Loan Market Offers Good Business Prospects: Unimoni CEO,Rising gold prices augurs well for the market,Jimmys Post,india's untapped gold loan market offers good business prospects unimoni ceo,rising gold prices augurs well for the market
2024-03-22,GOLD,NFGC Stock Earnings: New Found Gold Misses EPS for Q4 2023,"InvestorPlace - Stock Market News, Stock Advice & Trading Tips New Found Gold (NYSEMKT:NFGC) just reported results for the fourth quarter of 2...",Markets Insider,nfgc stock earnings new found gold misses eps for q4 2023,"investorplace - stock market news, stock advice trading tips new found gold nysemkt nfgc just reported results for the fourth quarter of 2..."
2024-03-22,GOLD,Gold price jumps 6% this month. Should you buy as MCX gold rate dips ₹1000 from record high?,"Gold rate today is in the $2,140 to $2,230 per ounce range whereas silver rate today is in the $23.80 to $28 per ounce range, say experts",Livemint,gold price jumps 6% this month. should you buy as mcx gold rate dips 1000 from record high,"gold rate today is in the $2,140 to $2,230 per ounce range whereas silver rate today is in the $23.80 to $28 per ounce range, say experts"
2024-03-22,GOLD,"Gold price in Pakistan down by Rs4,200 to Rs228,200","Gold price of 24 karat in Pakistan decreased by Rs4,200 to Rs228,200 in the local market on Friday (March 22)",BOL News,"gold price in pakistan down by rs4,200 to rs228,200","gold price of 24 karat in pakistan decreased by rs4,200 to rs228,200 in the local market on friday march 22"
2024-03-24,GOLD,Gold Rate Rises Today In India: Check 24 Carat Price In Your City On March 24,"Check gold rates today in different cities on March 24, 2024; (In Rs/10 grams)",News18,gold rate rises today in india check 24 carat price in your city on march 24,"check gold rates today in different cities on march 24, 2024 in rs 10 grams"
2024-03-25,GOLD,Should you buy gold now or wait for the price to drop?,The price of gold is hovering near a record high. But should investors buy in now or wait for the price to fall?,CBS News,should you buy gold now or wait for the price to drop,the price of gold is hovering near a record high. but should investors buy in now or wait for the price to fall
2024-03-25,GOLD,Gold Rate Falls In India: Check 24 Carat Price In Your City On March 25,"Check gold rates today in different cities on March 25, 2024; (In Rs/10 grams)",News18,gold rate falls in india check 24 carat price in your city on march 25,"check gold rates today in different cities on march 25, 2024 in rs 10 grams"
2024-03-25,GOLD,Gold adds to gains on lingering inflation concerns; analysts see price moving higher,"Gold prices climb on expectations of U.S. interest rate cuts, and SP Angel analysts say gold is looking increasingly attractive.",Seeking Alpha,gold adds to gains on lingering inflation concerns analysts see price moving higher,"gold prices climb on expectations of u.s. interest rate cuts, and sp angel analysts say gold is looking increasingly attractive."
2024-03-26,GOLD,Canadian gold play FireFly in $52m cash call,Sources said the $247 million market cap company is seeking to raise fresh funds at a 10 per cent discount to its last traded price.,Australian Financial Review,canadian gold play firefly in $52m cash call,sources said the $247 million market cap company is seeking to raise fresh funds at a 10 per cent discount to its last traded price.
2024-03-26,GOLD,"Robinhood makes major push into credit cards with 3% cash back rewards, 10 karat gold card",The move comes at a time when Robinhood's share price is up nearly 100% this year and the company appears to have recovered from its post-pandemic malaise.,Fortune,"robinhood makes major push into credit cards with 3% cash back rewards, 10 karat gold card",the move comes at a time when robinhood's share price is up nearly 100% this year and the company appears to have recovered from its post-pandemic malaise.
2024-03-27,GOLD,How high will the price of gold go? Here's what some experts think,Can the price of gold continue surpassing record highs or is a pull-back ahead? Here's what some experts predict.,CBS News,how high will the price of gold go here's what some experts think,can the price of gold continue surpassing record highs or is a pull-back ahead here's what some experts predict.
2024-03-27,GOLD,"Gold continues to shine bright on strong demand, up 8% since November 2022","The upcoming release of the U.S. core personal consumption expenditure (PCE) price index report, scheduled for Friday, holds significance for investors as it provides insights into the Federal Reserve's policy direction.",Livemint,"gold continues to shine bright on strong demand, up 8% since november 2022","the upcoming release of the u.s. core personal consumption expenditure pce price index report, scheduled for friday, holds significance for investors as it provides insights into the federal reserve's policy direction."
2024-03-27,GOLD,"Why Birkin bags are a better investment than gold, according to an Hermès expert","Thanks to its exclusivity and its status as an investment piece, a Birkin bag’s value is much higher than its sticker price of around $12,000.",Fortune,"why birkin bags are a better investment than gold, according to an hermès expert","thanks to its exclusivity and its status as an investment piece, a birkin bag s value is much higher than its sticker price of around $12,000."
2024-03-27,GOLD,Royal Gold: A Golden Buy Opportunity with Enhanced Valuation and Growth Prospects,"BMO Capital analyst Jackie Przybylowski upgraded the rating on Royal Gold (RGLD – Research Report) to a Buy today, setting a price target ...",Markets Insider,royal gold a golden buy opportunity with enhanced valuation and growth prospects,"bmo capital analyst jackie przybylowski upgraded the rating on royal gold rgld research report to a buy today, setting a price target ..."
2024-03-27,GOLD,"Robinhood Stock Price Surges After Solid-Gold Credit Card Launch, 3% Cashback","Robinhood is giving the solid gold credit card to the first 5,000 users that refer 10 people to Robinhood's Gold subscription plan.",Markets Insider,"robinhood stock price surges after solid-gold credit card launch, 3% cashback","robinhood is giving the solid gold credit card to the first 5,000 users that refer 10 people to robinhood's gold subscription plan."
2024-03-28,GOLD,Gold Rate in Qatar Today - 29 March 2024,"On March 29, 2024, the price of 24k gold per tola in Qatar was QAR 2,780.63. This information is regularly updated.",BOL News,gold rate in qatar today - 29 march 2024,"on march 29, 2024, the price of 24k gold per tola in qatar was qar 2,780.63. this information is regularly updated."
2024-03-28,GOLD,S&P 500 resets record high as price data awaited,All three US benchmarks were little changed pending Friday’s release of a key Federal Reserve inflation metric. Gold resets record high.,Australian Financial Review,s p 500 resets record high as price data awaited,all three us benchmarks were little changed pending friday s release of a key federal reserve inflation metric. gold resets record high.
2024-03-28,GOLD,"Gold price in Pakistan up by Rs1,500 to Rs231,000","Gold price of 24 karat in Pakistan increased by Rs1,500 to Rs231,000 in the local market on Thursday March 28",BOL News,"gold price in pakistan up by rs1,500 to rs231,000","gold price of 24 karat in pakistan increased by rs1,500 to rs231,000 in the local market on thursday march 28"
2024-03-28,GOLD,Gold Rate Today In India: Check Latest 24 Carat Price In Your City On March 28,Check what are the latest gold prices in various Indian cities today,News18,gold rate today in india check latest 24 carat price in your city on march 28,check what are the latest gold prices in various indian cities today
2024-03-28,GOLD,"USAS Stock Earnings: Americas Gold And Silver Misses EPS, Misses Revenue for Q4 2023","InvestorPlace - Stock Market News, Stock Advice & Trading Tips Americas Gold And Silver (NYSEMKT:USAS) just reported results for the fourth qu...",Markets Insider,"usas stock earnings americas gold and silver misses eps, misses revenue for q4 2023","investorplace - stock market news, stock advice trading tips americas gold and silver nysemkt usas just reported results for the fourth qu..."
2024-03-28,GOLD,Nifty 50 to Sensex: Why Indian stock market outshined gold returns in FY24? Explained with 5 crucial factors,"In FY24, MCX gold rate ascended to the tune of 13.50% whereas Nifty 50 and Sensex surged 30% and 27% respectively",Livemint,nifty 50 to sensex why indian stock market outshined gold returns in fy24 explained with 5 crucial factors,"in fy24, mcx gold rate ascended to the tune of 13.50% whereas nifty 50 and sensex surged 30% and 27% respectively"
2024-03-29,GOLD,Gold Rate in Qatar Today - 30 March 2024,"On March 30, 2024, the price of 24k gold per tola in Qatar was QAR 3044.25. This information is regularly updated by local gold and bullion",BOL News,gold rate in qatar today - 30 march 2024,"on march 30, 2024, the price of 24k gold per tola in qatar was qar 3044.25. this information is regularly updated by local gold and bullion"
2024-03-29,GOLD,"Gold price jumps ₹11,000 per 10 gm in six months. Experts predict ₹75,000 level in FY25","Gold price may touch the $2,350 per ounce level by the end of September 2024 if the US Fed decides to cut interest rates in upcoming FOMC meeting scheduled from 30th April to 1st May 2024, say experts",Livemint,"gold price jumps 11,000 per 10 gm in six months. experts predict 75,000 level in fy25","gold price may touch the $2,350 per ounce level by the end of september 2024 if the us fed decides to cut interest rates in upcoming fomc meeting scheduled from 30th april to 1st may 2024, say experts"
2024-03-29,GOLD,Gold Rate Rises In India: Check 24 Carat Price In Your City On March 29,"Check gold rates today in different cities on March 29, 2024; (In Rs/10 grams)",News18,gold rate rises in india check 24 carat price in your city on march 29,"check gold rates today in different cities on march 29, 2024 in rs 10 grams"
2024-03-29,GOLD,"Gold price in Pakistan increases by Rs3,800 to Rs234,800/tola on March 29","Gold price of 24 karat in Pakistan increased by Rs3,800 to Rs234,800 in the local market on Friday March 29",BOL News,"gold price in pakistan increases by rs3,800 to rs234,800 tola on march 29","gold price of 24 karat in pakistan increased by rs3,800 to rs234,800 in the local market on friday march 29"
2024-03-29,GOLD,DC Stock Earnings: Dakota Gold Reported Results for Q4 2023,"InvestorPlace - Stock Market News, Stock Advice & Trading Tips Dakota Gold (NYSEMKT:DC) just reported results for the fourth quarter of 2023.D...",Markets Insider,dc stock earnings dakota gold reported results for q4 2023,"investorplace - stock market news, stock advice trading tips dakota gold nysemkt dc just reported results for the fourth quarter of 2023.d..."
2024-03-30,GOLD,Osisko Gold Royalties (OR) Gets a Buy from RBC Capital,RBC Capital analyst Josh Wolfson maintained a Buy rating on Osisko Gold Royalties (OR – Research Report) on March 28 and set a price targe...,Markets Insider,osisko gold royalties or gets a buy from rbc capital,rbc capital analyst josh wolfson maintained a buy rating on osisko gold royalties or research report on march 28 and set a price targe...
2024-03-30,GOLD,RBC Capital Keeps Their Hold Rating on Lundin Gold (LUGDF),RBC Capital analyst Wayne Lam maintained a Hold rating on Lundin Gold (LUGDF – Research Report) on March 28 and set a price target of C$20...,Markets Insider,rbc capital keeps their hold rating on lundin gold lugdf,rbc capital analyst wayne lam maintained a hold rating on lundin gold lugdf research report on march 28 and set a price target of c$20...
2024-03-30,GOLD,Eldorado Gold (EGO) Receives a Hold from RBC Capital,RBC Capital analyst Michael Siperco maintained a Hold rating on Eldorado Gold (EGO – Research Report) on March 28 and set a price target o...,Markets Insider,eldorado gold ego receives a hold from rbc capital,rbc capital analyst michael siperco maintained a hold rating on eldorado gold ego research report on march 28 and set a price target o...
2024-03-30,GOLD,RBC Capital Sticks to Its Hold Rating for Kinross Gold (KGC),RBC Capital analyst Josh Wolfson maintained a Hold rating on Kinross Gold (KGC – Research Report) on March 28 and set a price target of $5...,Markets Insider,rbc capital sticks to its hold rating for kinross gold kgc,rbc capital analyst josh wolfson maintained a hold rating on kinross gold kgc research report on march 28 and set a price target of $5...
2024-03-30,GOLD,RBC Capital Reaffirms Their Buy Rating on Barrick Gold (GOLD),RBC Capital analyst Josh Wolfson maintained a Buy rating on Barrick Gold (GOLD – Research Report) on March 28 and set a price target of $1...,Markets Insider,rbc capital reaffirms their buy rating on barrick gold gold,rbc capital analyst josh wolfson maintained a buy rating on barrick gold gold research report on march 28 and set a price target of $1...
2024-03-30,GOLD,RBC Capital Reaffirms Their Buy Rating on Centerra Gold (CGAU),RBC Capital analyst Michael Siperco maintained a Buy rating on Centerra Gold (CGAU – Research Report) on March 28 and set a price target o...,Markets Insider,rbc capital reaffirms their buy rating on centerra gold cgau,rbc capital analyst michael siperco maintained a buy rating on centerra gold cgau research report on march 28 and set a price target o...
2024-03-31,GOLD,"Gold rate today hits record high of $2,259 on US Fed rate cut buzz, geopolitical tension. Buy, sell or hold?","Gold rate today touched a new lifetime high in the international market due to the escalation of geopolitical tension in central Asia, and US Fed rate cut buzz, say experts",Livemint,"gold rate today hits record high of $2,259 on us fed rate cut buzz, geopolitical tension. buy, sell or hold","gold rate today touched a new lifetime high in the international market due to the escalation of geopolitical tension in central asia, and us fed rate cut buzz, say experts"
2024-04-01,GOLD,Gold prices hit a new high: Should you buy in now?,The price of gold hit a new record high. Here are three reasons you should consider investing today.,CBS News,gold prices hit a new high should you buy in now,the price of gold hit a new record high. here are three reasons you should consider investing today.
2024-04-01,GOLD,Gold Rate in Qatar Today - 2 April 2024,"On March 30, 2024, the price of 24k gold per tola in Qatar was QAR 3071.21. This information is regularly updated",BOL News,gold rate in qatar today - 2 april 2024,"on march 30, 2024, the price of 24k gold per tola in qatar was qar 3071.21. this information is regularly updated"
2024-04-01,GOLD,"Gold hits new high of $2,250 an ounce","The price of gold on Monday hit a new high in value at $2,250 per ounce, surpassing JPMorgan's 2024 prediction.",UPI News,"gold hits new high of $2,250 an ounce","the price of gold on monday hit a new high in value at $2,250 per ounce, surpassing jpmorgan's 2024 prediction."
2024-04-01,GOLD,Gold price forecast for spring 2024: Here's what experts predict,Experts expect gold prices to remain high for some time this spring. Here's why.,CBS News,gold price forecast for spring 2024 here's what experts predict,experts expect gold prices to remain high for some time this spring. here's why.
2024-04-01,GOLD,Gold Price Falls In India: Check 22 Carat Rate In Your City On April 01,Gold rate today in India: Check retail gold price on April 01,News18,gold price falls in india check 22 carat rate in your city on april 01,gold rate today in india check retail gold price on april 01
2024-04-01,GOLD,Gold Hits Another High-Despite A Strong Stock Market And Economy. Here's Why.,Hint: it’s not American investors driving the gold rush.,Forbes,gold hits another high-despite a strong stock market and economy. here's why.,hint it s not american investors driving the gold rush.
2024-04-02,GOLD,"Gold rally ‘has legs’, as price tipped to reset record","Gold has already jumped more than 9 per cent this year, with ANZ and JPMorgan projecting the precious metal to hit $US2300 an ounce by December.",Australian Financial Review,"gold rally has legs , as price tipped to reset record","gold has already jumped more than 9 per cent this year, with anz and jpmorgan projecting the precious metal to hit $us2300 an ounce by december."
2024-04-02,GOLD,Gold Rate Today Rises In India: Check 22 Carat Price In Your City On April 02,Gold rate today in India: Check retail gold price on April 02,News18,gold rate today rises in india check 22 carat price in your city on april 02,gold rate today in india check retail gold price on april 02
2024-04-02,GOLD,Gold prices are high. Here are three moves investors can make now.,The price of gold is hovering near a record high. Here's what investors should consider doing as a result.,CBS News,gold prices are high. here are three moves investors can make now.,the price of gold is hovering near a record high. here's what investors should consider doing as a result.
2024-04-02,GOLD,Gold Rate in Qatar Today - 3 April 2024,"On April 3, 2024, the price of 24k gold per tola in Qatar was QAR 3076.98. This information is regularly updated by local gold and bullion",BOL News,gold rate in qatar today - 3 april 2024,"on april 3, 2024, the price of 24k gold per tola in qatar was qar 3076.98. this information is regularly updated by local gold and bullion"
2024-04-02,GOLD,"Gold rate today: Yellow metal at a record high above ₹69,400; silver price surpasses ₹78,000 level on MCX",Gold price extended a record run as concerns of rising inflation boosted demand for gold as a hedge. Gold and silver prices are expected to remain volatile ahead of the US Federal Reserve Chairman Jerome Powell’s speech.,Livemint,"gold rate today yellow metal at a record high above 69,400 silver price surpasses 78,000 level on mcx",gold price extended a record run as concerns of rising inflation boosted demand for gold as a hedge. gold and silver prices are expected to remain volatile ahead of the us federal reserve chairman jerome powell s speech.
2024-04-02,GOLD,"Gold price in Pakistan decreases by Rs500 to Rs237,100","Gold price of 24 karat in Pakistan decreased by Rs500 to Rs237,100 in the local market on Tuesday April 2",BOL News,"gold price in pakistan decreases by rs500 to rs237,100","gold price of 24 karat in pakistan decreased by rs500 to rs237,100 in the local market on tuesday april 2"
2024-04-02,GOLD,ASX 200 gold shares surging as gold price hits new records. Now what?,S&P/ASX 200 Index (ASX: XJO) gold shares are soaring higher again today amid record gold prices. What can investors expect now?,The Motley Fool Australia,asx 200 gold shares surging as gold price hits new records. now what,s p asx 200 index asx xjo gold shares are soaring higher again today amid record gold prices. what can investors expect now
2024-04-03,GOLD,Gold Rate Falls In India: Check 22 Carat Price In Your City On April 03,Gold rate today in India: Check retail gold price on April 03,News18,gold rate falls in india check 22 carat price in your city on april 03,gold rate today in india check retail gold price on april 03
2024-04-03,GOLD,"Gold price in Pakistan up by Rs1,800 to Rs238,900/tola on April 3","Gold price of 24 karat in Pakistan increased by Rs1,800 to Rs238,900 in the local market on Wednesday (April 3)",BOL News,"gold price in pakistan up by rs1,800 to rs238,900 tola on april 3","gold price of 24 karat in pakistan increased by rs1,800 to rs238,900 in the local market on wednesday april 3"
2024-04-03,GOLD,Should you invest in gold now or wait for the price to drop?,The price of gold has surged in recent weeks. But should investors act now or wait for the price to fall?,CBS News,should you invest in gold now or wait for the price to drop,the price of gold has surged in recent weeks. but should investors act now or wait for the price to fall
2024-04-04,GOLD,Gold prices are at a record high. Here's what to know before investing.,"With the price of gold at a record high, prospective investors should familiarize themselves with gold's nuances.",CBS News,gold prices are at a record high. here's what to know before investing.,"with the price of gold at a record high, prospective investors should familiarize themselves with gold's nuances."
2024-04-04,GOLD,"New Buy Rating for Barrick Gold (GOLD), the Basic Materials Giant",RBC Capital analyst Josh Wolfson maintained a Buy rating on Barrick Gold (GOLD – Research Report) on April 1 and set a price target of $18...,Markets Insider,"new buy rating for barrick gold gold , the basic materials giant",rbc capital analyst josh wolfson maintained a buy rating on barrick gold gold research report on april 1 and set a price target of $18...
2024-04-04,GOLD,Citi joins brokers backing Newmont CDI as gold price soars,"Shares in the gold miner, which merged with Newcrest last year, have fallen. But the investment bank says that should be more than overcome this year.",Australian Financial Review,citi joins brokers backing newmont cdi as gold price soars,"shares in the gold miner, which merged with newcrest last year, have fallen. but the investment bank says that should be more than overcome this year."
2024-04-04,GOLD,"Gold rate today, 5th April 2024: Gold price dips 0.5%, silver price crashes over ₹1000/kg as US dollar rate rebounds",Gold and silver rates today came under the sell-off heat as the US dollar bounced back ahead of the US non-farm payroll data release,Livemint,"gold rate today, 5th april 2024 gold price dips 0.5%, silver price crashes over 1000 kg as us dollar rate rebounds",gold and silver rates today came under the sell-off heat as the us dollar bounced back ahead of the us non-farm payroll data release
2024-04-04,GOLD,Gold Price Increases In India: Check 24 Carat Rate In Your City On April 4,"Check gold rates today in different cities on April 4, 2024; (In Rs/10 grams)",News18,gold price increases in india check 24 carat rate in your city on april 4,"check gold rates today in different cities on april 4, 2024 in rs 10 grams"
2024-04-05,GOLD,"Gold hits another all-time high; strategist sees price headed to $3,000","Gold prices reached a record high for the 13th time this year, driven by geopolitical tensions, interest rate cut expectations, and central bank buying.",Seeking Alpha,"gold hits another all-time high strategist sees price headed to $3,000","gold prices reached a record high for the 13th time this year, driven by geopolitical tensions, interest rate cut expectations, and central bank buying."
2024-04-05,GOLD,Lauren Price calls for more national federations to join World Boxing and save boxing from Olympic 'disaster',"Lauren Price, a Tokyo Games gold medallist, has warned of a disaster if boxing does not retain its place as an Olympic sport; at present boxing will not feature in the LA 2028 Games unless a new governing body is appointed; Price is backing World Boxing as the last hope to save the sport",Sky Sports,lauren price calls for more national federations to join world boxing and save boxing from olympic 'disaster',"lauren price, a tokyo games gold medallist, has warned of a disaster if boxing does not retain its place as an olympic sport at present boxing will not feature in the la 2028 games unless a new governing body is appointed price is backing world boxing as the last hope to save the sport"
2024-04-05,GOLD,Gold Rate Surges In India: Check 22 Carat Price In Your City On April 05,Gold rate today in India: Check retail gold price on April 05,News18,gold rate surges in india check 22 carat price in your city on april 05,gold rate today in india check retail gold price on april 05
2024-04-05,GOLD,Why analysts think gold price will go higher despite hitting record highs,"The poor harvests in Ghana and Ivory Coast have caused cocoa prices to more than double since the year 2024 began. Meanwhile, spot gold, a much more liquid and global market, has seen record highs on five previous trading sessions as investors flocked to purchase exposure to the wealth-preserving metal",Firstpost,why analysts think gold price will go higher despite hitting record highs,"the poor harvests in ghana and ivory coast have caused cocoa prices to more than double since the year 2024 began. meanwhile, spot gold, a much more liquid and global market, has seen record highs on five previous trading sessions as investors flocked to purchase exposure to the wealth-preserving metal"
2024-04-05,GOLD,3 reasons to invest in gold with prices high,The price of gold continues to rise. Here's why you may want to invest anyway.,CBS News,3 reasons to invest in gold with prices high,the price of gold continues to rise. here's why you may want to invest anyway.
2024-04-05,GOLD,2 Canadian Mineral Stocks That Are Glittering (but Aren't All Gold),"Gold stocks are climbing as the price rises higher and higher, and these are already reaping the rewards.",The Motley Fool Canada,2 canadian mineral stocks that are glittering but aren't all gold,"gold stocks are climbing as the price rises higher and higher, and these are already reaping the rewards."
2024-04-05,GOLD,Gold Rate in Qatar Today - 5 April 2024,"On April 6, 2024, the price of 24k gold per tola in Qatar was QAR 3120.68. This information is regularly updated by local gold",BOL News,gold rate in qatar today - 5 april 2024,"on april 6, 2024, the price of 24k gold per tola in qatar was qar 3120.68. this information is regularly updated by local gold"
2024-04-05,GOLD,"Firewalla unveils the world's most affordable 10-gigabit smart firewall — ready for next-gen Wi-Fi 7 and high-speed fiber networks, but a price increase is expected soon",Firewalla Gold Pro offers protection for the next generation of networks,TechRadar,"firewalla unveils the world's most affordable 10-gigabit smart firewall ready for next-gen wi-fi 7 and high-speed fiber networks, but a price increase is expected soon",firewalla gold pro offers protection for the next generation of networks
2024-04-07,GOLD,Gold Price Today Rises In India: Check 22 Carat Rate In Your City On April 07,Gold rate today in India: Check retail gold price on April 07,News18,gold price today rises in india check 22 carat rate in your city on april 07,gold rate today in india check retail gold price on april 07
2024-04-08,GOLD,Why one broker thinks the gold price could glisten 9% brighter,One ASX broker reckons the gold price will climb to even higher records. Here's how ASX investors can benefit.,The Motley Fool Australia,why one broker thinks the gold price could glisten 9% brighter,one asx broker reckons the gold price will climb to even higher records. here's how asx investors can benefit.
2024-04-08,GOLD,"50% Upside by 2026 If Inflation Surges, Market Vet Says","Gold could soar as high as $3,500 by the end of 2025, implying a nearly 50% upside for the precious metal, market vet Ed Yardeni predicted.",Markets Insider,"50% upside by 2026 if inflation surges, market vet says","gold could soar as high as $3,500 by the end of 2025, implying a nearly 50% upside for the precious metal, market vet ed yardeni predicted."
2024-04-08,GOLD,Gold Price Today Rises In India: Check 22 Carat Rate In Your City On April 08,Gold rate today in India: Check retail gold price on April 08,News18,gold price today rises in india check 22 carat rate in your city on april 08,gold rate today in india check retail gold price on april 08
2024-04-08,GOLD,"UBS sees gold at $2,500 by year-end with pickup in ETF buying likely ahead","UBS Monday raised its year-end gold price forecast to $2,500 an ounce, as it expects gold ETF holdings to increase once the Federal Reserve starts cutting rates",Seeking Alpha,"ubs sees gold at $2,500 by year-end with pickup in etf buying likely ahead","ubs monday raised its year-end gold price forecast to $2,500 an ounce, as it expects gold etf holdings to increase once the federal reserve starts cutting rates"
2024-04-08,GOLD,Should you buy gold coins and bars while prices are high?,Gold's price reached new record highs recently. But should you buy gold coins and bars at today's high price?,CBS News,should you buy gold coins and bars while prices are high,gold's price reached new record highs recently. but should you buy gold coins and bars at today's high price
2024-04-08,GOLD,Sentiment Speaks: Why Did Gold Go Boom?,"Many market participants are surprised by the recent gold market rally and I expect it to continue reaching $2,400+. Learn more about the gold market here.",Seeking Alpha,sentiment speaks why did gold go boom,"many market participants are surprised by the recent gold market rally and i expect it to continue reaching $2,400 . learn more about the gold market here."
2024-04-08,GOLD,Gold Breaks Records! Top 6 mutual funds to mine investment opportunities,"Gold can serve as a hedge against inflation and market volatility, although its price can be subject to fluctuations. By carefully assessing your investment objectives and risk tolerance, you can utilize gold mutual funds to bolster your portfolio's resilience against market swings.",Livemint,gold breaks records top 6 mutual funds to mine investment opportunities,"gold can serve as a hedge against inflation and market volatility, although its price can be subject to fluctuations. by carefully assessing your investment objectives and risk tolerance, you can utilize gold mutual funds to bolster your portfolio's resilience against market swings."
2024-04-09,GOLD,Buying ASX 200 gold stocks? Here's why the record gold price could keep charging higher,S&P/ASX 200 Index (ASX: XJO) gold stocks have been enjoying record gold prices. Here’s why the yellow metal could leap to new highs.,The Motley Fool Australia,buying asx 200 gold stocks here's why the record gold price could keep charging higher,s p asx 200 index asx xjo gold stocks have been enjoying record gold prices. here s why the yellow metal could leap to new highs.
2024-04-09,GOLD,How to benefit from gold's high price now,Gold prices have hit numerous milestones over the last few weeks. Here's how you can reap the benefits today.,CBS News,how to benefit from gold's high price now,gold prices have hit numerous milestones over the last few weeks. here's how you can reap the benefits today.
2024-04-09,GOLD,Gold Rate in Qatar Today - 10 April 2024,"On April 10, 2024, the price of 24k gold per tola in Qatar was QAR 3204.10. This information is regularly updated by local gold",BOL News,gold rate in qatar today - 10 april 2024,"on april 10, 2024, the price of 24k gold per tola in qatar was qar 3204.10. this information is regularly updated by local gold"
2024-04-09,GOLD,Gold price today: Gold rates move higher on MCX; what should be your strategy for MCX Gold today?,"Gold price today: Gold prices hit a record high in the previous session in international markets, supported by ongoing geopolitical tensions and renewed concerns over inflation.",Livemint,gold price today gold rates move higher on mcx what should be your strategy for mcx gold today,"gold price today gold prices hit a record high in the previous session in international markets, supported by ongoing geopolitical tensions and renewed concerns over inflation."
2024-04-09,GOLD,How to invest in gold as it shines again,"With a bullish outlook for the precious metal among some market observers, investors may consider playing gold through ETFs",The Globe and Mail,how to invest in gold as it shines again,"with a bullish outlook for the precious metal among some market observers, investors may consider playing gold through etfs"
2024-04-09,GOLD,What the gold and oil price rallies are telling us,"While some investors are celebrating the surge in gold and oil prices, outperformance of US energy stocks has historically been a bad sign for the US sharemarket.",Australian Financial Review,what the gold and oil price rallies are telling us,"while some investors are celebrating the surge in gold and oil prices, outperformance of us energy stocks has historically been a bad sign for the us sharemarket."
2024-04-10,GOLD,The Smartest Stocks to Buy With $20 Right Now and Hold Forever,Investing in undervalued dividend stocks such as Kinross Gold can help you derive market-beating returns in 2024.,The Motley Fool Canada,the smartest stocks to buy with $20 right now and hold forever,investing in undervalued dividend stocks such as kinross gold can help you derive market-beating returns in 2024.
2024-04-10,GOLD,"Chinese Investors Snap Up Copper, Gold Stocks to Drive 10% Gains","Chinese investors are snapping up stocks tied to high-flying metals from copper to gold, aiding an onshore market facing an uphill battle to cement a nascent rebound.",Livemint,"chinese investors snap up copper, gold stocks to drive 10% gains","chinese investors are snapping up stocks tied to high-flying metals from copper to gold, aiding an onshore market facing an uphill battle to cement a nascent rebound."
2024-04-10,GOLD,"Nifty 50, Sensex hit record high but gold, silver outshine key indices of Indian stock market in YTD. Here's why?","Gold price has witnessed an outstanding run, with a YTD increase of 13% while silver rate has gained over 8% in this period",Livemint,"nifty 50, sensex hit record high but gold, silver outshine key indices of indian stock market in ytd. here's why","gold price has witnessed an outstanding run, with a ytd increase of 13% while silver rate has gained over 8% in this period"
2024-04-10,GOLD,Gold Rate Today Rises In India: Check 22 Carat Price In Your City On April 10,Gold rate today in India: Check retail gold price on April 10,News18,gold rate today rises in india check 22 carat price in your city on april 10,gold rate today in india check retail gold price on april 10
2024-04-11,GOLD,Gold Rate in Qatar Today - 12 April 2024,"On April 12, 2024, the price of 24k gold per tola in Qatar was QAR 3216.08. This information is regularly updated by local gold and",BOL News,gold rate in qatar today - 12 april 2024,"on april 12, 2024, the price of 24k gold per tola in qatar was qar 3216.08. this information is regularly updated by local gold and"
2024-04-11,GOLD,Gold resumes rally to record high after softer U.S. inflation reading,"Gold futures rise as moderate U.S. producer price data eases concerns over inflation, boosting hopes for Federal Reserve rate cuts.",Seeking Alpha,gold resumes rally to record high after softer u.s. inflation reading,"gold futures rise as moderate u.s. producer price data eases concerns over inflation, boosting hopes for federal reserve rate cuts."
2024-04-11,GOLD,"Gold miners rally, Star Group, Domino’s slump",The Fed comments came as Wall Street banks predicted rates would not drop until December; Gold miners rally on price rise. Cettire slips despite strong sales.,Australian Financial Review,"gold miners rally, star group, domino s slump",the fed comments came as wall street banks predicted rates would not drop until december gold miners rally on price rise. cettire slips despite strong sales.
2024-04-11,GOLD,Gold Rises to Another Record as Traders Take Comfort in US PPI,Gold climbed to a fresh record after the latest US inflation report offered some calm to markets a day after a hot price reading curbed bets on Federal Reserve rate cuts.,Livemint,gold rises to another record as traders take comfort in us ppi,gold climbed to a fresh record after the latest us inflation report offered some calm to markets a day after a hot price reading curbed bets on federal reserve rate cuts.
2024-04-11,GOLD,RBC Capital Reaffirms Their Buy Rating on Seabridge Gold (SA),RBC Capital analyst Michael Siperco maintained a Buy rating on Seabridge Gold (SA – Research Report) on April 8 and set a price target of ...,Markets Insider,rbc capital reaffirms their buy rating on seabridge gold sa,rbc capital analyst michael siperco maintained a buy rating on seabridge gold sa research report on april 8 and set a price target of ...
2024-04-11,GOLD,Ultra-rare medieval coin with royal link sells for a jaw-dropping price - after being found languishing down a drain,A RARE gold coin dating back nearly 700 years has sold for an eye-watering sum after being found down a field drain.The 14th century artefact was foun,The Irish Sun,ultra-rare medieval coin with royal link sells for a jaw-dropping price - after being found languishing down a drain,a rare gold coin dating back nearly 700 years has sold for an eye-watering sum after being found down a field drain.the 14th century artefact was foun
2024-04-11,GOLD,Northern Star share price tumbles on difficult quarter,he Northern Star Resources Ltd (ASX: NST) share price is on the slide on Thursday following the release of the gold miner's quarterly update..,The Motley Fool Australia,northern star share price tumbles on difficult quarter,he northern star resources ltd asx nst share price is on the slide on thursday following the release of the gold miner's quarterly update..
2024-04-11,GOLD,"Gold price rise: Baffled by the increase, Chris Wood in Green and Fear explains likely reasons behind it","Even though baffled with the recent surge in gold prices, Chris Wood of Jefferies in his Greed and Fear report tries to explain the likely reasons for the same.",Livemint,"gold price rise baffled by the increase, chris wood in green and fear explains likely reasons behind it","even though baffled with the recent surge in gold prices, chris wood of jefferies in his greed and fear report tries to explain the likely reasons for the same."
2024-04-12,GOLD,"As it goes gold, Stellar Blade dev says ""many people felt we were out of our mind"" for trying to make a full-fat action RPG in Korea's mobile-dominated market","Stellar Blade developer Shift Up, previously known for the likes of Goddess of Victory: Nikke, has repeatedly discussed the challenges of shifting to a more ambitious, current-gen action RPG, especial",GamesRadar+,"as it goes gold, stellar blade dev says many people felt we were out of our mind for trying to make a full-fat action rpg in korea's mobile-dominated market","stellar blade developer shift up, previously known for the likes of goddess of victory nikke, has repeatedly discussed the challenges of shifting to a more ambitious, current-gen action rpg, especial"
2024-04-12,GOLD,TRX Stock Earnings: TRX Gold Misses Revenue for Q2 2024,"InvestorPlace - Stock Market News, Stock Advice & Trading Tips TRX Gold (NYSEMKT:TRX) just reported results for the second quarter of 2024.The...",Markets Insider,trx stock earnings trx gold misses revenue for q2 2024,"investorplace - stock market news, stock advice trading tips trx gold nysemkt trx just reported results for the second quarter of 2024.the..."
2024-04-12,GOLD,Gold Price Today Rises In India: Check 22 Carat Rate In Your City On April 12,Check gold rates today in different cities in Rs/10 grams,News18,gold price today rises in india check 22 carat rate in your city on april 12,check gold rates today in different cities in rs 10 grams
2024-04-12,GOLD,"Gold rate today: Iran-Israel war news fuels gold price rally despite rise in US dollar rate, treasury yield","Gold rates today are rising after the White House statement that Iran may attack Israel ‘sooner than later’, say experts",Livemint,"gold rate today iran-israel war news fuels gold price rally despite rise in us dollar rate, treasury yield","gold rates today are rising after the white house statement that iran may attack israel sooner than later , say experts"
2024-04-12,GOLD,Gold price smashes record highs again adding more shine to ASX 200 gold stocks,"There’s no holding back the rocketing gold price of late, and you won’t hear investors in ASX 200 gold stocks complaining.",The Motley Fool Australia,gold price smashes record highs again adding more shine to asx 200 gold stocks,"there s no holding back the rocketing gold price of late, and you won t hear investors in asx 200 gold stocks complaining."
2024-04-13,GOLD,Gold price in Pakistan sees big drop; Check latest rates here,"Gold prices in Pakistan experienced a decline on Saturday, reflecting changes in international market rates.",BOL News,gold price in pakistan sees big drop check latest rates here,"gold prices in pakistan experienced a decline on saturday, reflecting changes in international market rates."
2024-04-14,GOLD,Rising gold prices drive Indians into jewellery recycling; here's what experts say,"As the gold price is moving upwards, gold recycling will remain a crucial source of gold supply for some customers.",Livemint,rising gold prices drive indians into jewellery recycling here's what experts say,"as the gold price is moving upwards, gold recycling will remain a crucial source of gold supply for some customers."
2024-04-14,GOLD,Gold rate outlook: Goldman Sachs raises yellow metal price forecast to $2700 per ounce by year-end,"Goldman Sachs has raised its gold price forecast to $2,700 per ounce by year-end as against a target of $2,300 previously as it believes the yellow metal is in an unshakeable bull market.",Livemint,gold rate outlook goldman sachs raises yellow metal price forecast to $2700 per ounce by year-end,"goldman sachs has raised its gold price forecast to $2,700 per ounce by year-end as against a target of $2,300 previously as it believes the yellow metal is in an unshakeable bull market."
2024-04-14,GOLD,Gold Price Rises In India: Check 22 Carat Rate In Your City On April 14,Check gold rates today in different cities in Rs/10 grams,News18,gold price rises in india check 22 carat rate in your city on april 14,check gold rates today in different cities in rs 10 grams
2024-04-15,GOLD,Why is this ASX 200 gold stock crashing 7% on Monday?,"Despite a strong gold price, this ASX 200 gold stock is crashing 7% today after responding to media rumours. Here’s what you need to know.",The Motley Fool Australia,why is this asx 200 gold stock crashing 7% on monday,"despite a strong gold price, this asx 200 gold stock is crashing 7% today after responding to media rumours. here s what you need to know."
2024-04-15,GOLD,Gold Prices Rise in Pakistan: Check the April 15 Update,"Gold rates in Pakistan witnessed an upward trend on Monday, following the rise in international prices. The price of 24-karat gold",BOL News,gold prices rise in pakistan check the april 15 update,"gold rates in pakistan witnessed an upward trend on monday, following the rise in international prices. the price of 24-karat gold"
2024-04-15,GOLD,"Gold price in Pakistan on April 15 up by Rs800 to Rs.247,300","The gold price in Pakistan increased by Rs800 to Rs.247,300 per tola in the local market on Monday (April 15)",BOL News,"gold price in pakistan on april 15 up by rs800 to rs.247,300","the gold price in pakistan increased by rs800 to rs.247,300 per tola in the local market on monday april 15"
2024-04-15,GOLD,Gold prices are climbing. What experts say about investing now,Find out what experts have to say about the current state of gold investing and its recent historic price run.,CBS News,gold prices are climbing. what experts say about investing now,find out what experts have to say about the current state of gold investing and its recent historic price run.
2024-04-15,GOLD,Olay kit that is 'like gold dust' and leaves skin looking 'divine' over half off,"Packed with vitamins B5, C, E, antioxidants and more, this skin-loving day and night set from Olay has had its price reduced by over 50%",Plymouth Live,olay kit that is 'like gold dust' and leaves skin looking 'divine' over half off,"packed with vitamins b5, c, e, antioxidants and more, this skin-loving day and night set from olay has had its price reduced by over 50%"
2024-04-15,GOLD,What gold’s new playbook is telling equity investors,"All central banks are stocking up on gold. When central banks buy gold, it is usually a carefully considered strategic move. Do they know something the rest of the market does not? Don’t forget, gold is possibly a more accurate ‘fear gauge’ than VIX.",Livemint,what gold s new playbook is telling equity investors,"all central banks are stocking up on gold. when central banks buy gold, it is usually a carefully considered strategic move. do they know something the rest of the market does not don t forget, gold is possibly a more accurate fear gauge than vix."
2024-04-15,GOLD,Gold rate today: Iran-Israel conflict fuels gold price today despite US dollar hitting 5-month high,"Gold rate today on MCX opened upside and went on to touch an intraday high of ₹73,169 per 10 gm within a few minutes of the opening bell",Livemint,gold rate today iran-israel conflict fuels gold price today despite us dollar hitting 5-month high,"gold rate today on mcx opened upside and went on to touch an intraday high of 73,169 per 10 gm within a few minutes of the opening bell"
2024-04-15,GOLD,Are gold stocks responding to the rising price of gold?,We are looking for what StockCalc models are telling us for gold valuations,The Globe and Mail,are gold stocks responding to the rising price of gold,we are looking for what stockcalc models are telling us for gold valuations
2024-04-15,GOLD,Gold price eases despite Iran-Israel tensions; silver surges 1.4%,"By 09:26 ET (1326 GMT), spot gold had decreased by 0.2 per cent to $2,376.90 per ounce. Notably, the precious metal had reached a historic high of $2,431.29 on Friday, fueled by anticipation of Iran's retaliatory actions against Israel.",Livemint,gold price eases despite iran-israel tensions silver surges 1.4%,"by 09 26 et 1326 gmt , spot gold had decreased by 0.2 per cent to $2,376.90 per ounce. notably, the precious metal had reached a historic high of $2,431.29 on friday, fueled by anticipation of iran's retaliatory actions against israel."
2024-04-16,GOLD,Who is the ‘massive player with deep pockets’ behind gold’s surge?,A powerful force is stalking the world’s gold market and it is operating in the shadows. Whoever it is – or they are – seems insensitive to cost.,Australian Financial Review,who is the massive player with deep pockets behind gold s surge,a powerful force is stalking the world s gold market and it is operating in the shadows. whoever it is or they are seems insensitive to cost.
2024-04-16,GOLD,Here's how much the price of gold has risen since March 1,"The price of gold has been up lately, but by how much. Here's how much gold's price has risen since March 1.",CBS News,here's how much the price of gold has risen since march 1,"the price of gold has been up lately, but by how much. here's how much gold's price has risen since march 1."
2024-04-16,GOLD,Gold rate today: Yellow metal prices steady amid geopolitical risks; higher US Treasury yields weigh,"MCX gold rate ended marginally lower on Tuesday amid a rangebound trade. Gold price fell by ₹30, or 0.04% to ₹72,999 per 10 grams on MCX. During the day, gold rate hit a high of ₹73,315 level.",Livemint,gold rate today yellow metal prices steady amid geopolitical risks higher us treasury yields weigh,"mcx gold rate ended marginally lower on tuesday amid a rangebound trade. gold price fell by 30, or 0.04% to 72,999 per 10 grams on mcx. during the day, gold rate hit a high of 73,315 level."
2024-04-16,GOLD,"Gold prices hover near $2,400 an ounce: 6 reasons to buy in today","The price of gold has been climbing in recent weeks, and there are a few reasons you may want to invest now.",CBS News,"gold prices hover near $2,400 an ounce 6 reasons to buy in today","the price of gold has been climbing in recent weeks, and there are a few reasons you may want to invest now."
2024-04-16,GOLD,"Gold price in Pakistan on April 16 on historic high of Rs249,700","Gold price in Pakistan increased by Rs2,400 to Rs249,700 per tola in the local market on Tuesday",BOL News,"gold price in pakistan on april 16 on historic high of rs249,700","gold price in pakistan increased by rs2,400 to rs249,700 per tola in the local market on tuesday"
2024-04-16,GOLD,Gold Price Rises In India: Check 24 Carat Rate In Your City On April 16,"Check gold rates today in different cities on April 16, 2024; (In Rs/10 grams)",News18,gold price rises in india check 24 carat rate in your city on april 16,"check gold rates today in different cities on april 16, 2024 in rs 10 grams"
2024-04-16,GOLD,What's happening with the gold price as Middle East tensions flare?,"The gold price topped US$2,400 per ounce on Friday amid news of an imminent Iranian attack on Israel. Here’s what’s happening now.",The Motley Fool Australia,what's happening with the gold price as middle east tensions flare,"the gold price topped us$2,400 per ounce on friday amid news of an imminent iranian attack on israel. here s what s happening now."
2024-04-17,GOLD,Gold price rise in Pakistan; Check latest rates here,"Gold prices in the Pakistan surged to a new record high on Wednesday, driven by turmoil in the Middle East.",BOL News,gold price rise in pakistan check latest rates here,"gold prices in the pakistan surged to a new record high on wednesday, driven by turmoil in the middle east."
2024-04-17,GOLD,"Silver, outgaining gold YTD, set for second highest-ever market deficit in 2024 - report","Silver's price gains are outpacing gold, as the global silver market looks headed for a fourth consecutive year of deficit, according to the Silver Institute's latest report.",Seeking Alpha,"silver, outgaining gold ytd, set for second highest-ever market deficit in 2024 - report","silver's price gains are outpacing gold, as the global silver market looks headed for a fourth consecutive year of deficit, according to the silver institute's latest report."
2024-04-17,GOLD,Gold prices are surging: Where to buy 1-ounce gold bars now,"Gold's price has been climbing rapidly. If you want to buy in, here's where you can find 1-ounce gold bars.",CBS News,gold prices are surging where to buy 1-ounce gold bars now,"gold's price has been climbing rapidly. if you want to buy in, here's where you can find 1-ounce gold bars."
2024-04-17,GOLD,Can you make money by investing in gold now?,"While gold isn't often considered an income-producing asset, the price of the metal has many investors reconsidering now.",CBS News,can you make money by investing in gold now,"while gold isn't often considered an income-producing asset, the price of the metal has many investors reconsidering now."
2024-04-17,GOLD,Gold price in Pakistan on April 17 on another historic high,"Gold price in Pakistan witnessed another historic increase of Rs2,200 to Rs251,900 per tola in the local market on Wednesday April 17",BOL News,gold price in pakistan on april 17 on another historic high,"gold price in pakistan witnessed another historic increase of rs2,200 to rs251,900 per tola in the local market on wednesday april 17"
2024-04-17,GOLD,Gold Rate Today Rises In India: Check 22 Carat Price In Your City On April 17,Check gold rates today in different cities in Rs/10 grams,News18,gold rate today rises in india check 22 carat price in your city on april 17,check gold rates today in different cities in rs 10 grams
2024-04-18,GOLD,"Gold price in Pakistan on April 18 down by Rs1,700 to Rs250,200","Gold price in Pakistan decreased by Rs1,700 to Rs250,200 per tola in the local market on Thursday (April 18)",BOL News,"gold price in pakistan on april 18 down by rs1,700 to rs250,200","gold price in pakistan decreased by rs1,700 to rs250,200 per tola in the local market on thursday april 18"
2024-04-18,GOLD,Gold Rate in Qatar Today - 19 April 2024,"On April 19, 2024, the price of 24k gold per tola in Qatar was QAR 3247.20. This information is regularly updated",BOL News,gold rate in qatar today - 19 april 2024,"on april 19, 2024, the price of 24k gold per tola in qatar was qar 3247.20. this information is regularly updated"
2024-04-18,GOLD,"Johnnie Walker slashes price on Black, Red, Green and Gold label whisky on Amazon for bank holiday","All the Johnnie Walker labels are cheaper on Amazon than Tesco, Sainsbury's and Waitrose in their sale",Cornwall Live,"johnnie walker slashes price on black, red, green and gold label whisky on amazon for bank holiday","all the johnnie walker labels are cheaper on amazon than tesco, sainsbury's and waitrose in their sale"
2024-04-18,GOLD,Inca One Gold shows 36% Y/Y improvement in Q1 sales,"Inca One Gold, a gold producer in Peru, reported a 36% increase in Q1 revenue driven by higher gold ounces produced and sold, as well as a higher gold price.",Seeking Alpha,inca one gold shows 36% y y improvement in q1 sales,"inca one gold, a gold producer in peru, reported a 36% increase in q1 revenue driven by higher gold ounces produced and sold, as well as a higher gold price."
2024-04-18,GOLD,"How this 'bullish kicker' could send the gold price rocketing to US$3,000 per ounce",The gold price has been smashing new record highs in recent weeks. Here’s why Citi is forecasting more gains to come.,The Motley Fool Australia,"how this 'bullish kicker' could send the gold price rocketing to us$3,000 per ounce",the gold price has been smashing new record highs in recent weeks. here s why citi is forecasting more gains to come.
2024-04-19,GOLD,Latest production news fails to lift this lagging ASX 200 gold share,Despite a rising gold price this ASX 200 gold share has been struggling. Here’s what the big Aussie gold miner reported this morning.,The Motley Fool Australia,latest production news fails to lift this lagging asx 200 gold share,despite a rising gold price this asx 200 gold share has been struggling. here s what the big aussie gold miner reported this morning.
2024-04-19,GOLD,Gold Price Falls In India: Check 22 Carat Rate In Your City On April 19,"Gold Rate Today: Check gold prices in different cities on April 19, 2024 in Rs/10 grams",News18,gold price falls in india check 22 carat rate in your city on april 19,"gold rate today check gold prices in different cities on april 19, 2024 in rs 10 grams"
2024-04-19,GOLD,"Gold price in Pakistan on April 19 up by Rs500 to Rs250,700/ tola","Gold price in Pakistan increased by Rs500 to Rs250,700 per tola in the local market on Friday (April 19)",BOL News,"gold price in pakistan on april 19 up by rs500 to rs250,700 tola","gold price in pakistan increased by rs500 to rs250,700 per tola in the local market on friday april 19"
2024-04-19,GOLD,Gold price per tola increases Rs500 in Pakistan - check latest rates on April 19,"Gold prices rose both locally and internationally on Friday. In Pakistan, the price per tola of gold reached Rs250,700.",BOL News,gold price per tola increases rs500 in pakistan - check latest rates on april 19,"gold prices rose both locally and internationally on friday. in pakistan, the price per tola of gold reached rs250,700."
2024-04-19,GOLD,Gold prices are high: How to find the best gold prices right now,"With gold prices teetering on the edge of $2,400, here's how you can find the best price available now.",CBS News,gold prices are high how to find the best gold prices right now,"with gold prices teetering on the edge of $2,400, here's how you can find the best price available now."
2024-04-19,GOLD,"Gold prices rise for sixth week on rising Iran-Israel war fears. US Fed rate, US dollar price in focus","Gold rate today is in ₹72,300 to ₹73,300 per 10 gm range whereas spot gold price is in $2,350 to $2,450 per troy ounce range, say experts",Livemint,"gold prices rise for sixth week on rising iran-israel war fears. us fed rate, us dollar price in focus","gold rate today is in 72,300 to 73,300 per 10 gm range whereas spot gold price is in $2,350 to $2,450 per troy ounce range, say experts"
2024-04-19,GOLD,"Stock market today: Tech stocks smoked, Nvidia tumbles 10% to cap worst week of the year",A measure of calm was returning after Israel's retaliatory strike on Iran spooked the market and spurred a rush to safe havens such as gold.,Yahoo Finance,"stock market today tech stocks smoked, nvidia tumbles 10% to cap worst week of the year",a measure of calm was returning after israel's retaliatory strike on iran spooked the market and spurred a rush to safe havens such as gold.
2024-04-19,GOLD,Stock market today: US futures dig out of Israel strike-fueled rout,A measure of calm was returning after Israel's retaliatory strike on Iran spooked the market and spurred a rush to safe havens such as gold.,Yahoo Finance,stock market today us futures dig out of israel strike-fueled rout,a measure of calm was returning after israel's retaliatory strike on iran spooked the market and spurred a rush to safe havens such as gold.
2024-04-19,GOLD,Stock market today: US futures dig out of Israel strike-fueled tumble,A measure of calm was returning after Israel's retaliatory strike on Iran spooked the market and spurred a rush to safe havens such as gold.,Yahoo Canada Finance,stock market today us futures dig out of israel strike-fueled tumble,a measure of calm was returning after israel's retaliatory strike on iran spooked the market and spurred a rush to safe havens such as gold.
2024-04-19,GOLD,Stock market today: Stocks dig out of Israel strike-fueled tumble,A measure of calm was returning after Israel's retaliatory strike on Iran spooked the market and spurred a rush to safe havens such as gold.,Yahoo Finance,stock market today stocks dig out of israel strike-fueled tumble,a measure of calm was returning after israel's retaliatory strike on iran spooked the market and spurred a rush to safe havens such as gold.
2024-04-19,GOLD,"Stock market today: S&P 500 dips toward 5,000, Nasdaq sinks",A measure of calm was returning after Israel's retaliatory strike on Iran spooked the market and spurred a rush to safe havens such as gold.,Yahoo Finance,"stock market today s p 500 dips toward 5,000, nasdaq sinks",a measure of calm was returning after israel's retaliatory strike on iran spooked the market and spurred a rush to safe havens such as gold.
2024-04-19,GOLD,"Stock market today: S&P 500 dips under 5,000, Nasdaq sinks",A measure of calm was returning after Israel's retaliatory strike on Iran spooked the market and spurred a rush to safe havens such as gold.,Yahoo Finance,"stock market today s p 500 dips under 5,000, nasdaq sinks",a measure of calm was returning after israel's retaliatory strike on iran spooked the market and spurred a rush to safe havens such as gold.
2024-04-19,GOLD,Gold Rate in Qatar Today - 20 April 2024,"On April 20, 2024, the price of 24k gold per tola in Qatar was QAR 3,262.73. This information is regularly updated by local gold and",BOL News,gold rate in qatar today - 20 april 2024,"on april 20, 2024, the price of 24k gold per tola in qatar was qar 3,262.73. this information is regularly updated by local gold and"
2024-04-21,GOLD,Gold Rate Today Rises In India: Check 22 Carat Price In Your City On April 21,"Gold Rate Today: Check gold prices in different cities on April 21, 2024 in Rs/10 grams",News18,gold rate today rises in india check 22 carat price in your city on april 21,"gold rate today check gold prices in different cities on april 21, 2024 in rs 10 grams"
2024-04-21,GOLD,"Canadian gold explorer's stock could double, Scotiabank says of Arizona Metals AMC","Analysts have extremely bullish price targets on the stock, with Beacon Securities suggesting it could rise by 400% over the next 12 months.",CNBC,"canadian gold explorer's stock could double, scotiabank says of arizona metals amc","analysts have extremely bullish price targets on the stock, with beacon securities suggesting it could rise by 400% over the next 12 months."
2024-04-21,GOLD,Gold Rate in Qatar Today - 22 April 2024,"On April 22, 2024, the price of 24k gold per tola in Qatar was QAR 3,262.73. This information is regularly updated by local gold.",BOL News,gold rate in qatar today - 22 april 2024,"on april 22, 2024, the price of 24k gold per tola in qatar was qar 3,262.73. this information is regularly updated by local gold."
2024-04-22,GOLD,Gold Rate in Qatar Today - 23 April 2024,"On April 23, 2024, the price of 24k gold per tola in Qatar was QAR 3,224.17. This information is regularly updated by local gold",BOL News,gold rate in qatar today - 23 april 2024,"on april 23, 2024, the price of 24k gold per tola in qatar was qar 3,224.17. this information is regularly updated by local gold"
2024-04-22,GOLD,Gold Price Suffers Biggest Daily Loss In 2 Years,"Still, all that glitters has been gold for investors, as its 2024 gain of about 15% has far outpaced the returns of equity indexes.",Forbes,gold price suffers biggest daily loss in 2 years,"still, all that glitters has been gold for investors, as its 2024 gain of about 15% has far outpaced the returns of equity indexes."
2024-04-22,GOLD,"How to take advantage of gold's rising price, according to experts",Gold prices are up. Here's how you can leverage them.,CBS News,"how to take advantage of gold's rising price, according to experts",gold prices are up. here's how you can leverage them.
2024-04-22,GOLD,Gold Rate Today Falls In India: Check 22 Carat Price In Your City On April 22,"Gold Rate Today: Check gold prices in different cities on April 22, 2024 in Rs/10 grams",News18,gold rate today falls in india check 22 carat price in your city on april 22,"gold rate today check gold prices in different cities on april 22, 2024 in rs 10 grams"
2024-04-22,GOLD,"Why war, economic unrest and a looming US election could send Australian gold prices to new heights","Wars, currency concerns and inflation pressures are driving up the price of physical gold and Australian mining stocks are finally seeing the upside.",ABC (Australian Broadcasting Corporation),"why war, economic unrest and a looming us election could send australian gold prices to new heights","wars, currency concerns and inflation pressures are driving up the price of physical gold and australian mining stocks are finally seeing the upside."
2024-04-22,GOLD,Forget Gold: This Other Metal Is Sure to Soar Higher!,"The price of gold continues to hit the headlines, but this material is also making waves and should continue to climb for investors.",The Motley Fool Canada,forget gold this other metal is sure to soar higher,"the price of gold continues to hit the headlines, but this material is also making waves and should continue to climb for investors."
2024-04-23,GOLD,"Gold plunges ₹1,450 to ₹72,200, silver prices dive by ₹2,300","Declining for the second day in a row, gold prices tumbled by ₹1,450 to ₹72,200 per 10 grams in the local market here due to profit-taking by traders and weak",Business Insider India,"gold plunges 1,450 to 72,200, silver prices dive by 2,300","declining for the second day in a row, gold prices tumbled by 1,450 to 72,200 per 10 grams in the local market here due to profit-taking by traders and weak"
2024-04-23,GOLD,"Gold price near Rs 74,000: When will it reach Rs 2 lakh - 6 years, 9 years or 18 years?","Gold prices have risen sharply, more than 20% in last 12 months, as it has risen from Rs 60373 on April 19, 2023 to Rs 73,477 on 18 April 2024. Being one of the most popular household asset in India, gold has nearly tripled in less than 10 years. Investors are now curious as when will triple again and cross Rs 2 lakh level. Here is what experts predict.",The Economic Times,"gold price near rs 74,000 when will it reach rs 2 lakh - 6 years, 9 years or 18 years","gold prices have risen sharply, more than 20% in last 12 months, as it has risen from rs 60373 on april 19, 2023 to rs 73,477 on 18 april 2024. being one of the most popular household asset in india, gold has nearly tripled in less than 10 years. investors are now curious as when will triple again and cross rs 2 lakh level. here is what experts predict."
2024-04-23,GOLD,Amazon is selling the old but gold Samsung Galaxy Buds 2 at a nice $50 discount in four colors,"Amazon's latest Samsung Galaxy Buds 2 deal slashes the price of the noise-cancelling earbuds from $150 to $100 in graphite, lavender, olive green, and white color options with a full 1-year US warranty included.",PhoneArena,amazon is selling the old but gold samsung galaxy buds 2 at a nice $50 discount in four colors,"amazon's latest samsung galaxy buds 2 deal slashes the price of the noise-cancelling earbuds from $150 to $100 in graphite, lavender, olive green, and white color options with a full 1-year us warranty included."
2024-04-23,GOLD,Gold price drops in Pakistan amid international trends,"The gold price in Pakistan experienced a significant drop recently, reflecting a broader decline in the international market.",BOL News,gold price drops in pakistan amid international trends,"the gold price in pakistan experienced a significant drop recently, reflecting a broader decline in the international market."
2024-04-24,GOLD,Gold Rate in Qatar Today - 25 April 2024,"On April 24, 2024, the price of 24k gold per tola in Qatar was QAR 3,157.08. This information is regularly updated by local gold",BOL News,gold rate in qatar today - 25 april 2024,"on april 24, 2024, the price of 24k gold per tola in qatar was qar 3,157.08. this information is regularly updated by local gold"
2024-04-24,GOLD,This Costco Membership Deal Comes With a Free $40 Gift Card,"Get your hands on this Costco Gold Star membership and you'll get a digital gift card worth $40, offsetting most of the membership price.",CNET,this costco membership deal comes with a free $40 gift card,"get your hands on this costco gold star membership and you'll get a digital gift card worth $40, offsetting most of the membership price."
2024-04-24,GOLD,"Newmont Q1 Earnings Preview: Rising costs, gold production in focus","With Newmont (NEM) scheduled to announce Q1 earnings results on Thursday, before market open, investors remain focused on rising costs, potential benefits from",Seeking Alpha,"newmont q1 earnings preview rising costs, gold production in focus","with newmont nem scheduled to announce q1 earnings results on thursday, before market open, investors remain focused on rising costs, potential benefits from"
2024-04-25,GOLD,Gold Rate in Qatar Today - 26 April 2024,"On April 26, 2024, the price of 24k gold per tola in Qatar was QAR 3,157.08. This information is regularly updated by local gold",BOL News,gold rate in qatar today - 26 april 2024,"on april 26, 2024, the price of 24k gold per tola in qatar was qar 3,157.08. this information is regularly updated by local gold"
2024-04-25,GOLD,Gold's price is high. Is it still safe to invest in?,Gold has long been thought of as a safe investment. But is it still safe after recent price growth? Find out here.,CBS News,gold's price is high. is it still safe to invest in,gold has long been thought of as a safe investment. but is it still safe after recent price growth find out here.
2024-04-25,GOLD,"Gold price in Pakistan on April 25 up by Rs500 to Rs242,500/tola","Gold price in Pakistan increased by Rs500 to Rs242,500 per tola in the local market on Thursday (April 25)",BOL News,"gold price in pakistan on april 25 up by rs500 to rs242,500 tola","gold price in pakistan increased by rs500 to rs242,500 per tola in the local market on thursday april 25"
2024-04-25,GOLD,China’s gold consumption rises on safe-haven demand,"Chinese buyers, spooked by a protracted property slump and a recent stock-market rout, are rushing toward gold as economic uncertainty looms, propelling a global bullion rally.",Livemint,china s gold consumption rises on safe-haven demand,"chinese buyers, spooked by a protracted property slump and a recent stock-market rout, are rushing toward gold as economic uncertainty looms, propelling a global bullion rally."
2024-04-25,GOLD,Gold price rise in Pakistan; Check latest rates here,"In Karachi, the price of gold in Pakistan increased on Thursday, following the rising trend in international gold rates.",BOL News,gold price rise in pakistan check latest rates here,"in karachi, the price of gold in pakistan increased on thursday, following the rising trend in international gold rates."
2024-04-26,GOLD,6 reasons for seniors to add gold to their portfolios now,Gold can be a smart bet for seniors — and that's not just due to the recent gold price uptick either.,CBS News,6 reasons for seniors to add gold to their portfolios now,gold can be a smart bet for seniors and that's not just due to the recent gold price uptick either.
2024-04-26,GOLD,"Gold price in Pakistan on April 26 up by Rs2,500 to Rs245,000/tola","Gold price in Pakistan continued to increase by Rs2,500 to Rs245,000 per tola in the local market on Friday (April 26)",BOL News,"gold price in pakistan on april 26 up by rs2,500 to rs245,000 tola","gold price in pakistan continued to increase by rs2,500 to rs245,000 per tola in the local market on friday april 26"
2024-04-26,GOLD,Gold Rate Today Rises In India: Check 22 Carat Price In Your City On April 26,"Gold Rate Today: Check gold prices in different cities on April 26, 2024 in Rs/10 grams",News18,gold rate today rises in india check 22 carat price in your city on april 26,"gold rate today check gold prices in different cities on april 26, 2024 in rs 10 grams"
2024-04-26,GOLD,"Central banks on buying spree, strong retail demand - what’s fuelling the big gold price rally",Gold’s ability to hold value in times of political and economic uncertainty makes it a favoured asset in central bank reserves. It is considered a long-term hedge against inflation.,ThePrint,"central banks on buying spree, strong retail demand - what s fuelling the big gold price rally",gold s ability to hold value in times of political and economic uncertainty makes it a favoured asset in central bank reserves. it is considered a long-term hedge against inflation.
2024-04-27,GOLD,Gold Rate in Qatar Today - 28 April 2024,"On April 28, 2024, the price of 24k gold per tola in Qatar was QAR 3,186.50. This information is regularly updated",BOL News,gold rate in qatar today - 28 april 2024,"on april 28, 2024, the price of 24k gold per tola in qatar was qar 3,186.50. this information is regularly updated"
2024-04-27,GOLD,Ultra-rare Ferrari F1 Championship winning ring commissioned by Michael Schumacher goes on the market,AN ULTRA-RARE Ferrari Championship winning ring commissioned by Michael Schumacher has hit the market - and it could be yours.The 18 Karat gold and di,The Irish Sun,ultra-rare ferrari f1 championship winning ring commissioned by michael schumacher goes on the market,an ultra-rare ferrari championship winning ring commissioned by michael schumacher has hit the market - and it could be yours.the 18 karat gold and di
2024-04-28,GOLD,"A 50-cent Canadian dollar, $3,000 gold and housing market fixes: FP top videos",Will the Canadian dollar stay low and gold prices stay high? Watch FP top videos,Yahoo Canada Finance,"a 50-cent canadian dollar, $3,000 gold and housing market fixes fp top videos",will the canadian dollar stay low and gold prices stay high watch fp top videos
2024-04-28,GOLD,Gold Rate Today Rises In India: Check 22 Carat Price In Your City On April 28,"Gold Rate Today: Check gold prices in different cities on April 28, 2024 in Rs/10 grams",News18,gold rate today rises in india check 22 carat price in your city on april 28,"gold rate today check gold prices in different cities on april 28, 2024 in rs 10 grams"
2024-04-29,GOLD,Gold Rate in Qatar Today - 30 April 2024,"On April 30, 2024, the price of 24k gold per tola in Qatar was QAR 3,186.59. This information is regularly updated by local",BOL News,gold rate in qatar today - 30 april 2024,"on april 30, 2024, the price of 24k gold per tola in qatar was qar 3,186.59. this information is regularly updated by local"
2024-04-29,GOLD,Gold prices decline in Pakistan,"In Karachi, Pakistan, gold prices fell today, following the global trend of decreasing prices. The Sarafa Association reported that the price",BOL News,gold prices decline in pakistan,"in karachi, pakistan, gold prices fell today, following the global trend of decreasing prices. the sarafa association reported that the price"
2024-04-29,GOLD,"Gold price in Pakistan on April 29 down by Rs500 to Rs243,900/tola","Gold price in Pakistan decreased by 500 to Rs243,900 per tola in the local market on Monday (April 29)",BOL News,"gold price in pakistan on april 29 down by rs500 to rs243,900 tola","gold price in pakistan decreased by 500 to rs243,900 per tola in the local market on monday april 29"
2024-04-29,GOLD,Explained: How Is Gold Jewellery Price Calculated In India? Here's The Detailed Breakdown,"Buying gold jewellery can be quite expensive. Therefore, as a buyer, it's crucial to understand how your local jeweler determines the price of the jewellery you purchase from their store. Additionally, there are several other factors to consider when buying gold jewelry. Here's a guide to help you understand how jewellers calculate the price of gold jewelry and the factors that influence this calculation.",Indiatimes,explained how is gold jewellery price calculated in india here's the detailed breakdown,"buying gold jewellery can be quite expensive. therefore, as a buyer, it's crucial to understand how your local jeweler determines the price of the jewellery you purchase from their store. additionally, there are several other factors to consider when buying gold jewelry. here's a guide to help you understand how jewellers calculate the price of gold jewelry and the factors that influence this calculation."
2024-04-30,GOLD,'MDLNY' alum Steve Gold asks $10.8M for NYC home,"Gold and his partner Luiza Gawlowska are expanding their family -- and now, their stunning 22 Wooster St. co-op is back on the market.",New York Post,'mdlny' alum steve gold asks $10.8m for nyc home,"gold and his partner luiza gawlowska are expanding their family -- and now, their stunning 22 wooster st. co-op is back on the market."
2024-04-30,GOLD,Silver lining for miners and investors as interest grows amid surging gold price,"With Australia holding the biggest share of the world's silver reserves, an 18 per cent price rise over the past six months has people talking — especially when it comes to the silver lining of technology.",ABC (Australian Broadcasting Corporation),silver lining for miners and investors as interest grows amid surging gold price,"with australia holding the biggest share of the world's silver reserves, an 18 per cent price rise over the past six months has people talking especially when it comes to the silver lining of technology."
2024-04-30,GOLD,"Luxury jewelry maker Cartier doesn't give stuff away, but they pretty much did for one man in Mexico","Cartier apparently had made a mistake and listed gold-and-diamond earrings for 237 pesos ($14), instead of the correct price, 237,000 pesos ($14,000).",KABC-TV,"luxury jewelry maker cartier doesn't give stuff away, but they pretty much did for one man in mexico","cartier apparently had made a mistake and listed gold-and-diamond earrings for 237 pesos $14 , instead of the correct price, 237,000 pesos $14,000 ."
2024-04-30,GOLD,"Gold price in Pakistan on April 29 down by Rs500 to Rs243,900/tola","Gold price in Pakistan further declined by 2000 to Rs241,900 per tola in the local market on Tuesday (April 30)",BOL News,"gold price in pakistan on april 29 down by rs500 to rs243,900 tola","gold price in pakistan further declined by 2000 to rs241,900 per tola in the local market on tuesday april 30"
2024-04-30,GOLD,"Barrick Gold Q1 Results Preview: Production outlook, Loulo-Gounkoto mine in focus","Barrick Gold (GOLD) is expected to post higher Q1 earnings when it reports on Wednesday, May 1st, before market open. The consensus EPS Estimate is $0.15 (+7.1%",Seeking Alpha,"barrick gold q1 results preview production outlook, loulo-gounkoto mine in focus","barrick gold gold is expected to post higher q1 earnings when it reports on wednesday, may 1st, before market open. the consensus eps estimate is $0.15 7.1%"
2024-05-01,GOLD,Gold Rate Today Falls In India: Check 22 Carat Price In Your City On May 01,"Gold Rate Today: Check gold prices in different cities on May 01, 2024 in Rs/10 grams",News18,gold rate today falls in india check 22 carat price in your city on may 01,"gold rate today check gold prices in different cities on may 01, 2024 in rs 10 grams"
2024-05-01,GOLD,"Gold rates today: Gold price jumps as Powell downplays rate hike buzz in US Fed meeting, US dollar rate dips","Gold rate today is in uptrend as Jerome Powell has downplayed US Fed rate hike buzz in the US Fed meeting on Wednesday, say experts",Livemint,"gold rates today gold price jumps as powell downplays rate hike buzz in us fed meeting, us dollar rate dips","gold rate today is in uptrend as jerome powell has downplayed us fed rate hike buzz in the us fed meeting on wednesday, say experts"
2024-05-01,GOLD,What’s Driving the Global Gold Rush?,Harold James considers the political factors pushing the price of the “barbarous relic” to all-time highs.,Project Syndicate,what s driving the global gold rush,harold james considers the political factors pushing the price of the barbarous relic to all-time highs.
2024-05-02,GOLD,"Cartier tried to stop a man from buying $13,600 earrings for $13 after a website typo, but he got them anyway","Mexico native Rogelio Villarreal Jasso said he purchased diamond-and-gold Cartier earrings online for $13.He said the cheap price resulted from a website glitch,",Business Insider India,"cartier tried to stop a man from buying $13,600 earrings for $13 after a website typo, but he got them anyway","mexico native rogelio villarreal jasso said he purchased diamond-and-gold cartier earrings online for $13.he said the cheap price resulted from a website glitch,"
2024-05-02,GOLD,Don’t miss the silver lining in the gold-equities bull run,"Rising industrial demand for silver, combined with limited production capacity, is driving price increases",Livemint,don t miss the silver lining in the gold-equities bull run,"rising industrial demand for silver, combined with limited production capacity, is driving price increases"
2024-05-02,GOLD,"Gold Rate in Qatar Today - 3 May, 2024","On May 3, 2024, the price of 24k gold per tola in Qatar was QAR 3,135.65. This information is regularly updated by local",BOL News,"gold rate in qatar today - 3 may, 2024","on may 3, 2024, the price of 24k gold per tola in qatar was qar 3,135.65. this information is regularly updated by local"
2024-05-03,GOLD,Top ASX gold shares to buy in May 2024,"With the surging gold price, ASX gold shares have been in the spotlight. Here are some our Foolish writers think you should dig into.",The Motley Fool Australia,top asx gold shares to buy in may 2024,"with the surging gold price, asx gold shares have been in the spotlight. here are some our foolish writers think you should dig into."
2024-05-03,GOLD,Gold price dips ₹3300 from record high. Should you buy as US non-farm payroll data fails to beat estimates?,"Gold rate today: Comex spot gold price has support at $2266 and $2237, whereas it faces resistance at $2322 and $2345, respectively, say experts",Livemint,gold price dips 3300 from record high. should you buy as us non-farm payroll data fails to beat estimates,"gold rate today comex spot gold price has support at $2266 and $2237, whereas it faces resistance at $2322 and $2345, respectively, say experts"
2024-05-03,GOLD,"Laptops, graphics cards, and other PC components may soon be more expensive - and price hikes could get worse later this year","Blame metal – not heavy music, but the precious stuff like gold and copper",TechRadar,"laptops, graphics cards, and other pc components may soon be more expensive - and price hikes could get worse later this year","blame metal not heavy music, but the precious stuff like gold and copper"
2024-05-03,GOLD,"Gold, Silver Price Today: Price of yellow metal declines by Rs 100",International gold prices are heading for a second straight weekly decline as investors remained cautious ahead of the US non-farm payrolls data that could provide cues on the Federal Reserve's rate cut timeline.,The Indian Express,"gold, silver price today price of yellow metal declines by rs 100",international gold prices are heading for a second straight weekly decline as investors remained cautious ahead of the us non-farm payrolls data that could provide cues on the federal reserve's rate cut timeline.
2024-05-04,GOLD,Gold Price Falls In India: Check 22 Carat Rate In Your City On May 4,"Check gold rates today in different cities on May 4, 2024; (In Rs/10 grams)",News18,gold price falls in india check 22 carat rate in your city on may 4,"check gold rates today in different cities on may 4, 2024 in rs 10 grams"
2024-05-05,GOLD,Gold Rate Today Rises In India: Check 22 Carat Price In Your City On May 05,"Gold Rate Today: Check gold prices in different cities on May 05, 2024 in Rs/10 grams",News18,gold rate today rises in india check 22 carat price in your city on may 05,"gold rate today check gold prices in different cities on may 05, 2024 in rs 10 grams"
2024-05-06,GOLD,"Gold, Silver Rate Today: Price of Yellow metal inches higher","MCX Gold futures for June expiry inched 0.82 per cent higher at 71,246.00 for 10 grams while MCX Silver futures for July expiry inched 1.77 per cent to 82,479.00.",The Indian Express,"gold, silver rate today price of yellow metal inches higher","mcx gold futures for june expiry inched 0.82 per cent higher at 71,246.00 for 10 grams while mcx silver futures for july expiry inched 1.77 per cent to 82,479.00."
2024-05-07,GOLD,Gold Rate Today Rises In India: Check 22 Carat Price In Your City On May 07,"Gold Rate Today: Check gold prices in different cities on May 07, 2024 in Rs/10 grams",News18,gold rate today rises in india check 22 carat price in your city on may 07,"gold rate today check gold prices in different cities on may 07, 2024 in rs 10 grams"
2024-05-07,GOLD,Will gold's price fall in May? What to consider now,Gold's price has been steadily rising this year but will it finally fall in May? Here's what to think about now.,CBS News,will gold's price fall in may what to consider now,gold's price has been steadily rising this year but will it finally fall in may here's what to think about now.
2024-05-08,GOLD,Gold price dips ahead of Akshaya Tritiya on hawkish US Fed. Opportunity to buy?,"Gold rate today: The dip in gold prices can be attributed to the US Fed's hawkish comments, which are exerting pressure on commodities, say experts",Livemint,gold price dips ahead of akshaya tritiya on hawkish us fed. opportunity to buy,"gold rate today the dip in gold prices can be attributed to the us fed's hawkish comments, which are exerting pressure on commodities, say experts"
2024-05-09,GOLD,Gold rebounds over Fed rate cut bets: 5 key reasons behind yellow metal's appeal in 2024; Time to buy?,"Gold prices today: US jobs data indicates a slight weakening in the market, boosting expectations that Fed rate cuts may happen sooner than expected, which supports markets like gold and silver.",Livemint,gold rebounds over fed rate cut bets 5 key reasons behind yellow metal's appeal in 2024 time to buy,"gold prices today us jobs data indicates a slight weakening in the market, boosting expectations that fed rate cuts may happen sooner than expected, which supports markets like gold and silver."
2024-05-10,GOLD,Got $200? 1 Copper Stock to Buy and Hold Forever,"This copper stock is worth its weight in gold. Or actually, in copper! Given that the price of the material has climbed past US$10,000.",The Motley Fool Canada,got $200 1 copper stock to buy and hold forever,"this copper stock is worth its weight in gold. or actually, in copper given that the price of the material has climbed past us$10,000."
2024-05-10,GOLD,"Gold Rate Today: Price of 22 Carat, 24 Carat gold inches higher","MCX Gold futures for June expiry inched 1.26 per cent higher to Rs 71,540 per 10 grams on Friday.",The Indian Express,"gold rate today price of 22 carat, 24 carat gold inches higher","mcx gold futures for june expiry inched 1.26 per cent higher to rs 71,540 per 10 grams on friday."
2024-05-10,GOLD,"Gold price in Pakistan on May 10 up by Rs4,600 to Rs243,800 /tola","Gold price in Pakistan further increased by Rs4,600 to Rs243,800 per tola in the local market on Friday May 10",BOL News,"gold price in pakistan on may 10 up by rs4,600 to rs243,800 tola","gold price in pakistan further increased by rs4,600 to rs243,800 per tola in the local market on friday may 10"
2024-05-10,GOLD,Gold prices surge on Akshaya Tritiya,"Chennai: Gold sales on Akshaya Tritiya day on Friday were dampened by price rise and election-related curbs. However, gold has provided returns of 20.5 per cent for a person who had invested in the...",Deccan Chronicle,gold prices surge on akshaya tritiya,"chennai gold sales on akshaya tritiya day on friday were dampened by price rise and election-related curbs. however, gold has provided returns of 20.5 per cent for a person who had invested in the..."
2024-05-10,GOLD,"Gold rate today: Yellow metal above ₹72,700 per 10 grams; Silver near ₹85,000 per kg","MCX gold price ended 0.01% lower at ₹72,722 per 10 grams. The yellow metal opened at ₹71,730 level and gained over ₹1,000 during the day to hit a high of ₹72,888 led by strong demand on account of Akshaya Tritiya.",Livemint,"gold rate today yellow metal above 72,700 per 10 grams silver near 85,000 per kg","mcx gold price ended 0.01% lower at 72,722 per 10 grams. the yellow metal opened at 71,730 level and gained over 1,000 during the day to hit a high of 72,888 led by strong demand on account of akshaya tritiya."
2024-05-10,GOLD,Gold price rises on Akshaya Tritiya in India: Check gold rates in your city on May 10,"Gold rates in India saw a slight increase on Friday, coinciding with the celebration of Akshaya Tritiya. In Delhi, 10 grams of 24-carat gold was priced at Rs. 73,240 today, while on the Multi Commodity Exchange (MCX), gold contracts for June delivery traded higher by Rs 93 at Rs 73,090 per 10 grams.",India TV News,gold price rises on akshaya tritiya in india check gold rates in your city on may 10,"gold rates in india saw a slight increase on friday, coinciding with the celebration of akshaya tritiya. in delhi, 10 grams of 24-carat gold was priced at rs. 73,240 today, while on the multi commodity exchange mcx , gold contracts for june delivery traded higher by rs 93 at rs 73,090 per 10 grams."
2024-05-10,GOLD,"Akshay Tritiya: Price hike no dampener to gold buyers, but occasions little to do with buying vehicles, flat","On the auspicious occasion, people often plan to purchase vehicles with advance bookings weeks before the day, but this year has seen fewer vehicle purchases as compared with last year.",The Indian Express,"akshay tritiya price hike no dampener to gold buyers, but occasions little to do with buying vehicles, flat","on the auspicious occasion, people often plan to purchase vehicles with advance bookings weeks before the day, but this year has seen fewer vehicle purchases as compared with last year."
2024-05-13,GOLD,"Gold Rate in Qatar Today - 14 May, 2024","On May 14, 2024, the price of 24k gold per tola in Qatar was QAR 3,199.86. This information is regularly updated by local gold",BOL News,"gold rate in qatar today - 14 may, 2024","on may 14, 2024, the price of 24k gold per tola in qatar was qar 3,199.86. this information is regularly updated by local gold"
2024-05-13,GOLD,"When gold prices spiked, investors saw their chance","Buyers of sovereign gold bonds (SGBs) have prematurely redeemed 1.25 tonnes, clocking a near-doubling of returns on their issue price",Livemint,"when gold prices spiked, investors saw their chance","buyers of sovereign gold bonds sgbs have prematurely redeemed 1.25 tonnes, clocking a near-doubling of returns on their issue price"
2024-05-13,GOLD,"Gold rates drop Rs1,200 per tola","KARACHI: Gold prices in the local market dropped by Rs1,200 per tola on Tuesday following a decrease in the international market.According to All Sindh Saraf Jewellers Association data, gold rates...",The News International,"gold rates drop rs1,200 per tola","karachi gold prices in the local market dropped by rs1,200 per tola on tuesday following a decrease in the international market.according to all sindh saraf jewellers association data, gold rates..."
2024-05-13,GOLD,Will gold's price rise after this week's inflation report?,The new inflation report will be released on May 15. Here's how that could affect the price of gold.,CBS News,will gold's price rise after this week's inflation report,the new inflation report will be released on may 15. here's how that could affect the price of gold.
2024-05-13,GOLD,Should you buy ASX gold ETFs right now?,Gold ETFs continue to grow in popularity on the ASX as the price of gold hits record highs. But does gold still check out as an investment?,The Motley Fool Australia,should you buy asx gold etfs right now,gold etfs continue to grow in popularity on the asx as the price of gold hits record highs. but does gold still check out as an investment
2024-05-14,GOLD,Gold price jumps as Jerome Powell's speech fuels US Fed rate cut buzz. Buy or wait?,"Gold rate today is in uptrend as Jerome Powell's positive outlook on the US economy has fueled US Fed rate cut buzz, say experts",Livemint,gold price jumps as jerome powell's speech fuels us fed rate cut buzz. buy or wait,"gold rate today is in uptrend as jerome powell's positive outlook on the us economy has fueled us fed rate cut buzz, say experts"
2024-05-14,GOLD,Gold Rate Falls In India: Check 22 Carat Price In Your City On May 14,"Gold Rate Today: Check gold prices in different cities on May 14, 2024 in Rs/10 grams",News18,gold rate falls in india check 22 carat price in your city on may 14,"gold rate today check gold prices in different cities on may 14, 2024 in rs 10 grams"
2024-05-14,GOLD,"I was Britain’s brightest prospect, beat Tyson Fury, scored 25 KOs, and now insulate homes with renewable energy","David Price quickly emerged as British boxing’s top prospect, despite just claiming bronze at the Beijing 2008 Olympics when James DeGale won gold.W",talkSPORT.com,"i was britain s brightest prospect, beat tyson fury, scored 25 kos, and now insulate homes with renewable energy","david price quickly emerged as british boxing s top prospect, despite just claiming bronze at the beijing 2008 olympics when james degale won gold.w"
2024-05-14,GOLD,"Gold Price Today: Price of 22 carat, 24 carat gold inches higher","MCX Silver futures for July expiry inched 0.43 per cent higher to 85,281.00 for a kg.",The Indian Express,"gold price today price of 22 carat, 24 carat gold inches higher","mcx silver futures for july expiry inched 0.43 per cent higher to 85,281.00 for a kg."
2024-05-14,GOLD,Gold Rate in Pakistan Today - 15 May 2024,"As of today, the price of 24 karat gold in Pakistan is PKR 239,700, per tola, while 22 karat gold is priced at PKR 188,379 per 10 grams",BOL News,gold rate in pakistan today - 15 may 2024,"as of today, the price of 24 karat gold in pakistan is pkr 239,700, per tola, while 22 karat gold is priced at pkr 188,379 per 10 grams"
2024-05-14,GOLD,"Gold Rate in Qatar Today - 15 May, 2024","On May 15, 2024, the price of 24k gold per tola in Qatar was QAR 3,202.65. This information is regularly updated by local",BOL News,"gold rate in qatar today - 15 may, 2024","on may 15, 2024, the price of 24k gold per tola in qatar was qar 3,202.65. this information is regularly updated by local"
2024-05-14,GOLD,Here's how much the price of gold has jumped since January (and why you should invest now),"Gold's price has surged since January 1, giving investors a rare opportunity to potentially turn a quick profit.",CBS News,here's how much the price of gold has jumped since january and why you should invest now,"gold's price has surged since january 1, giving investors a rare opportunity to potentially turn a quick profit."
2024-05-15,GOLD,Gold price jumps as US CPI data fuels US Fed rate cut buzz. Will it climb to a new peak as silver price hits new high?,Gold rate today is around ₹750 away from lifetime high while silver rate today climbed to a new peak in early morning session,Livemint,gold price jumps as us cpi data fuels us fed rate cut buzz. will it climb to a new peak as silver price hits new high,gold rate today is around 750 away from lifetime high while silver rate today climbed to a new peak in early morning session
2024-05-15,GOLD,"Gold Rate Today: Price of 22 carat, 24 carat gold increases","MCX Silver futures for July expiry inched 0.04 per cent lower to 85,386.00 for a kg.",The Indian Express,"gold rate today price of 22 carat, 24 carat gold increases","mcx silver futures for july expiry inched 0.04 per cent lower to 85,386.00 for a kg."
2024-05-15,GOLD,Gold Rate Falls In India: Check 22 Carat Price In Your City On May 15,"Gold Rate Today: Check gold prices in different cities on May 15, 2024 in Rs/10 grams",News18,gold rate falls in india check 22 carat price in your city on may 15,"gold rate today check gold prices in different cities on may 15, 2024 in rs 10 grams"
2024-05-16,GOLD,"GLOBAL MARKETS-Asia rides Wall St rally, dollar sags on inflation relief","Gold marched back toward record levels and crude oil added to gains after rebounding strongly overnight from a two-month trough. U.S. data on Wednesday showed the consumer price index (CPI) rose by 0.3% in April, below an expected 0.4% gain, raising hopes the Fed can cut rates by 50 basis points this year, with the first quarter-point reduction fully priced for September.",Devdiscourse,"global markets-asia rides wall st rally, dollar sags on inflation relief","gold marched back toward record levels and crude oil added to gains after rebounding strongly overnight from a two-month trough. u.s. data on wednesday showed the consumer price index cpi rose by 0.3% in april, below an expected 0.4% gain, raising hopes the fed can cut rates by 50 basis points this year, with the first quarter-point reduction fully priced for september."
2024-05-17,GOLD,3 moves to avoid as gold's price rises,Considering buying gold at today's high price? Then you'll want to avoid making these three moves.,CBS News,3 moves to avoid as gold's price rises,considering buying gold at today's high price then you'll want to avoid making these three moves.
2024-05-17,GOLD,"Gold rate today: Yellow metal rises, silver price scales above ₹91,000 per kg",Gold rate in the international market clocked second consecutive weekly gain on renewed hopes for US interest rate cuts and China’s stimulus measures. Silver price also broke the $30 barrier to hit an 11-year high.,Livemint,"gold rate today yellow metal rises, silver price scales above 91,000 per kg",gold rate in the international market clocked second consecutive weekly gain on renewed hopes for us interest rate cuts and china s stimulus measures. silver price also broke the $30 barrier to hit an 11-year high.
2024-05-17,GOLD,"Gold price gains for second consecutive week, silver surges to 11-year peak","At 1304 GMT, spot gold surged by 0.9% to $2,396.81 per ounce. Bullion prices have climbed by 1.5% this week, following a one-month high on Thursday. In the meantime, gold futures for June delivery in the U.S. concluded 0.4% lower, settling at 2385.50 per ounce.",Livemint,"gold price gains for second consecutive week, silver surges to 11-year peak","at 1304 gmt, spot gold surged by 0.9% to $2,396.81 per ounce. bullion prices have climbed by 1.5% this week, following a one-month high on thursday. in the meantime, gold futures for june delivery in the u.s. concluded 0.4% lower, settling at 2385.50 per ounce."
2024-05-17,GOLD,Gold Rate Falls In India: Check 22 Carat Price In Your City On May 17,"Gold Rate Today: Check gold prices in different cities on May 17, 2024 in Rs/10 grams",News18,gold rate falls in india check 22 carat price in your city on may 17,"gold rate today check gold prices in different cities on may 17, 2024 in rs 10 grams"
2024-05-19,GOLD,Gold Rate Today Rises In India: Check 22 Carat Price In Your City On May 19,"Gold Rate Today: Check gold prices in different cities on May 19, 2024 in Rs/10 grams",News18,gold rate today rises in india check 22 carat price in your city on may 19,"gold rate today check gold prices in different cities on may 19, 2024 in rs 10 grams"
2024-05-20,GOLD,Gold prices hit a new record high: 5 moves to make now,"Gold prices have climbed above $2,430 per ounce. Here are the moves to make to capitalize on today's high price.",CBS News,gold prices hit a new record high 5 moves to make now,"gold prices have climbed above $2,430 per ounce. here are the moves to make to capitalize on today's high price."
2024-05-20,GOLD,Gold Prices at Records Means Markets Forecasting Imminent Rate Cuts,Gold isn't the only metal that has surged in recent days. Copper and silver have also seen sharp price increases.,Markets Insider,gold prices at records means markets forecasting imminent rate cuts,gold isn't the only metal that has surged in recent days. copper and silver have also seen sharp price increases.
2024-05-20,GOLD,"Gold, copper hit records, silver reaches 12-year high as metals rally continues","The metals market is on fire as gold and copper hit new records, while silver reached a 12-year high.",Yahoo Canada Finance,"gold, copper hit records, silver reaches 12-year high as metals rally continues","the metals market is on fire as gold and copper hit new records, while silver reached a 12-year high."
2024-05-20,GOLD,"Markets live: Telstra to sack 2,800 workers, Nasdaq and gold hit record highs, ASX to slip","Telstra will lay off up to 2,800 staff as part of its latest cost-cutting measure. Meanwhile, the Australian share market is likely to slip in morning trade, US tech stocks have driven the Nasdaq to a fresh record high, and optimism about rate cuts has pushed gold and copper prices to their highest levels ever. Follow live.",ABC (Australian Broadcasting Corporation),"markets live telstra to sack 2,800 workers, nasdaq and gold hit record highs, asx to slip","telstra will lay off up to 2,800 staff as part of its latest cost-cutting measure. meanwhile, the australian share market is likely to slip in morning trade, us tech stocks have driven the nasdaq to a fresh record high, and optimism about rate cuts has pushed gold and copper prices to their highest levels ever. follow live."
2024-05-20,GOLD,Gold Rate Falls In India: Check 22 Carat Price In Your City On May 20,"Gold Rate Today: Check gold prices in different cities on May 20, 2024 in Rs/10 grams",News18,gold rate falls in india check 22 carat price in your city on may 20,"gold rate today check gold prices in different cities on may 20, 2024 in rs 10 grams"
2024-05-21,GOLD,"The best gold bar sizes and weights to invest in, according to experts",There are different sizes and weights of gold bullion to consider — and that can affect liquidity and price.,CBS News,"the best gold bar sizes and weights to invest in, according to experts",there are different sizes and weights of gold bullion to consider and that can affect liquidity and price.
2024-05-21,GOLD,Are gold bars and coins still worth investing in as the price rises?,"Gold bars and coins have proven to be smart investments, but are they worth it with the price at a record high?",CBS News,are gold bars and coins still worth investing in as the price rises,"gold bars and coins have proven to be smart investments, but are they worth it with the price at a record high"
2024-05-21,GOLD,ASX 200 gold stocks in focus as gold price smashes record highs,S&P/ASX 200 Index (ASX: XJO) gold stocks are back in the spotlight as the yellow metal hits fresh all-time highs. Here’s what’s happening.,The Motley Fool Australia,asx 200 gold stocks in focus as gold price smashes record highs,s p asx 200 index asx xjo gold stocks are back in the spotlight as the yellow metal hits fresh all-time highs. here s what s happening.
2024-05-21,GOLD,"Gold rates in Pakistan fall by Rs1,900 per tola","Gold prices in Pakistan saw a significant drop on Tuesday, halting a three-day streak of gains. The price per tola decreased by Rs1,900",BOL News,"gold rates in pakistan fall by rs1,900 per tola","gold prices in pakistan saw a significant drop on tuesday, halting a three-day streak of gains. the price per tola decreased by rs1,900"
2024-05-21,GOLD,3 Cheap TSX Stocks to Buy Right Now,TSX stocks such as Barrick Gold and two others are trading at a cheap multiple and at a discount to consensus price targets.,The Motley Fool Canada,3 cheap tsx stocks to buy right now,tsx stocks such as barrick gold and two others are trading at a cheap multiple and at a discount to consensus price targets.
2024-05-21,GOLD,"Gold price in Pakistan on May 21 up by Rs1,900 to Rs248,500/tola","Gold price in Pakistan decreased by Rs1,900 to Rs248,500 per tola in the local market on Tuesday May 21",BOL News,"gold price in pakistan on may 21 up by rs1,900 to rs248,500 tola","gold price in pakistan decreased by rs1,900 to rs248,500 per tola in the local market on tuesday may 21"
2024-05-22,GOLD,"Gold Rate in Qatar Today - 23 May, 2024","On May 23, 2024, the price of 24k gold per tola in Qatar was QAR 3,299.40. This information is regularly updated by local",BOL News,"gold rate in qatar today - 23 may, 2024","on may 23, 2024, the price of 24k gold per tola in qatar was qar 3,299.40. this information is regularly updated by local"
2024-05-22,GOLD,Gold Rate in Pakistan Today - 23 May 2024,"As of today, the price of 24 karat gold in Pakistan is PKR 243,200, per tola, while 22 karat gold is priced at PKR 191,130 per 10 grams",BOL News,gold rate in pakistan today - 23 may 2024,"as of today, the price of 24 karat gold in pakistan is pkr 243,200, per tola, while 22 karat gold is priced at pkr 191,130 per 10 grams"
2024-05-23,GOLD,Here's how gold's price has jumped in the last year (and why you should still invest),"The price of gold broke yet another record this week, underlining the benefit of investing in gold now.",CBS News,here's how gold's price has jumped in the last year and why you should still invest,"the price of gold broke yet another record this week, underlining the benefit of investing in gold now."
2024-05-23,GOLD,"Gold price in Pakistan on May 23 down by Rs6,200 to Rs242,000/tola","Gold price in Pakistan further decreased by Rs300 to Rs248,200 per tola in the local market on Wednesday May 22",BOL News,"gold price in pakistan on may 23 down by rs6,200 to rs242,000 tola","gold price in pakistan further decreased by rs300 to rs248,200 per tola in the local market on wednesday may 22"
2024-05-23,GOLD,Gold Prices in Pakistan Decrease Significantly - Check Latest Rates Here!,"In Karachi, gold prices in Pakistan saw a downward trend for the third day in a row, with the tola price experiencing a significant drop on",BOL News,gold prices in pakistan decrease significantly - check latest rates here,"in karachi, gold prices in pakistan saw a downward trend for the third day in a row, with the tola price experiencing a significant drop on"
2024-05-24,GOLD,"Despite mild corrections, gold and silver price outlook remains firm","Gold, and also silver, are scarce commodities, and any mismatch in demand-supply conditions may invariably trigger a sharp price rise.",Devdiscourse,"despite mild corrections, gold and silver price outlook remains firm","gold, and also silver, are scarce commodities, and any mismatch in demand-supply conditions may invariably trigger a sharp price rise."
2024-05-24,GOLD,Gold price today: Yellow metal sees correction; short and long-term outlook remains positive,"Gold prices have been declining due to reduced likelihood of US rate cut, with futures dropping to ₹71,538. Analysts attribute the decline to . Despite recent pullback, overall rally in gold remains strong, with support at ₹69,000.",Livemint,gold price today yellow metal sees correction short and long-term outlook remains positive,"gold prices have been declining due to reduced likelihood of us rate cut, with futures dropping to 71,538. analysts attribute the decline to . despite recent pullback, overall rally in gold remains strong, with support at 69,000."
2024-05-24,GOLD,"Gold price in Pakistan down by Rs1800 to Rs240,200","Gold price in Pakistan further decreased by Rs1800 to Rs240,200 per tola in the local market on Friday May 24",BOL News,"gold price in pakistan down by rs1800 to rs240,200","gold price in pakistan further decreased by rs1800 to rs240,200 per tola in the local market on friday may 24"
2024-05-25,GOLD,Gold Rate in Pakistan Today - 26 May 2024,"As of today, the price of 24 karat gold in Pakistan is PKR 240,500, per tola, while 22 karat gold is priced at PKR 189,008 per 10 grams",BOL News,gold rate in pakistan today - 26 may 2024,"as of today, the price of 24 karat gold in pakistan is pkr 240,500, per tola, while 22 karat gold is priced at pkr 189,008 per 10 grams"
2024-05-27,GOLD,Gold Rate in Pakistan Today - 28 May 2024,"As of today, the price of 24 karat gold in Pakistan is PKR 240,500, per tola, while 22 karat gold is priced at PKR 189,008 per 10 grams",BOL News,gold rate in pakistan today - 28 may 2024,"as of today, the price of 24 karat gold in pakistan is pkr 240,500, per tola, while 22 karat gold is priced at pkr 189,008 per 10 grams"
2024-05-28,GOLD,Gold Rate in Pakistan Today - 29 May 2024,"As of today, the price of 24 karat gold in Pakistan is PKR 240,300, per tola, while 22 karat gold is priced at PKR 190,422 per 10 grams",BOL News,gold rate in pakistan today - 29 may 2024,"as of today, the price of 24 karat gold in pakistan is pkr 240,300, per tola, while 22 karat gold is priced at pkr 190,422 per 10 grams"
2024-05-28,GOLD,"Gold price jumps ahead of US GDP data release, silver rate rebounds after retracing from record high","Gold rate today has support placed at ₹71,600 whereas it is facing resistance at ₹72,900 per 10 gm mark, say experts",Livemint,"gold price jumps ahead of us gdp data release, silver rate rebounds after retracing from record high","gold rate today has support placed at 71,600 whereas it is facing resistance at 72,900 per 10 gm mark, say experts"
2024-05-28,GOLD,"Avocados are a ‘green gold’ export for Mexico, but growing them is harming forests and waters","Avocados are marketed as a superfood, but growing them for an expanding world market has turned a rural Mexican state into an unsustainable monoculture.",The Conversation,"avocados are a green gold export for mexico, but growing them is harming forests and waters","avocados are marketed as a superfood, but growing them for an expanding world market has turned a rural mexican state into an unsustainable monoculture."
2024-05-29,GOLD,Gold Rate in Pakistan Today - 30 May 2024,"As of today, the price of 24 karat gold in Pakistan is PKR 242,300, per tola, while 22 karat gold is priced at PKR 190,422",BOL News,gold rate in pakistan today - 30 may 2024,"as of today, the price of 24 karat gold in pakistan is pkr 242,300, per tola, while 22 karat gold is priced at pkr 190,422"
2024-06-01,GOLD,Hundreds attend funeral of Solihull D-Day war hero Albert Price after appeal for people to attend,"Albert Price, 98, was one of the first to step onto Gold Beach in Normandy",Birmingham Live,hundreds attend funeral of solihull d-day war hero albert price after appeal for people to attend,"albert price, 98, was one of the first to step onto gold beach in normandy"
2024-06-01,GOLD,Gold Rate Today Falls In India: Check 22 Carat Price In Your City On June 1,"Gold Rate Today: Check the gold prices in various cities on June 01, 2024, measured in Rs per 10 grams.",News18,gold rate today falls in india check 22 carat price in your city on june 1,"gold rate today check the gold prices in various cities on june 01, 2024, measured in rs per 10 grams."
2024-06-02,GOLD,Amul milk price hiked by Rs 2/litre across all variants with effect from June 3,"With the fresh hike, the revised milk prices for variants such as 500 ml Amul buffalo milk, 500 ml Amul Gold milk, and 500 ml Amul Shakti milk stand at Rs 36, Rs 33, and Rs 30, respectively.",The Indian Express,amul milk price hiked by rs 2 litre across all variants with effect from june 3,"with the fresh hike, the revised milk prices for variants such as 500 ml amul buffalo milk, 500 ml amul gold milk, and 500 ml amul shakti milk stand at rs 36, rs 33, and rs 30, respectively."
2024-06-02,GOLD,Gold demand in India expected to be 700-800 tonnes in 2024: WGC India CEO Jain,"If there's too much price volatility, then the demand for gold could be in the lower spectrum of about 700 tonnes, but if there is more consistency in prices, we foresee the demand to touch around 800 tonnes, Jain said",Livemint,gold demand in india expected to be 700-800 tonnes in 2024 wgc india ceo jain,"if there's too much price volatility, then the demand for gold could be in the lower spectrum of about 700 tonnes, but if there is more consistency in prices, we foresee the demand to touch around 800 tonnes, jain said"
2024-06-03,GOLD,Gold Rate Falls In India: Check 22 Carat Price In Your City On June 03,"Since India imports much of its gold, domestic prices follow global trends.",News18,gold rate falls in india check 22 carat price in your city on june 03,"since india imports much of its gold, domestic prices follow global trends."
2024-06-03,GOLD,Here's why the Newmont share price is making big ASX news today,The Newmont Corporation (ASX: NEM) share price is making ASX news today thanks to the gold stock trading ex-dividend.,The Motley Fool Australia,here's why the newmont share price is making big asx news today,the newmont corporation asx nem share price is making asx news today thanks to the gold stock trading ex-dividend.
2024-06-03,GOLD,Money blog: First direct route to Vegas from North launches as Virgin links up with Manchester Airport,Rolex has increased the price of some of its watches in the UK after the cost of gold surged. The luxury watch manufacturer has hiked some prices by as much as 4%. Read this and the rest of today's consumer and personal finance news below - and leave your thoughts in the comments box.,Sky News,money blog first direct route to vegas from north launches as virgin links up with manchester airport,rolex has increased the price of some of its watches in the uk after the cost of gold surged. the luxury watch manufacturer has hiked some prices by as much as 4%. read this and the rest of today's consumer and personal finance news below - and leave your thoughts in the comments box.
2024-06-03,GOLD,Gold Rate in Pakistan Today - 4 June 2024,"As of today, the price of 24 karat gold in Pakistan is PKR 240,250, per tola, while 22 karat gold is priced at PKR 188,812 per 10 grams",BOL News,gold rate in pakistan today - 4 june 2024,"as of today, the price of 24 karat gold in pakistan is pkr 240,250, per tola, while 22 karat gold is priced at pkr 188,812 per 10 grams"
2024-06-03,GOLD,Barrick Gold Isn't Dead Money As Pessimism Peaks,Barrick Gold stock has outperformed the S&P 500 significantly since my last update in March 2024. Read why GOLD stock remains attractive in the market.,Seeking Alpha,barrick gold isn't dead money as pessimism peaks,barrick gold stock has outperformed the s p 500 significantly since my last update in march 2024. read why gold stock remains attractive in the market.
2024-06-04,GOLD,"Gold price in Pakistan on June 4 up by Rs700 to Rs241,000/tola","Gold price in Pakistan increased by Rs700 to Rs241,000 per tola in the local market on Tuesday June 4",BOL News,"gold price in pakistan on june 4 up by rs700 to rs241,000 tola","gold price in pakistan increased by rs700 to rs241,000 per tola in the local market on tuesday june 4"
2024-06-04,GOLD,"Snap up gold ETF ahead of potential interest rate cuts as deficits persist, market pro says","The founder of the Blue Chip Daily Trend Report said there are macroeconomic reasons to like gold, and rate cuts could provide another boost.",CNBC,"snap up gold etf ahead of potential interest rate cuts as deficits persist, market pro says","the founder of the blue chip daily trend report said there are macroeconomic reasons to like gold, and rate cuts could provide another boost."
2024-06-05,GOLD,Gold Rate in Pakistan Today - 6 June 2024,"As of today, the price of 24 karat gold in Pakistan is PKR 240,500, per tola, while 22 karat gold is priced at PKR 189,008 per 10 grams",BOL News,gold rate in pakistan today - 6 june 2024,"as of today, the price of 24 karat gold in pakistan is pkr 240,500, per tola, while 22 karat gold is priced at pkr 189,008 per 10 grams"
2024-06-05,GOLD,"Gold price jumps as US dollar rate, treasury yield slip; US Fed rate cut, job data is focus. Opportunity to buy?","Gold rates today witnessed strong buying as the US dollar slipped to a two-month low, say experts",Livemint,"gold price jumps as us dollar rate, treasury yield slip us fed rate cut, job data is focus. opportunity to buy","gold rates today witnessed strong buying as the us dollar slipped to a two-month low, say experts"
2024-06-06,GOLD,Gold Prices Increased in Pakistan - Check Latest Rates Here!,"In Karachi, gold prices in Pakistan rose significantly on Thursday, following the upward trend in the international market.",BOL News,gold prices increased in pakistan - check latest rates here,"in karachi, gold prices in pakistan rose significantly on thursday, following the upward trend in the international market."
2024-06-06,GOLD,Gold price jumps as weak US job data fuels US Fed rate cut buzz. Should you buy?,"Gold rate today: Gold price today is ascending across world as the US job data released on Thursday is disappointing for the market, say experts",Livemint,gold price jumps as weak us job data fuels us fed rate cut buzz. should you buy,"gold rate today gold price today is ascending across world as the us job data released on thursday is disappointing for the market, say experts"
2024-06-06,GOLD,"Gold price in Pakistan on June 6 up by Rs2,400 to Rs243,000/tola","Gold price in Pakistan increased by Rs2,400 to Rs243,000 per tola in the local market on Thursday June 6",BOL News,"gold price in pakistan on june 6 up by rs2,400 to rs243,000 tola","gold price in pakistan increased by rs2,400 to rs243,000 per tola in the local market on thursday june 6"
2024-06-06,GOLD,Gold Rate Today Rises In India: Check 22 Carat Price In Your City On June 6,"Gold Rate Today: Check the gold prices in various cities on June 6, 2024, measured in Rs per 10 grams.",News18,gold rate today rises in india check 22 carat price in your city on june 6,"gold rate today check the gold prices in various cities on june 6, 2024, measured in rs per 10 grams."
2024-06-06,GOLD,Guess what new trend is taking off amid the soaring gold price,The rocketing gold price has been a boon for ASX gold stocks and it’s seeing a trend for investors seeking physical exposure taking off.,The Motley Fool Australia,guess what new trend is taking off amid the soaring gold price,the rocketing gold price has been a boon for asx gold stocks and it s seeing a trend for investors seeking physical exposure taking off.
2024-06-07,GOLD,"Gold price in Pakistan on June 7 unchanged at Rs243,000","Gold price in Pakistan remained unchanged at Rs243,000 per tola in the local market on Friday June 7",BOL News,"gold price in pakistan on june 7 unchanged at rs243,000","gold price in pakistan remained unchanged at rs243,000 per tola in the local market on friday june 7"
2024-06-08,GOLD,See inside Michael Smurfit's former home at the K Club as it hits the market for €4.5m,"The stunning five-bedroom property overlooks a world-class gold course and boasts two professionally equipped gyms, an elegant wine cellar and a fully functioning bar",Irish Mirror,see inside michael smurfit's former home at the k club as it hits the market for 4.5m,"the stunning five-bedroom property overlooks a world-class gold course and boasts two professionally equipped gyms, an elegant wine cellar and a fully functioning bar"
2024-06-09,GOLD,Gold Rate in Pakistan Today - 10 June 2024,"As of today, the price of 24 karat gold in Pakistan is PKR 240,000, per tola, while 22 karat gold is priced at PKR 188,615 per 10 grams",BOL News,gold rate in pakistan today - 10 june 2024,"as of today, the price of 24 karat gold in pakistan is pkr 240,000, per tola, while 22 karat gold is priced at pkr 188,615 per 10 grams"
2024-06-10,GOLD,This Gold Stock Just Dipped 5%: Time to Buy?,"This gold stock has been rising higher and higher but recently went through a 5% dip in share price. So, is it a deal or a bust?",The Motley Fool Canada,this gold stock just dipped 5% time to buy,"this gold stock has been rising higher and higher but recently went through a 5% dip in share price. so, is it a deal or a bust"
2024-06-10,GOLD,Antiques Roadshow guest refuses to sell watch with 'special' feature,Antiques Roadshow expert Richard Price issued a warning before revealing the huge valuation of a gold watch which had been given to the guest by a Spanish lady,Nottinghamshire Live,antiques roadshow guest refuses to sell watch with 'special' feature,antiques roadshow expert richard price issued a warning before revealing the huge valuation of a gold watch which had been given to the guest by a spanish lady
2024-06-10,GOLD,Gold price dips ahead of US Fed meeting. Opportunity to buy in this correction?,"Gold rate today is in the ₹70,500 to ₹71,800 range, whereas spot gold price today is expected to remain in the $2,280 to $2,330 per ounce range, say experts",Livemint,gold price dips ahead of us fed meeting. opportunity to buy in this correction,"gold rate today is in the 70,500 to 71,800 range, whereas spot gold price today is expected to remain in the $2,280 to $2,330 per ounce range, say experts"
2024-06-11,GOLD,"As ASX gold stocks cool off, here are 2 to buy when the price is right","Shaw and Partners portfolio manager James Gerrish reveals 2 ASX gold stocks to watch amid the current sell-off, as the commodity price dips.",The Motley Fool Australia,"as asx gold stocks cool off, here are 2 to buy when the price is right","shaw and partners portfolio manager james gerrish reveals 2 asx gold stocks to watch amid the current sell-off, as the commodity price dips."
2024-06-12,GOLD,"Gold price in Pakistan on June 12 up by 600 to Rs241,900/tola","Gold price in Pakistan further increased by 600 to Rs241,900 per tola in the local market on Tuesday (June 12)",BOL News,"gold price in pakistan on june 12 up by 600 to rs241,900 tola","gold price in pakistan further increased by 600 to rs241,900 per tola in the local market on tuesday june 12"
2024-06-13,GOLD,Liquid gold: olive oil is soaring in price - here’s what to use instead in 10 classic dishes,"Not every roast spud or side salad needs a liberal dash of extra virgin to enhance its flavour. There are better and cheaper alternatives, say our experts",The Guardian,liquid gold olive oil is soaring in price - here s what to use instead in 10 classic dishes,"not every roast spud or side salad needs a liberal dash of extra virgin to enhance its flavour. there are better and cheaper alternatives, say our experts"
2024-06-14,GOLD,Gold Rate in Pakistan Today - 15 June 2024,"As of today, the price of 24 karat gold in Pakistan is PKR 240,700, per tola, while 22 karat gold is priced at PKR 189,165 per 10 grams",BOL News,gold rate in pakistan today - 15 june 2024,"as of today, the price of 24 karat gold in pakistan is pkr 240,700, per tola, while 22 karat gold is priced at pkr 189,165 per 10 grams"
2024-06-14,GOLD,"Gold price in Pakistan on June 14 up by 800 to Rs241,500/tola","Gold price in Pakistan further increased by 800 to Rs241,500 per tola in the local market on Friday (June 14)",BOL News,"gold price in pakistan on june 14 up by 800 to rs241,500 tola","gold price in pakistan further increased by 800 to rs241,500 per tola in the local market on friday june 14"
2024-06-15,GOLD,Gold Rate Today Falls In India: Check 22 Carat Price In Your City On June 15,"Gold Rates for June 15, 2024: Check today's gold prices in various cities (in Rs per 10 grams)",News18,gold rate today falls in india check 22 carat price in your city on june 15,"gold rates for june 15, 2024 check today's gold prices in various cities in rs per 10 grams"
2024-06-16,GOLD,"1 Gold Stock to Buy for More Growth, Less Risk",This gold stock has seen shares rise 15% in the last year. But it's more than just the price of gold lending a hand to this rising share price.,The Motley Fool Canada,"1 gold stock to buy for more growth, less risk",this gold stock has seen shares rise 15% in the last year. but it's more than just the price of gold lending a hand to this rising share price.
2024-06-17,GOLD,London bullion market drops bid to block U.K. trial over allegations against Barrick mine,Move sets the stage for a British trial into allegations that the association is wrongly giving human-rights clearance to gold products from Barrick’s North Mara mine,The Globe and Mail,london bullion market drops bid to block u.k. trial over allegations against barrick mine,move sets the stage for a british trial into allegations that the association is wrongly giving human-rights clearance to gold products from barrick s north mara mine
2024-06-17,GOLD,London gold body drops jurisdictional challenge in Tanzania labelling case,The London Bullion Market Association is being sued over how it certified gold sourced from a Tanzanian mine.,Evening Standard,london gold body drops jurisdictional challenge in tanzania labelling case,the london bullion market association is being sued over how it certified gold sourced from a tanzanian mine.
2024-06-17,GOLD,"Equites, fixed income, and Gold: Axis recommends diverse multi-asset portfolios for optimal risk management.","Axis recommends constructing a diversified portfolio spanning multiple asset classes to safeguard against market volatility. The brokerage is overweight on equities, neutral on fixed-income assets and gold. Market dynamics will pivot around prevailing narratives, influencing investment decisions.",Livemint,"equites, fixed income, and gold axis recommends diverse multi-asset portfolios for optimal risk management.","axis recommends constructing a diversified portfolio spanning multiple asset classes to safeguard against market volatility. the brokerage is overweight on equities, neutral on fixed-income assets and gold. market dynamics will pivot around prevailing narratives, influencing investment decisions."
2024-06-17,GOLD,How the stock market boom has made investor dreams a reality,"Deploy outsized gains sensibly, diversifying them in multiple assets like debt and gold.Unsure how to do this? Approach a Sebi-registered investment adviser",Livemint,how the stock market boom has made investor dreams a reality,"deploy outsized gains sensibly, diversifying them in multiple assets like debt and gold.unsure how to do this approach a sebi-registered investment adviser"
2024-06-18,GOLD,I invest in Lego,"They're building up savings brick by brick. Research has found that investing in Legos is better than stocks, bonds and gold. Shane O'Farrell of Teaneck, NJ told The Post he's made $500,000 in two years because when Lego sets are discontinued, they increase in value in the resale market at a rate quicker than any of the markets above.",New York Post,i invest in lego,"they're building up savings brick by brick. research has found that investing in legos is better than stocks, bonds and gold. shane o'farrell of teaneck, nj told the post he's made $500,000 in two years because when lego sets are discontinued, they increase in value in the resale market at a rate quicker than any of the markets above."
2024-06-18,GOLD,Gold Rate in Pakistan Today - 19 June 2024,"As of today, the price of 24 karat gold in Pakistan is PKR 241,200, per tola, while 22 karat gold is priced at PKR 189,558 per 10 grams",BOL News,gold rate in pakistan today - 19 june 2024,"as of today, the price of 24 karat gold in pakistan is pkr 241,200, per tola, while 22 karat gold is priced at pkr 189,558 per 10 grams"
2024-06-18,GOLD,"Gold Rate in Qatar Today - 19 June, 2024","On June 19, 2024, the price of 24k gold per tola in Qatar was QAR 3,154.32. This information is regularly updated by local gold and bullion",BOL News,"gold rate in qatar today - 19 june, 2024","on june 19, 2024, the price of 24k gold per tola in qatar was qar 3,154.32. this information is regularly updated by local gold and bullion"
2024-06-18,GOLD,Gold Rate Rises In India: Check 22 Carat Price In Your City On June 18,"Gold Rates for June 18, 2024: Check today's gold prices in various cities (in Rs per 10 grams)",News18,gold rate rises in india check 22 carat price in your city on june 18,"gold rates for june 18, 2024 check today's gold prices in various cities in rs per 10 grams"
2024-06-19,GOLD,A Costco membership comes with a free $20 gift card right now - here's how to sign up,This deal on a Costco Gold Star Membership effectively cuts the price down to $40. (I even bought one.),ZDNet,a costco membership comes with a free $20 gift card right now - here's how to sign up,this deal on a costco gold star membership effectively cuts the price down to $40. i even bought one.
2024-06-20,GOLD,Gold bars and Sen. Bob Menendez's curiosity about their price takes central role at bribery trial,NEW YORK (AP) — Prosecutors showed jurors at Sen. Bob Menendez ’s trial on Thursday multiple instances when he researched the value of gold as he tried to help a,Toronto Star,gold bars and sen. bob menendez's curiosity about their price takes central role at bribery trial,new york ap prosecutors showed jurors at sen. bob menendez s trial on thursday multiple instances when he researched the value of gold as he tried to help a
2024-06-25,GOLD,This 6.57% Dividend Stock Pays Cash Every Month,"Finding a great dividend stock to pick up at a great price can be a gold mine, but only if it has the strong outlook like this top stock.",The Motley Fool Canada,this 6.57% dividend stock pays cash every month,"finding a great dividend stock to pick up at a great price can be a gold mine, but only if it has the strong outlook like this top stock."
2024-06-25,GOLD,Shop New Styles Online,"""Bama Rush"" TikTok made Gold Hinge's mini tennis skirt go viral for its stylish pleated construction and affordable price tag that you can buy online.",Billboard,shop new styles online,bama rush tiktok made gold hinge's mini tennis skirt go viral for its stylish pleated construction and affordable price tag that you can buy online.
2024-06-25,GOLD,Justin Timberlake sells his 127-acre Nashville ranch amid DWI scandal and sluggish tour sales,"Justin Timberlake has just struck gold in the hot Nashville real estate market, selling a sprawling 127-acre property on the outskirts of the city for a cool $8 million.",New York Post,justin timberlake sells his 127-acre nashville ranch amid dwi scandal and sluggish tour sales,"justin timberlake has just struck gold in the hot nashville real estate market, selling a sprawling 127-acre property on the outskirts of the city for a cool $8 million."
2024-06-25,GOLD,Here's how much the price of gold has dropped since May (and why you should still invest),The price of gold has dropped significantly from a record high in May. Here's why you should still invest.,CBS News,here's how much the price of gold has dropped since may and why you should still invest,the price of gold has dropped significantly from a record high in may. here's why you should still invest.
2024-06-25,GOLD,Costco deal: Buy a Gold Star membership for just $40,"This deal on an annual Costco membership gives you a free $20 store gift card, effectively cutting the price down to $40. (I even bought one.)",ZDNet,costco deal buy a gold star membership for just $40,"this deal on an annual costco membership gives you a free $20 store gift card, effectively cutting the price down to $40. i even bought one."
2024-06-25,GOLD,"Classic Legends all set to launch BSA Gold Star 650 in India soon: Check design, specifications","The bike is set to be launched in the Indian market on 15 August. The company has released a teaser for the upcoming launch, featuring a 652cc single-cylinder engine.",India TV News,"classic legends all set to launch bsa gold star 650 in india soon check design, specifications","the bike is set to be launched in the indian market on 15 august. the company has released a teaser for the upcoming launch, featuring a 652cc single-cylinder engine."
2024-06-26,GOLD,Experts raise concerns over potential cyanide spread after Yukon mine failure,"Following reports of a major slide, Victoria Gold's stock price plummeted overnight. Now, experts are warning about the potential impacts of cyanide in the territory's waterways.",CBC.ca,experts raise concerns over potential cyanide spread after yukon mine failure,"following reports of a major slide, victoria gold's stock price plummeted overnight. now, experts are warning about the potential impacts of cyanide in the territory's waterways."
2024-06-26,GOLD,Honda CG 125 Gold latest price & easy installment plans in Pakistan for June 2024,"Federal Budget for 2024-25 proposes a series of tax impositions on imports, which could lead to an increase in prices for all motor vehicles.",BOL News,honda cg 125 gold latest price easy installment plans in pakistan for june 2024,"federal budget for 2024-25 proposes a series of tax impositions on imports, which could lead to an increase in prices for all motor vehicles."
2024-06-26,GOLD,Honda CG 125 Gold latest price in Lahore - June 2024,"The Honda CG 125 Gold is a special edition of the popular Honda CG 125 motorcycle, widely favored in numerous cities across",BOL News,honda cg 125 gold latest price in lahore - june 2024,"the honda cg 125 gold is a special edition of the popular honda cg 125 motorcycle, widely favored in numerous cities across"
2024-06-26,GOLD,Gold rate in Pakistan today: Bullion prices see a slight drop!,"ISLAMABAD: Demonstrating consistently dramatic shifts in its value over the past few sessions, the gold price i",BOL News,gold rate in pakistan today bullion prices see a slight drop,"islamabad demonstrating consistently dramatic shifts in its value over the past few sessions, the gold price i"
2024-06-27,GOLD,"Gold price in Pakistan on June 27 up by 400 to Rs241,000/tola","Gold price in Pakistan increased by 400 to Rs241,000 per tola in the local market on Thursday (June 27)",BOL News,"gold price in pakistan on june 27 up by 400 to rs241,000 tola","gold price in pakistan increased by 400 to rs241,000 per tola in the local market on thursday june 27"
2024-06-28,GOLD,Rare supercar with blistering 251mph top speed hits market for £2.6MILLION & it has gold-plated details,"A RARE 251mph supercar with 24k gold-plated details has gone on the market for £2.6million.The 1,500 bhp Koenigsegg Regera has a 5 litre V8 engine wi",The Irish Sun,rare supercar with blistering 251mph top speed hits market for 2.6million it has gold-plated details,"a rare 251mph supercar with 24k gold-plated details has gone on the market for 2.6million.the 1,500 bhp koenigsegg regera has a 5 litre v8 engine wi"
2024-06-28,GOLD,"Gold Rate in Qatar Today - 29 June, 2024","On June 29, 2024, the price of 24k gold per tola in Qatar was QAR 3,192.96. This information is regularly updated by local gold",BOL News,"gold rate in qatar today - 29 june, 2024","on june 29, 2024, the price of 24k gold per tola in qatar was qar 3,192.96. this information is regularly updated by local gold"
2024-06-30,GOLD,Gold Rate Rises In India: Check 24 Carat Price In Your City On June 30,"Gold Rate Today: Check gold prices today in different cities on June 30, 2024",News18,gold rate rises in india check 24 carat price in your city on june 30,"gold rate today check gold prices today in different cities on june 30, 2024"
2024-07-01,GOLD,Gold Rate in Pakistan Today - 2 July 2024,"As of today, the price of 24 karat gold in Pakistan is PKR 241,050, per tola, while 22 karat gold is priced at PKR 189,441",BOL News,gold rate in pakistan today - 2 july 2024,"as of today, the price of 24 karat gold in pakistan is pkr 241,050, per tola, while 22 karat gold is priced at pkr 189,441"
2024-07-01,GOLD,"Why the expected interest rate cut could be good for gold, according to experts",The Federal Reserve is expected to cut interest rates soon. Here's why some experts say that may be good for gold's price.,CBS News,"why the expected interest rate cut could be good for gold, according to experts",the federal reserve is expected to cut interest rates soon. here's why some experts say that may be good for gold's price.
2024-07-01,GOLD,"Gold price in Pakistan on July 1 down by 200 to Rs241,500/tola","Gold price in Pakistan decreased by 200 to Rs241,500 per tola in the local market on Monday (July 01)",BOL News,"gold price in pakistan on july 1 down by 200 to rs241,500 tola","gold price in pakistan decreased by 200 to rs241,500 per tola in the local market on monday july 01"
2024-07-01,GOLD,ASX gold stock goes bust despite soaring precious metal price,This ASX gold stock could be going bust despite the gold price being close to record levels. What's going on?,The Motley Fool Australia,asx gold stock goes bust despite soaring precious metal price,this asx gold stock could be going bust despite the gold price being close to record levels. what's going on
2024-07-02,GOLD,Have gold prices peaked for 2024? Here's what experts say,Wondering whether the price of gold could grow more this year? Here's what the experts say could happen.,CBS News,have gold prices peaked for 2024 here's what experts say,wondering whether the price of gold could grow more this year here's what the experts say could happen.
2024-07-02,GOLD,Gold Price Today For 22 Carat: Check Latest Rate In Your City On July 02,"Check gold prices today in different Indian cities on July 02, 2024",News18,gold price today for 22 carat check latest rate in your city on july 02,"check gold prices today in different indian cities on july 02, 2024"
2024-07-03,GOLD,World Gold Council predicts another leg up in gold prices,"The international bullion body said unlike previous s periods when gold broke record highs, the market is still not saturated indicating that the gold prices may go up.",Devdiscourse,world gold council predicts another leg up in gold prices,"the international bullion body said unlike previous s periods when gold broke record highs, the market is still not saturated indicating that the gold prices may go up."
2024-07-05,GOLD,"Tamil star Suriya strikes gold, Kanguva sold for Rs 25 cr in AP/TG?","After holding discussions with various distributors in Telangana and Andhra Pradesh, the makers of much-hyped ‘Kanguva’ featuring Tamil star Suriya in a warrior role has been sold for a whopping price...",Deccan Chronicle,"tamil star suriya strikes gold, kanguva sold for rs 25 cr in ap tg","after holding discussions with various distributors in telangana and andhra pradesh, the makers of much-hyped kanguva featuring tamil star suriya in a warrior role has been sold for a whopping price..."
2024-07-05,GOLD,Will ASX gold shares again outshine the market in FY 2025?,ASX gold shares enjoyed a big lift in gold prices over the past year. Can the Aussie gold miners continue to shine bright in FY 2025?,The Motley Fool Australia,will asx gold shares again outshine the market in fy 2025,asx gold shares enjoyed a big lift in gold prices over the past year. can the aussie gold miners continue to shine bright in fy 2025
2024-07-07,GOLD,Claressa Shields on Lauren Price: 'We can fight and prove who's the best Olympic champion!',Claressa Shields and Lauren Price are the only two women to have won Olympic middleweight gold medals so far; Shields and Price are now professional world champions operating in different weight divisions but the American star can see a super-fight with Price taking place down the line,Sky Sports,claressa shields on lauren price 'we can fight and prove who's the best olympic champion ',claressa shields and lauren price are the only two women to have won olympic middleweight gold medals so far shields and price are now professional world champions operating in different weight divisions but the american star can see a super-fight with price taking place down the line
2024-07-07,GOLD,Gold Rate Today Rises In India: Check 22 Carat Price In Your City On July 07,"Gold rate today: Check prices today in different Indian cities on July 07, 2024",News18,gold rate today rises in india check 22 carat price in your city on july 07,"gold rate today check prices today in different indian cities on july 07, 2024"
2024-07-08,GOLD,Buy a Costco membership for just $20 right now,This Costco deal that gives you a $40 store card with your Gold Star membership purchase -- effectively cutting the price down to just $20 -- only comes around every once in a while. Don't miss out.,ZDNet,buy a costco membership for just $20 right now,this costco deal that gives you a $40 store card with your gold star membership purchase -- effectively cutting the price down to just $20 -- only comes around every once in a while. don't miss out.
2024-07-08,GOLD,Gold Rate in Pakistan Today - 9 July 2024,"As of today, the price of 24 karat gold in Pakistan is PKR 246,900, per tola, while 22 karat gold is priced at PKR 207,465 per 10 grams on",BOL News,gold rate in pakistan today - 9 july 2024,"as of today, the price of 24 karat gold in pakistan is pkr 246,900, per tola, while 22 karat gold is priced at pkr 207,465 per 10 grams on"
2024-07-09,GOLD,Gold Rate Falls In India: Check 22 Carat Price In Your City On July 09,"Check prices today in different Indian cities on July 09, 2024",News18,gold rate falls in india check 22 carat price in your city on july 09,"check prices today in different indian cities on july 09, 2024"
2024-07-10,GOLD,"Current price of gold: Sept. 23, 2024",Trends in gold prices could indicate whether the asset can protect against inflation. Here’s a look at how the precious metal is doing today.,Fortune,"current price of gold sept. 23, 2024",trends in gold prices could indicate whether the asset can protect against inflation. here s a look at how the precious metal is doing today.
2024-07-10,GOLD,Gold pushes higher as market hopes rise for U.S. rate cut,"Gold futures rise as Fed Chair Powell hints at rate cuts, saying progress is being made on the Fed's effort to move the economy into better balance and bring inflation down.",Seeking Alpha,gold pushes higher as market hopes rise for u.s. rate cut,"gold futures rise as fed chair powell hints at rate cuts, saying progress is being made on the fed's effort to move the economy into better balance and bring inflation down."
2024-07-10,GOLD,Citi sees gold price soon reaching fresh record highs,Daily roundup of research and analysis from Scott Barlow,The Globe and Mail,citi sees gold price soon reaching fresh record highs,daily roundup of research and analysis from scott barlow
2024-07-10,GOLD,Gold Rate in Pakistan Today - 11 July 2024,"As of today, the price of 24 karat gold in Pakistan is PKR 242,950, per tola, while 22 karat gold is priced at PKR 192,505 per 10 grams",BOL News,gold rate in pakistan today - 11 july 2024,"as of today, the price of 24 karat gold in pakistan is pkr 242,950, per tola, while 22 karat gold is priced at pkr 192,505 per 10 grams"
2024-07-10,GOLD,"Current price of gold: Oct. 14, 2024",Trends in gold prices could indicate whether the asset can protect against inflation. Here’s a look at how the precious metal is doing today.,Fortune,"current price of gold oct. 14, 2024",trends in gold prices could indicate whether the asset can protect against inflation. here s a look at how the precious metal is doing today.
2024-07-10,GOLD,Sign up for a Costco membership and get a free $40 gift card - here's how,This Costco deal gives you a $40 store card with your Gold Star membership purchase -- effectively cutting the price down to just $20.,ZDNet,sign up for a costco membership and get a free $40 gift card - here's how,this costco deal gives you a $40 store card with your gold star membership purchase -- effectively cutting the price down to just $20.
2024-07-11,GOLD,"Gold Price Rises Again in Pakistan, Surges by Rs1,200 per Tola","Despite a drop in consumer demand due to Muharram, the first month of the Islamic calendar, gold prices in Pakistan.",BOL News,"gold price rises again in pakistan, surges by rs1,200 per tola","despite a drop in consumer demand due to muharram, the first month of the islamic calendar, gold prices in pakistan."
2024-07-11,GOLD,"Gold price in Pakistan on July 11 up by Rs1200 to Rs246,800/tola","Gold price in Pakistan increased by Rs1200 t0 Rs246,800 per tola in the local market on Thursday July 11, 2024",BOL News,"gold price in pakistan on july 11 up by rs1200 to rs246,800 tola","gold price in pakistan increased by rs1200 t0 rs246,800 per tola in the local market on thursday july 11, 2024"
2024-07-11,GOLD,Gold Price Falls In India: Check 22 Carat Rate In Your City On July 11,"Gold Rate Today: Check gold prices in different cities on July 11, 2024; (In Rs/10 grams)",News18,gold price falls in india check 22 carat rate in your city on july 11,"gold rate today check gold prices in different cities on july 11, 2024 in rs 10 grams"
2024-07-13,GOLD,"Gold Price Nears Rs 74,000 in India: Check 24 Carat Rates in Your City on July 13","Gold Rate Today: Check gold prices in different cities on July 13, 2024; (In Rs/10 grams).",News18,"gold price nears rs 74,000 in india check 24 carat rates in your city on july 13","gold rate today check gold prices in different cities on july 13, 2024 in rs 10 grams ."
2024-07-14,GOLD,Gold Rate Today Rises In India: Check 22 Carat Price In Your City On July 14,"Gold Rate Today: Check gold prices in different cities on July 14, 2024; (In Rs/10 grams)",News18,gold rate today rises in india check 22 carat price in your city on july 14,"gold rate today check gold prices in different cities on july 14, 2024 in rs 10 grams"
2024-07-15,GOLD,Gold rush as Brits invest more in bullion as prices soar,The price of gold has shot up in the last 20 years - and savvy Brits are cashing in,Manchester Evening News,gold rush as brits invest more in bullion as prices soar,the price of gold has shot up in the last 20 years - and savvy brits are cashing in
2024-07-16,GOLD,"Gold Price Hits All-Time High Amid Bets on Rate Cut, Trump Win","Gold climbed past its all-time record, reaching over $2,465 on Tuesday. Investors are buying the metal amid hopes that the Fed cuts rates soon.",Markets Insider,"gold price hits all-time high amid bets on rate cut, trump win","gold climbed past its all-time record, reaching over $2,465 on tuesday. investors are buying the metal amid hopes that the fed cuts rates soon."
2024-07-17,GOLD,Gold prices just shattered another record: 3 big reasons to buy in now,There are a few reasons you may want to invest now that the price of gold has reached yet another new record high.,CBS News,gold prices just shattered another record 3 big reasons to buy in now,there are a few reasons you may want to invest now that the price of gold has reached yet another new record high.
2024-07-17,GOLD,ASX gold shares race higher after gold price hits record high,These ASX gold shares are having a strong session. Here's what is making them glitter on Wednesday...,The Motley Fool Australia,asx gold shares race higher after gold price hits record high,these asx gold shares are having a strong session. here's what is making them glitter on wednesday...
2024-07-17,GOLD,"Gold Touches New High of Rs 74,510",Chennai: Gold prices made a new high on Wednesday in the domestic market after international prices touched a record high level on Tuesday on expectations of the US Federal Reserve going for an...,Deccan Chronicle,"gold touches new high of rs 74,510",chennai gold prices made a new high on wednesday in the domestic market after international prices touched a record high level on tuesday on expectations of the us federal reserve going for an...
2024-07-18,GOLD,US stock market: - Firstpost,"Wall Street's major indices mostly fell on Wednesday (July 17) as rising trade tensions with China impacted tech stocks and speculation of a US interest rate cut pushed gold to a record high, while the Dow managed a modest gain amid mixed corporate earnings reports",Firstpost,us stock market - firstpost,"wall street's major indices mostly fell on wednesday july 17 as rising trade tensions with china impacted tech stocks and speculation of a us interest rate cut pushed gold to a record high, while the dow managed a modest gain amid mixed corporate earnings reports"
2024-07-19,GOLD,"Bright future: Bullish expert tips gold price to top $3,950 per ounce",The gold price notched up a new all-time high this week. Morgan Stanley is still bullish on gold. Let's see what the broker said.,The Motley Fool Australia,"bright future bullish expert tips gold price to top $3,950 per ounce",the gold price notched up a new all-time high this week. morgan stanley is still bullish on gold. let's see what the broker said.
2024-07-20,GOLD,Gold Rate in Pakistan Today - 21 July 2024,"As of today, the price of 24 karat gold in Pakistan is PKR 254,00, per tola, while 22 karat gold is priced at PKR 199,617 per 10 grams",BOL News,gold rate in pakistan today - 21 july 2024,"as of today, the price of 24 karat gold in pakistan is pkr 254,00, per tola, while 22 karat gold is priced at pkr 199,617 per 10 grams"
2024-07-20,GOLD,"Gold rates decrease by Rs.1,000 per tola","KARACHI:  The price of per tola of 24 karat gold decreased by Rs.1,000 and was sold at Rs. 250,000 on Saturday against its sale at Rs. 251,000",BOL News,"gold rates decrease by rs.1,000 per tola","karachi the price of per tola of 24 karat gold decreased by rs.1,000 and was sold at rs. 250,000 on saturday against its sale at rs. 251,000"
2024-07-21,GOLD,Gold Rate in Pakistan Today - 22 July 2024,"As of today, the price of 24 karat gold in Pakistan is PKR 254,00, per tola, while 22 karat gold is priced",BOL News,gold rate in pakistan today - 22 july 2024,"as of today, the price of 24 karat gold in pakistan is pkr 254,00, per tola, while 22 karat gold is priced"
2024-07-21,GOLD,Gold Rate Falls In India: Check 22 Carat Price In Your City On July 21,"Check Gold Prices in Different Cities on July 21, 2024 (In Rs per 10 grams)",News18,gold rate falls in india check 22 carat price in your city on july 21,"check gold prices in different cities on july 21, 2024 in rs per 10 grams"
2024-07-22,GOLD,Gold prices keep rising. Here's how to take advantage now.,The price of gold just hit another record high. Here are three things investors should do now.,CBS News,gold prices keep rising. here's how to take advantage now.,the price of gold just hit another record high. here are three things investors should do now.
2024-07-22,GOLD,Safe haven? Here's why ASX gold shares are beating the market today,The ASX 200 is having a pretty rough start to the week. But investors are still buying up ASX gold shares today.,The Motley Fool Australia,safe haven here's why asx gold shares are beating the market today,the asx 200 is having a pretty rough start to the week. but investors are still buying up asx gold shares today.
2024-07-23,GOLD,"When will gold prices hit $3,000 per ounce? Here's what experts think",Recent record-setting gold prices have many investors wondering how high the price will go. Here's what to know now.,CBS News,"when will gold prices hit $3,000 per ounce here's what experts think",recent record-setting gold prices have many investors wondering how high the price will go. here's what to know now.
2024-07-23,GOLD,"Gold price in Pakistan on July 23 down by Rs500 to Rs250,500/tola","Gold price in Pakistan slashed by Rs500 t0 Rs250,500 per tola in the local market on Tuesday (July 23)",BOL News,"gold price in pakistan on july 23 down by rs500 to rs250,500 tola","gold price in pakistan slashed by rs500 t0 rs250,500 per tola in the local market on tuesday july 23"
2024-07-23,GOLD,Gold Prices Increased in Pakistan - Checkout Latest Rates!,"Gold prices in Pakistan fell on Tuesday, following a drop in international prices after a recent increase. The price of gold per tola",BOL News,gold prices increased in pakistan - checkout latest rates,"gold prices in pakistan fell on tuesday, following a drop in international prices after a recent increase. the price of gold per tola"
2024-07-23,GOLD,Gold and Silver Prices Plummet Amid Government Duty Cut,"Gold prices dropped significantly by Rs 3,350 to Rs 72,300 per 10 grams in the local market following a government decision to cut customs duties on gold and silver to 6 percent. Similarly, silver prices also tumbled by Rs 3,500 to Rs 87,500 per kg. Market analysts attribute the decline to the reduced input costs and increased export competitiveness resulting from the duty cut.",Devdiscourse,gold and silver prices plummet amid government duty cut,"gold prices dropped significantly by rs 3,350 to rs 72,300 per 10 grams in the local market following a government decision to cut customs duties on gold and silver to 6 percent. similarly, silver prices also tumbled by rs 3,500 to rs 87,500 per kg. market analysts attribute the decline to the reduced input costs and increased export competitiveness resulting from the duty cut."
2024-07-23,GOLD,Ultra rare gold Nintendo cartridge from 1990 hits the auction market,"In 1990, Nintendo held the first-ever Nintendo World Championships – a touring competition that hit 29 cities across the US from March to December. It pitted the...",TechSpot,ultra rare gold nintendo cartridge from 1990 hits the auction market,"in 1990, nintendo held the first-ever nintendo world championships a touring competition that hit 29 cities across the us from march to december. it pitted the..."
2024-07-23,GOLD,Gold Rate in Pakistan Today - 24 July 2024,"As of today, price of 24 karat gold in Pakistan is PKR 250,850, per tola, while 22 karat gold is priced at PKR 197,142 per 10 grams 24 July.",BOL News,gold rate in pakistan today - 24 july 2024,"as of today, price of 24 karat gold in pakistan is pkr 250,850, per tola, while 22 karat gold is priced at pkr 197,142 per 10 grams 24 july."
2024-07-24,GOLD,Gold Price Plummets: 2 Gold Stocks to Keep an Eye On,"Gold prices have been going down for some time now, and this is a good opportunity to buy the right gold stocks at attractive prices.",The Motley Fool Canada,gold price plummets 2 gold stocks to keep an eye on,"gold prices have been going down for some time now, and this is a good opportunity to buy the right gold stocks at attractive prices."
2024-07-26,GOLD,"Gold Price Today: Check 22, 24 Carat Rates In Your City on July 26","Check the latest gold price today across major cities in India. Get detailed city-wise gold rates for 22 carat and 24 carat gold in Delhi, Kolkata, Mumbai, Bangalore, Hyderabad, and more. Stay updated with current prices and market trends at news18.com",News18,"gold price today check 22, 24 carat rates in your city on july 26","check the latest gold price today across major cities in india. get detailed city-wise gold rates for 22 carat and 24 carat gold in delhi, kolkata, mumbai, bangalore, hyderabad, and more. stay updated with current prices and market trends at news18.com"
2024-07-26,GOLD,Gold prices are falling. 5 smart moves to make now,"After hitting numerous record highs, the price of gold is dropping. Here's how you can capitalize on that trend.",CBS News,gold prices are falling. 5 smart moves to make now,"after hitting numerous record highs, the price of gold is dropping. here's how you can capitalize on that trend."
2024-07-27,GOLD,"Centre’s Fiscal Discipline Fuels Economic Stability, Drives Market Confidence","The Union Budget's substantial capital expenditure commitment and a lower-than-expected fiscal deficit have fostered confidence in economic stability and growth. Despite higher capital gains tax rates, market reactions remained stable, bolstered by political stability and significant increases in BRICS nations' gold reserves.",Devdiscourse,"centre s fiscal discipline fuels economic stability, drives market confidence","the union budget's substantial capital expenditure commitment and a lower-than-expected fiscal deficit have fostered confidence in economic stability and growth. despite higher capital gains tax rates, market reactions remained stable, bolstered by political stability and significant increases in brics nations' gold reserves."
2024-07-27,GOLD,"Gold, Silver Prices Today: Check Latest Bullion Rates In Your City on July 27","Check the latest gold price today across major cities in India. Get detailed city-wise gold rates for 22 carat and 24 carat gold in Delhi, Kolkata, Mumbai, Bangalore, Hyderabad, and more. Stay updated with current prices and market trends at news18.com",News18,"gold, silver prices today check latest bullion rates in your city on july 27","check the latest gold price today across major cities in india. get detailed city-wise gold rates for 22 carat and 24 carat gold in delhi, kolkata, mumbai, bangalore, hyderabad, and more. stay updated with current prices and market trends at news18.com"
2024-07-28,GOLD,Gold Rate in Pakistan Today - 29 July 2024,"Price of 24 karat gold in Pakistan is PKR 251,450, per tola, while 22 karat gold is priced at PKR 197,614 per 10 grams on 29 July, 2024.",BOL News,gold rate in pakistan today - 29 july 2024,"price of 24 karat gold in pakistan is pkr 251,450, per tola, while 22 karat gold is priced at pkr 197,614 per 10 grams on 29 july, 2024."
2024-07-28,GOLD,"Gold Rate in Qatar Today - 29 July, 2024","On July 29, 2024, the price of 24k gold per tola in Qatar was QAR 3,193.47. This information is regularly updated by local gold",BOL News,"gold rate in qatar today - 29 july, 2024","on july 29, 2024, the price of 24k gold per tola in qatar was qar 3,193.47. this information is regularly updated by local gold"
2024-07-28,GOLD,Gold Rate Today: Check 22 Carat Price In Your City on July 28,"Check the latest gold price today across major cities in India. Get detailed city-wise gold rates for 22 carat and 24 carat gold in Delhi, Kolkata, Mumbai, Bangalore, Hyderabad, and more. Stay updated with current prices and market trends at news18.com",News18,gold rate today check 22 carat price in your city on july 28,"check the latest gold price today across major cities in india. get detailed city-wise gold rates for 22 carat and 24 carat gold in delhi, kolkata, mumbai, bangalore, hyderabad, and more. stay updated with current prices and market trends at news18.com"
2024-07-29,GOLD,Samsung takes the gold over Apple in latest smartphone sales figures,And the overall smartphone market keeps growing,Android Police,samsung takes the gold over apple in latest smartphone sales figures,and the overall smartphone market keeps growing
2024-07-29,GOLD,"Gold Rate in Qatar Today - 30 July, 2024","On July 30, 2024, the price of 24k gold per tola in Qatar was QAR 3,193.08. This information is regularly updated by local gold",BOL News,"gold rate in qatar today - 30 july, 2024","on july 30, 2024, the price of 24k gold per tola in qatar was qar 3,193.08. this information is regularly updated by local gold"
2024-07-29,GOLD,Gold Rate Today: Check 22 Carat Price In Your City on July 29,"Check the latest gold price today across major cities in India. Get detailed city-wise gold rates for 22 carat and 24 carat gold in Delhi, Kolkata, Mumbai, Bangalore, Hyderabad, and more. Stay updated with current prices and market trends at news18.com",News18,gold rate today check 22 carat price in your city on july 29,"check the latest gold price today across major cities in india. get detailed city-wise gold rates for 22 carat and 24 carat gold in delhi, kolkata, mumbai, bangalore, hyderabad, and more. stay updated with current prices and market trends at news18.com"
2024-07-29,GOLD,Your Costco membership comes with a free $40 gift card right now,Don't miss this rare Costco deal that gives you a $40 store card with your Gold Star membership purchase -- effectively cutting the price down to just $20. (I bought one and highly recommend it.),ZDNet,your costco membership comes with a free $40 gift card right now,don't miss this rare costco deal that gives you a $40 store card with your gold star membership purchase -- effectively cutting the price down to just $20. i bought one and highly recommend it.
2024-07-30,GOLD,Gold Rate Today: Check 22 Carat Price In Your City On July 30,"Check the latest gold price today across major cities in India. Get detailed city-wise gold rates for 22 carat and 24 carat gold in Delhi, Kolkata, Mumbai, Bangalore, Hyderabad, and more. Stay updated with current prices and market trends at news18.com",News18,gold rate today check 22 carat price in your city on july 30,"check the latest gold price today across major cities in india. get detailed city-wise gold rates for 22 carat and 24 carat gold in delhi, kolkata, mumbai, bangalore, hyderabad, and more. stay updated with current prices and market trends at news18.com"
2024-07-30,GOLD,Gold Rate in Pakistan Today - 30 July 2024,"Price of 24 karat gold in Pakistan is PKR 251,950, per tola, while 22 karat gold is priced at PKR 198,007 per 10 grams on 30 July, 2024.",BOL News,gold rate in pakistan today - 30 july 2024,"price of 24 karat gold in pakistan is pkr 251,950, per tola, while 22 karat gold is priced at pkr 198,007 per 10 grams on 30 july, 2024."
2024-07-30,GOLD,High Prices Lead To 5% Decline In India's Gold Demand For June Quarter: Report,"The average price of gold during the April-June period in US dollar terms was USD 2,338.2, compared to USD 1,975.9 in the same period of 2023.",News18,high prices lead to 5% decline in india's gold demand for june quarter report,"the average price of gold during the april-june period in us dollar terms was usd 2,338.2, compared to usd 1,975.9 in the same period of 2023."
2024-07-30,GOLD,Gold prices dip by Rs400 per tola in Pakistan,"In Karachi, gold prices experienced a decrease on Tuesday. The price for 24-karat gold fell to Rs252,300 per tola.",BOL News,gold prices dip by rs400 per tola in pakistan,"in karachi, gold prices experienced a decrease on tuesday. the price for 24-karat gold fell to rs252,300 per tola."
2024-07-31,GOLD,Gold Rate Today: Check 22 Carat Price In Your City On July 31,"Check the latest gold price today across major cities in India. Get detailed city-wise gold rates for 22 carat and 24 carat gold in Delhi, Kolkata, Mumbai, Bangalore, Hyderabad, and more. Stay updated with current prices and market trends at news18.com",News18,gold rate today check 22 carat price in your city on july 31,"check the latest gold price today across major cities in india. get detailed city-wise gold rates for 22 carat and 24 carat gold in delhi, kolkata, mumbai, bangalore, hyderabad, and more. stay updated with current prices and market trends at news18.com"
2024-07-31,GOLD,Gold price today: Yellow metal rises ahead of Fed rate announcement; silver up 1.6%,"As of 1341 GMT, spot gold rose 0.7% to $2,424.29 per ounce, marking a gain of over 4% for the month. Similarly, U.S. gold futures increased by 0.7% to $2,422.50.",Livemint,gold price today yellow metal rises ahead of fed rate announcement silver up 1.6%,"as of 1341 gmt, spot gold rose 0.7% to $2,424.29 per ounce, marking a gain of over 4% for the month. similarly, u.s. gold futures increased by 0.7% to $2,422.50."
2024-08-01,GOLD,"MCX to launch 10-gm gold futures contract soon, after testing tech platform",Gold traders and individual investors consider the 10-gm price to be the standard for the yellow metal and expect it to be more popular than the existing Guinea futures contract (8 gm) and the Petal contract (1 gm).,Livemint,"mcx to launch 10-gm gold futures contract soon, after testing tech platform",gold traders and individual investors consider the 10-gm price to be the standard for the yellow metal and expect it to be more popular than the existing guinea futures contract 8 gm and the petal contract 1 gm .
2024-08-01,GOLD,"Gold Rate in Qatar Today - 2 August, 2024","On August 2, 2024, the price of 24k gold per tola in Qatar was QAR 3,195.84. This information is regularly updated by local",BOL News,"gold rate in qatar today - 2 august, 2024","on august 2, 2024, the price of 24k gold per tola in qatar was qar 3,195.84. this information is regularly updated by local"
2024-08-01,GOLD,Gold Rate in Pakistan Today - 02 August 2024,"Price of 24 karat gold in Pakistan is PKR 252,450, per tola, while 22 karat gold is priced at PKR 198,399 per 10 grams on 02 August, 2024.",BOL News,gold rate in pakistan today - 02 august 2024,"price of 24 karat gold in pakistan is pkr 252,450, per tola, while 22 karat gold is priced at pkr 198,399 per 10 grams on 02 august, 2024."
2024-08-01,GOLD,Why did this ASX gold stock just rocket 52%?,This ASX gold stock caught investor attention on Thursday after posting a new update. What's got the market so excited?,The Motley Fool Australia,why did this asx gold stock just rocket 52%,this asx gold stock caught investor attention on thursday after posting a new update. what's got the market so excited
2024-08-01,GOLD,"Gold Price Today: Check 22 Carat Price In Your City On August 1, 2024","Check the latest gold price today across major cities in India. Get detailed city-wise gold rates for 22 carat and 24 carat gold in Delhi, Kolkata, Mumbai, Bangalore, Hyderabad, and more. Stay updated with current prices and market trends at news18.com",News18,"gold price today check 22 carat price in your city on august 1, 2024","check the latest gold price today across major cities in india. get detailed city-wise gold rates for 22 carat and 24 carat gold in delhi, kolkata, mumbai, bangalore, hyderabad, and more. stay updated with current prices and market trends at news18.com"
2024-08-02,GOLD,"Gold rate in Pakistan on Aug 2 up by R2,400 to Rs257,300/tola","Gold rate in Pakistan further increased by Rs2,400 to Rs257,300 per tola in the local market on Friday Aug 2",BOL News,"gold rate in pakistan on aug 2 up by r2,400 to rs257,300 tola","gold rate in pakistan further increased by rs2,400 to rs257,300 per tola in the local market on friday aug 2"
2024-08-02,GOLD,"Gold, Silver Fresh Prices Announced: Check Latest Bullion Rates In Your City On August 2","Check the latest gold price today across major cities in India. Get detailed city-wise gold rates for 22 carat and 24 carat gold in Delhi, Kolkata, Mumbai, Bangalore, Hyderabad, and more. Stay updated with current prices and market trends at news18.com",News18,"gold, silver fresh prices announced check latest bullion rates in your city on august 2","check the latest gold price today across major cities in india. get detailed city-wise gold rates for 22 carat and 24 carat gold in delhi, kolkata, mumbai, bangalore, hyderabad, and more. stay updated with current prices and market trends at news18.com"
2024-08-02,GOLD,"Gold Rate in Qatar Today - 3 August, 2024","On August 3, 2024, the price of 24k gold per tola in Qatar was QAR 3,196.87. This information is regularly updated by local gold",BOL News,"gold rate in qatar today - 3 august, 2024","on august 3, 2024, the price of 24k gold per tola in qatar was qar 3,196.87. this information is regularly updated by local gold"
2024-08-02,GOLD,Gold Rate in Pakistan Today - 03 August 2024,"As of today, the price of 24 karat gold in Pakistan is PKR 252,450, per tola, while 22 karat gold is priced at PKR 198,399 per 10",BOL News,gold rate in pakistan today - 03 august 2024,"as of today, the price of 24 karat gold in pakistan is pkr 252,450, per tola, while 22 karat gold is priced at pkr 198,399 per 10"
2024-08-02,GOLD,Your Costco membership comes with a free $40 gift card right now. Here's how to redeem it,Don't miss this rare Costco deal that gives you a $40 store card with your Gold Star membership purchase -- effectively cutting the price down to just $20 for another three days only. (I bought one and highly recommend it.),ZDNet,your costco membership comes with a free $40 gift card right now. here's how to redeem it,don't miss this rare costco deal that gives you a $40 store card with your gold star membership purchase -- effectively cutting the price down to just $20 for another three days only. i bought one and highly recommend it.
2024-08-03,GOLD,Gold Rate in Pakistan Today - 04 August 2024,"Price of 24 karat gold in Pakistan is PKR 252,450, per tola, while 22 karat gold is priced at PKR 198,399 per 10 grams on 04 August, 2024.",BOL News,gold rate in pakistan today - 04 august 2024,"price of 24 karat gold in pakistan is pkr 252,450, per tola, while 22 karat gold is priced at pkr 198,399 per 10 grams on 04 august, 2024."
2024-08-03,GOLD,US shooter Vincent Hancock wins his fourth Olympic gold in skeet,"Hancock's student, Connor Price, won silver.",WIS10,us shooter vincent hancock wins his fourth olympic gold in skeet,"hancock's student, connor price, won silver."
2024-08-03,GOLD,"Gold, Silver Prices Today: Check Latest Bullion Rates In Your City on August 3","Check the latest gold price today across major cities in India. Get detailed city-wise gold rates for 22 carat and 24 carat gold in Delhi, Kolkata, Mumbai, Bangalore, Hyderabad, and more. Stay updated with current prices and market trends at news18.com",News18,"gold, silver prices today check latest bullion rates in your city on august 3","check the latest gold price today across major cities in india. get detailed city-wise gold rates for 22 carat and 24 carat gold in delhi, kolkata, mumbai, bangalore, hyderabad, and more. stay updated with current prices and market trends at news18.com"
2024-08-04,GOLD,Gold Rate Today: Check 22 Carat Price In Your City On August 04,"Check the latest gold price today across major cities in India. Get detailed city-wise gold rates for 22 carat and 24 carat gold in Delhi, Kolkata, Mumbai, Bangalore, Hyderabad, and more. Stay updated with current prices and market trends at news18.com",News18,gold rate today check 22 carat price in your city on august 04,"check the latest gold price today across major cities in india. get detailed city-wise gold rates for 22 carat and 24 carat gold in delhi, kolkata, mumbai, bangalore, hyderabad, and more. stay updated with current prices and market trends at news18.com"
2024-08-05,GOLD,"‘Delicate, authentic, charismatic’: Dolce & Gabbana launch €99 perfume for dogs",Luxury Italian brand makes first foray into pet scent market with 24-carat gold-plated paw on bottle,The Guardian,"delicate, authentic, charismatic dolce gabbana launch 99 perfume for dogs",luxury italian brand makes first foray into pet scent market with 24-carat gold-plated paw on bottle
2024-08-06,GOLD,Gold Rate Falls In India: Check 22 Carat Price In Your City On August 06,"Check the latest gold price today across major cities in India. Get detailed city-wise gold rates for 22 carat and 24 carat gold in Delhi, Kolkata, Mumbai, Bangalore, Hyderabad, and more. Stay updated with current prices and market trends at news18.com",News18,gold rate falls in india check 22 carat price in your city on august 06,"check the latest gold price today across major cities in india. get detailed city-wise gold rates for 22 carat and 24 carat gold in delhi, kolkata, mumbai, bangalore, hyderabad, and more. stay updated with current prices and market trends at news18.com"
2024-08-07,GOLD,The price of gold is down. Here's when it could change again.,The price of gold is down from a record high. Here are three upcoming dates in which the price could change again.,CBS News,the price of gold is down. here's when it could change again.,the price of gold is down from a record high. here are three upcoming dates in which the price could change again.
2024-08-07,GOLD,"Gold Rate in Qatar Today - 8 August, 2024","On August 8, 2024, the price of 24k gold per tola in Qatar was QAR 3,198.11. This information is regularly updated by local gold",BOL News,"gold rate in qatar today - 8 august, 2024","on august 8, 2024, the price of 24k gold per tola in qatar was qar 3,198.11. this information is regularly updated by local gold"
2024-08-07,GOLD,Bitcoin is no digital gold safehaven,The market chaos this week has revived the debate about how to value bitcoin: Is it a risk asset or a hedge?,CNBC,bitcoin is no digital gold safehaven,the market chaos this week has revived the debate about how to value bitcoin is it a risk asset or a hedge
2024-08-07,GOLD,Will the USWNT be able to overcome Marta and Brazil to take home gold at the 2024 Paris Olympics?,"Elsewhere in today's edition of the Golazo Starting XI, the transfer market heats up as Atletico Madrid near a big move",CBS Sports,will the uswnt be able to overcome marta and brazil to take home gold at the 2024 paris olympics,"elsewhere in today's edition of the golazo starting xi, the transfer market heats up as atletico madrid near a big move"
2024-08-07,GOLD,"Gold rate in Pakistan on Aug 7 down by R500 to Rs255,500/tola","Gold rate in Pakistan further decreased by Rs500 to Rs255,500 per tola in the local market on Wednesday Aug 7",BOL News,"gold rate in pakistan on aug 7 down by r500 to rs255,500 tola","gold rate in pakistan further decreased by rs500 to rs255,500 per tola in the local market on wednesday aug 7"
2024-08-08,GOLD,Gold Rate Falls In India: Check 22 Carat Price In Your City On August 08,"Check the latest gold price today across major cities in India. Get detailed city-wise gold rates for 22 carat and 24 carat gold in Delhi, Kolkata, Mumbai, Bangalore, Hyderabad, and more. Stay updated with current prices and market trends at news18.com",News18,gold rate falls in india check 22 carat price in your city on august 08,"check the latest gold price today across major cities in india. get detailed city-wise gold rates for 22 carat and 24 carat gold in delhi, kolkata, mumbai, bangalore, hyderabad, and more. stay updated with current prices and market trends at news18.com"
2024-08-09,GOLD,"Gold rate in Pakistan on Aug 9 up by R1000 to Rs256,500/tola","Gold rate in Pakistan rose by Rs1000 to Rs256,500 per tola in the local market on Friday Aug 9",BOL News,"gold rate in pakistan on aug 9 up by r1000 to rs256,500 tola","gold rate in pakistan rose by rs1000 to rs256,500 per tola in the local market on friday aug 9"
2024-08-09,GOLD,Gold Rate in Pakistan Today - 10 August 2024,"As of today, the price of 24 karat gold in Pakistan is PKR 255,500, per tola, while 22 karat gold is priced at PKR 200,796",BOL News,gold rate in pakistan today - 10 august 2024,"as of today, the price of 24 karat gold in pakistan is pkr 255,500, per tola, while 22 karat gold is priced at pkr 200,796"
2024-08-09,GOLD,"Gold Rate in Qatar Today - 10 August, 2024","On August 10, 2024, the price of 24k gold per tola in Qatar was QAR 3,192.61. This information is regularly",BOL News,"gold rate in qatar today - 10 august, 2024","on august 10, 2024, the price of 24k gold per tola in qatar was qar 3,192.61. this information is regularly"
2024-08-10,GOLD,Asia Maintains Gold Investment Momentum with USD 438M Influx in July,"Asia continues its winning streak in attracting gold investments, achieving 17 consecutive months of inflows, amounting to USD 438 million in July, as reported by the World Gold Council. The reduction in India's gold import duty and favorable market conditions have played a significant role.",Devdiscourse,asia maintains gold investment momentum with usd 438m influx in july,"asia continues its winning streak in attracting gold investments, achieving 17 consecutive months of inflows, amounting to usd 438 million in july, as reported by the world gold council. the reduction in india's gold import duty and favorable market conditions have played a significant role."
2024-08-10,GOLD,Gold Rate Today Rises In India: Check 22 Carat Price In Your City On August 10,"Check the latest gold price today across major cities in India. Get detailed city-wise gold rates for 22 carat and 24 carat gold in Delhi, Kolkata, Mumbai, Bangalore, Hyderabad, and more. Stay updated with current prices and market trends at news18.com",News18,gold rate today rises in india check 22 carat price in your city on august 10,"check the latest gold price today across major cities in india. get detailed city-wise gold rates for 22 carat and 24 carat gold in delhi, kolkata, mumbai, bangalore, hyderabad, and more. stay updated with current prices and market trends at news18.com"
2024-08-11,GOLD,Where are gold prices headed? A trader with 38 years of experience answers,"Gold prices are slipping due to higher expected interest rates and major investors withholding investments. Market volatility and a transition from counter-cyclicality to pro-cyclicality are anticipated, with significant impacts expected around the 2024 US election.",Livemint,where are gold prices headed a trader with 38 years of experience answers,"gold prices are slipping due to higher expected interest rates and major investors withholding investments. market volatility and a transition from counter-cyclicality to pro-cyclicality are anticipated, with significant impacts expected around the 2024 us election."
2024-08-11,GOLD,Gold Rate Today Rises In India: Check 22 Carat Price In Your City On August 11,"Check the latest gold price today across major cities in India. Get detailed city-wise gold rates for 22 carat and 24 carat gold in Delhi, Kolkata, Mumbai, Bangalore, Hyderabad, and more. Stay updated with current prices and market trends at news18.com",News18,gold rate today rises in india check 22 carat price in your city on august 11,"check the latest gold price today across major cities in india. get detailed city-wise gold rates for 22 carat and 24 carat gold in delhi, kolkata, mumbai, bangalore, hyderabad, and more. stay updated with current prices and market trends at news18.com"
2024-08-11,GOLD,'Powerful' garden strimmer that's 'easy-to-use' is half price on Amazon,A quality strimmer is worth its weight in gardening gold,Devon Live,'powerful' garden strimmer that's 'easy-to-use' is half price on amazon,a quality strimmer is worth its weight in gardening gold
2024-08-12,GOLD,"Gold Rate in Qatar Today - 13 August, 2024","On August 13, 2024, the price of 24k gold per tola in Qatar was QAR 3,193.53. This information is regularly updated",BOL News,"gold rate in qatar today - 13 august, 2024","on august 13, 2024, the price of 24k gold per tola in qatar was qar 3,193.53. this information is regularly updated"
2024-08-12,GOLD,Gold price forecast for fall 2024: Here's what experts expect,"Gold price is likely to change this fall, experts say, and it's important to know what factors could impact it.",CBS News,gold price forecast for fall 2024 here's what experts expect,"gold price is likely to change this fall, experts say, and it's important to know what factors could impact it."
2024-08-12,GOLD,South Africa’s Gold Fields to buy Canada’s Osisko Mining in $2.16-billion deal,Reaches friendly agreement that offers 66-per-cent premium on Canadian miner’s Friday closing stock price,The Globe and Mail,south africa s gold fields to buy canada s osisko mining in $2.16-billion deal,reaches friendly agreement that offers 66-per-cent premium on canadian miner s friday closing stock price
2024-08-12,GOLD,South Africa's Gold Fields to acquire Canadian miner Osisko for $1.57 billion,"Gold Fields Ltd has agreed to acquire Osisko Mining for about C$2.16 billion ($1.57 billion) on a fully diluted basis, the Canadian firm said on Monday. The Johannesburg-based gold producer said it will pay the Canadian miner C$4.90 per share, a 55% premium to Osisko's August 9 trading price, it said in a statement. ($1 = 1.3731 Canadian dollars)",Yahoo Canada Finance,south africa's gold fields to acquire canadian miner osisko for $1.57 billion,"gold fields ltd has agreed to acquire osisko mining for about c$2.16 billion $1.57 billion on a fully diluted basis, the canadian firm said on monday. the johannesburg-based gold producer said it will pay the canadian miner c$4.90 per share, a 55% premium to osisko's august 9 trading price, it said in a statement. $1 1.3731 canadian dollars"
2024-08-12,GOLD,Gold Rate Falls In India: Check 22 Carat Price In Your City On August 12,"Check the latest gold price today across major cities in India. Get detailed city-wise gold rates for 22 carat and 24 carat gold in Delhi, Kolkata, Mumbai, Bangalore, Hyderabad, and more. Stay updated with current prices and market trends at news18.com",News18,gold rate falls in india check 22 carat price in your city on august 12,"check the latest gold price today across major cities in india. get detailed city-wise gold rates for 22 carat and 24 carat gold in delhi, kolkata, mumbai, bangalore, hyderabad, and more. stay updated with current prices and market trends at news18.com"
2024-08-12,GOLD,"Gold rate in Pakistan on Aug 12 stands at Rs256,500/tola","Gold rate in Pakistan witnessed no change and stood at Rs256,500 per tola in the local market on Monday (Aug 12)",BOL News,"gold rate in pakistan on aug 12 stands at rs256,500 tola","gold rate in pakistan witnessed no change and stood at rs256,500 per tola in the local market on monday aug 12"
2024-08-12,GOLD,Sportsbooks differ on settling bets for USA-China gold medal tie,"With the U.S. and China finishing with 40 gold medals each at the Paris Olympics, Sportsbooks took varying approaches to settling bets on the gold medal market. ESPN BET, DraftKings and FanDuel each settled gold medal bets with a ""dead heat"" rule.",ESPN,sportsbooks differ on settling bets for usa-china gold medal tie,"with the u.s. and china finishing with 40 gold medals each at the paris olympics, sportsbooks took varying approaches to settling bets on the gold medal market. espn bet, draftkings and fanduel each settled gold medal bets with a dead heat rule."
2024-08-12,GOLD,"EQX Stock Earnings: Equinox Gold Meets EPS, Misses Revenue for Q2 2024","InvestorPlace - Stock Market News, Stock Advice & Trading Tips Equinox Gold (NYSEMKT:EQX) just reported results for the second quarter of 2024...",Markets Insider,"eqx stock earnings equinox gold meets eps, misses revenue for q2 2024","investorplace - stock market news, stock advice trading tips equinox gold nysemkt eqx just reported results for the second quarter of 2024..."
2024-08-13,GOLD,Buy gold for cheaper with this zaveri bazaar hack,There are several reasons why it's better to buy gold from your local jewellery market than a bank.,Livemint,buy gold for cheaper with this zaveri bazaar hack,there are several reasons why it's better to buy gold from your local jewellery market than a bank.
2024-08-13,GOLD,"Gold Rate in Qatar Today - 14 August, 2024","On August 14, 2024, the price of 24k gold per tola in Qatar was QAR 3,203.32. This information is regularly updated",BOL News,"gold rate in qatar today - 14 august, 2024","on august 14, 2024, the price of 24k gold per tola in qatar was qar 3,203.32. this information is regularly updated"
2024-08-13,GOLD,"Gold's price surpasses $2,500 an ounce: 4 moves to make now","Want to capitalize on the gold rush? If so, there are a few strategic investment moves you should make right now.",CBS News,"gold's price surpasses $2,500 an ounce 4 moves to make now","want to capitalize on the gold rush if so, there are a few strategic investment moves you should make right now."
2024-08-13,GOLD,Gold Rate Rises In India: Check 22 Carat Price In Your City On August 13,"Check the latest gold price today across major cities in India. Get detailed city-wise gold rates for 22 carat and 24 carat gold in Delhi, Kolkata, Mumbai, Bangalore, Hyderabad, and more. Stay updated with current prices and market trends at news18.com",News18,gold rate rises in india check 22 carat price in your city on august 13,"check the latest gold price today across major cities in india. get detailed city-wise gold rates for 22 carat and 24 carat gold in delhi, kolkata, mumbai, bangalore, hyderabad, and more. stay updated with current prices and market trends at news18.com"
2024-08-14,GOLD,Discerning downsizers are snapping up Gold Coast apartments,Developers with strong track records and the ability to lock in builders and construction finance are having success in a challenging Gold Coast market.,Australian Financial Review,discerning downsizers are snapping up gold coast apartments,developers with strong track records and the ability to lock in builders and construction finance are having success in a challenging gold coast market.
2024-08-14,GOLD,Evolution Mining share price jumps 9% on record profits,The Evolution Mining Ltd (ASX: EVN) share price is racing higher after the gold miner reported record profits in FY 2024...,The Motley Fool Australia,evolution mining share price jumps 9% on record profits,the evolution mining ltd asx evn share price is racing higher after the gold miner reported record profits in fy 2024...
2024-08-14,GOLD,Gold Rate Today Rises In India: Check 22 Carat Price In Your City On August 14,"Check the latest gold price today across major cities in India. Get detailed city-wise gold rates for 22 carat and 24 carat gold in Delhi, Kolkata, Mumbai, Bangalore, Hyderabad, and more. Stay updated with current prices and market trends at news18.com",News18,gold rate today rises in india check 22 carat price in your city on august 14,"check the latest gold price today across major cities in india. get detailed city-wise gold rates for 22 carat and 24 carat gold in delhi, kolkata, mumbai, bangalore, hyderabad, and more. stay updated with current prices and market trends at news18.com"
2024-08-15,GOLD,Gold Rate Falls In India: Check 22 Carat Price In Your City On August 15,"Check the latest gold price today across major cities in India. Get detailed city-wise gold rates for 22 carat and 24 carat gold in Delhi, Kolkata, Mumbai, Bangalore, Hyderabad, and more. Stay updated with current prices and market trends at news18.com",News18,gold rate falls in india check 22 carat price in your city on august 15,"check the latest gold price today across major cities in india. get detailed city-wise gold rates for 22 carat and 24 carat gold in delhi, kolkata, mumbai, bangalore, hyderabad, and more. stay updated with current prices and market trends at news18.com"
2024-08-16,GOLD,Harrods' luxury diamond and gold-infused face mask that 'reduces wrinkles' slashed to £32,"The luxurious 'Trufflesque Hydrating Radiance Mask' by TEMPLESPA is now half price, and it's no wonder why it has so many positive reviews from customers",Nottinghamshire Live,harrods' luxury diamond and gold-infused face mask that 'reduces wrinkles' slashed to 32,"the luxurious 'trufflesque hydrating radiance mask' by templespa is now half price, and it's no wonder why it has so many positive reviews from customers"
2024-08-16,GOLD,Gold Rate Rises In India: Check 22 Carat Price In Your City On August 16,"Check the latest gold price today across major cities in India. Get detailed city-wise gold rates for 22 carat and 24 carat gold in Delhi, Kolkata, Mumbai, Bangalore, Hyderabad, and more. Stay updated with current prices and market trends at news18.com",News18,gold rate rises in india check 22 carat price in your city on august 16,"check the latest gold price today across major cities in india. get detailed city-wise gold rates for 22 carat and 24 carat gold in delhi, kolkata, mumbai, bangalore, hyderabad, and more. stay updated with current prices and market trends at news18.com"
2024-08-17,GOLD,Gold Rate Rises In India: Check 22 Carat Price In Your City On August 17,"Check the latest gold price today across major cities in India. Get detailed city-wise gold rates for 22 carat and 24 carat gold in Delhi, Kolkata, Mumbai, Bangalore, Hyderabad, and more. Stay updated with current prices and market trends at news18.com",News18,gold rate rises in india check 22 carat price in your city on august 17,"check the latest gold price today across major cities in india. get detailed city-wise gold rates for 22 carat and 24 carat gold in delhi, kolkata, mumbai, bangalore, hyderabad, and more. stay updated with current prices and market trends at news18.com"
2024-08-17,GOLD,"Wall Street sees gold nearing $3,000 after soaring more than 20% this year","Gold has outperformed the broader U.S. stock market this year, and Wall Street is turning more bullish on the precious metal.",Yahoo Canada Finance,"wall street sees gold nearing $3,000 after soaring more than 20% this year","gold has outperformed the broader u.s. stock market this year, and wall street is turning more bullish on the precious metal."
2024-08-18,GOLD,Gold Rate Rises In India: Check 22 Carat Price In Your City On August 18,"Check the latest gold price today across major cities in India. Get detailed city-wise gold rates for 22 carat and 24 carat gold in Delhi, Kolkata, Mumbai, Bangalore, Hyderabad, and more. Stay updated with current prices and market trends at news18.com",News18,gold rate rises in india check 22 carat price in your city on august 18,"check the latest gold price today across major cities in india. get detailed city-wise gold rates for 22 carat and 24 carat gold in delhi, kolkata, mumbai, bangalore, hyderabad, and more. stay updated with current prices and market trends at news18.com"
2024-08-19,GOLD,"ASX gold shares rocket as price tops US$2,500",ASX gold shares like Newmont Corporation (ASX: NEM) are rocketing today as the price of gold hits a new record high.,The Motley Fool Australia,"asx gold shares rocket as price tops us$2,500",asx gold shares like newmont corporation asx nem are rocketing today as the price of gold hits a new record high.
2024-08-19,GOLD,The Importance of Physical Security Solutions in the Digital World,"In an era where digital threats dominate the headlines, there is significant focus on cybersecurity. As India advances with groundbreaking digital innovations, there is a parallel rise in the need for robust physical security measures. While cybersecurity is crucial for protecting data and digital assets, it is also a reality that a lot of our wealth such as- gold, cash, jewellery, crucial documents are physical in nature. Hence, there is a need to move from traditional storage solutions to more high-quality physical security solutions—such as safes, vaults, and high-security locks.
Rising Demand for Physical Security Solutions
As industries like banking, finance, and data centers manage critical infrastructure, the potential consequences of physical breaches can be severe. Traditional passive physical security products, such as vaults and safes, offer robust protection but lack real-time visibility and monitoring capabilities. These methods do not provide digital footprints for access control, real-time monitoring thereby making it challenging to detect and neutralize threats promptly.
In contrast, active physical security solutions integrate advanced monitoring systems and access control technologies, enabling better threat detection and response. By adopting active high security electronic locking mechanism equipped with biometric access control features, 24 by 7 connectivity, duress notifications industries can achieve an enhanced level of security ecosystem through continuous monitoring, real-time alerts, and comprehensive access management.
Integrating Digital and Physical Security Solutions
Connected Locks: Intelligent Security at Your FingertipsTo complement physical security measures, intelligent data-driven solutions like connected locks are becoming essential. These systems offer remote monitoring and control, ideal for organizations with multiple locations. Connected locking solutions provide an end-to-end software platform linked to locking hardware, enhancing security for safes and strongroom doors. Users can manage access, receive real-time notifications, and monitor status remotely via smartphone apps, adding an extra layer of convenience and security.
Biometric Locks: Precision and Personalized Security
Biometric access systems are transforming high-security safes into smart solutions with advanced biometric access control. Features like Live Finger Detection (LFD) prevent unauthorized access by detecting counterfeit fingerprints. These systems offer dual-layer security with tamper alerts, duress alarms, and battery backups for power disruptions. They can also integrate with alarm systems and fogging mechanisms for heightened security during attacks.
In today’s digital-centric world, where cybersecurity often takes precedence, the importance of physical security solutions remains undeniable. Industries such as corporate offices, banking, retail, and jewellery are increasingly adopting advanced security measures, including safes, vaults, and strong room doors with intelligent locks, to tackle emerging challenges. As the physical security market continues to grow—driven by technological advancements and demanding security needs—organizations must embrace a comprehensive security ecosystem that seamlessly integrates both physical and digital innovations.(Authored Article)
Anirban Mukhuti- Head - Marketing and Product Management, Asia
Company Profile
The Gunnebo Group, headquartered in Gothenburg, Sweden, has over 250 years of rich Heritage. Gunnebo is a world leader in physical security solutions. Gunnebo Group offers safe storage, entrance control, and integrated security solutions to customers cutting across banking, retail, mass transit, public and commercial buildings, and industrial sites. Gunnebo Brands like Steelage and Chubbsafes have a rich legacy and presence of over 100 years in the physical security solutions category in the Indian subcontinent.
www.gunnebo.com/en-in/servicehttps://www.steelage.com/https://www.chubbsafes.com/en-in/",Outlook Money,the importance of physical security solutions in the digital world,"in an era where digital threats dominate the headlines, there is significant focus on cybersecurity. as india advances with groundbreaking digital innovations, there is a parallel rise in the need for robust physical security measures. while cybersecurity is crucial for protecting data and digital assets, it is also a reality that a lot of our wealth such as- gold, cash, jewellery, crucial documents are physical in nature. hence, there is a need to move from traditional storage solutions to more high-quality physical security solutions such as safes, vaults, and high-security locks. rising demand for physical security solutions as industries like banking, finance, and data centers manage critical infrastructure, the potential consequences of physical breaches can be severe. traditional passive physical security products, such as vaults and safes, offer robust protection but lack real-time visibility and monitoring capabilities. these methods do not provide digital footprints for access control, real-time monitoring thereby making it challenging to detect and neutralize threats promptly. in contrast, active physical security solutions integrate advanced monitoring systems and access control technologies, enabling better threat detection and response. by adopting active high security electronic locking mechanism equipped with biometric access control features, 24 by 7 connectivity, duress notifications industries can achieve an enhanced level of security ecosystem through continuous monitoring, real-time alerts, and comprehensive access management. integrating digital and physical security solutions connected locks intelligent security at your fingertipsto complement physical security measures, intelligent data-driven solutions like connected locks are becoming essential. these systems offer remote monitoring and control, ideal for organizations with multiple locations. connected locking solutions provide an end-to-end software platform linked to locking hardware, enhancing security for safes and strongroom doors. users can manage access, receive real-time notifications, and monitor status remotely via smartphone apps, adding an extra layer of convenience and security. biometric locks precision and personalized security biometric access systems are transforming high-security safes into smart solutions with advanced biometric access control. features like live finger detection lfd prevent unauthorized access by detecting counterfeit fingerprints. these systems offer dual-layer security with tamper alerts, duress alarms, and battery backups for power disruptions. they can also integrate with alarm systems and fogging mechanisms for heightened security during attacks. in today s digital-centric world, where cybersecurity often takes precedence, the importance of physical security solutions remains undeniable. industries such as corporate offices, banking, retail, and jewellery are increasingly adopting advanced security measures, including safes, vaults, and strong room doors with intelligent locks, to tackle emerging challenges. as the physical security market continues to grow driven by technological advancements and demanding security needs organizations must embrace a comprehensive security ecosystem that seamlessly integrates both physical and digital innovations. authored article anirban mukhuti- head - marketing and product management, asia company profile the gunnebo group, headquartered in gothenburg, sweden, has over 250 years of rich heritage. gunnebo is a world leader in physical security solutions. gunnebo group offers safe storage, entrance control, and integrated security solutions to customers cutting across banking, retail, mass transit, public and commercial buildings, and industrial sites. gunnebo brands like steelage and chubbsafes have a rich legacy and presence of over 100 years in the physical security solutions category in the indian subcontinent."
2024-08-19,GOLD,Gold Rates Announced for August 19: Check 22 Carat Price In Your City,"Check the latest gold price today across major cities in India. Get detailed city-wise gold rates for 22 carat and 24 carat gold in Delhi, Kolkata, Mumbai, Bangalore, Hyderabad, and more. Stay updated with current prices and market trends at news18.com",News18,gold rates announced for august 19 check 22 carat price in your city,"check the latest gold price today across major cities in india. get detailed city-wise gold rates for 22 carat and 24 carat gold in delhi, kolkata, mumbai, bangalore, hyderabad, and more. stay updated with current prices and market trends at news18.com"
2024-08-20,GOLD,Money blog: Tesco hikes meal deals; gold prices hit record; Mars responds to calls for revival of classic sweet,"Welcome to the Money blog, your place for personal finance and consumer news and tips. Today's posts include a look at Premier League jersey prices and Tesco upping the price of its meal deal. Let us know which discontinued sweet or treat you'd like to see revived in the comments box.",Sky News,money blog tesco hikes meal deals gold prices hit record mars responds to calls for revival of classic sweet,"welcome to the money blog, your place for personal finance and consumer news and tips. today's posts include a look at premier league jersey prices and tesco upping the price of its meal deal. let us know which discontinued sweet or treat you'd like to see revived in the comments box."
2024-08-20,GOLD,Gold price hits record high; global markets rally on ‘soft landing’ hopes - business live,Rolling coverage of the latest economic and financial news,The Guardian,gold price hits record high global markets rally on soft landing hopes - business live,rolling coverage of the latest economic and financial news
2024-08-20,GOLD,Gold prices hit record high amid prospect of US interest rate cuts,"Spot price increases to $2,521.36, with record run meaning standard gold bar is worth more than $1m",The Guardian,gold prices hit record high amid prospect of us interest rate cuts,"spot price increases to $2,521.36, with record run meaning standard gold bar is worth more than $1m"
2024-08-20,GOLD,A gold bar is now worth $1 million,"The price of a bar of gold is worth a million dollars for the first time, thanks to soaring prices for the precious metal.",Cable News Network,a gold bar is now worth $1 million,"the price of a bar of gold is worth a million dollars for the first time, thanks to soaring prices for the precious metal."
2024-08-20,GOLD,"Gold Price May Scale New Record on Interest Rate Cut, Recession Fears","Gold prices hit a fresh record high, above $2,500 an ounce recently — making standard gold bars worth $1 million.",Markets Insider,"gold price may scale new record on interest rate cut, recession fears","gold prices hit a fresh record high, above $2,500 an ounce recently making standard gold bars worth $1 million."
2024-08-20,GOLD,Gold prices surge to a new record high: 4 benefits of buying in,The price of gold just climbed to yet another new high. Here's why you may want to buy in now.,CBS News,gold prices surge to a new record high 4 benefits of buying in,the price of gold just climbed to yet another new high. here's why you may want to buy in now.
2024-08-21,GOLD,Gold Rate Falls In India: Check 22 Carat Price In Your City On August 21,"Check the latest gold price today across major cities in India. Get detailed city-wise gold rates for 22 carat and 24 carat gold in Delhi, Kolkata, Mumbai, Bangalore, Hyderabad, and more. Stay updated with current prices and market trends at news18.com",News18,gold rate falls in india check 22 carat price in your city on august 21,"check the latest gold price today across major cities in india. get detailed city-wise gold rates for 22 carat and 24 carat gold in delhi, kolkata, mumbai, bangalore, hyderabad, and more. stay updated with current prices and market trends at news18.com"
2024-08-21,GOLD,The price of gold is at a record high. Here's why,"The price of gold hit an all time high this week. The spot price for gold closed Tuesday above $2,514 per Troy ounce.",The Associated Press,the price of gold is at a record high. here's why,"the price of gold hit an all time high this week. the spot price for gold closed tuesday above $2,514 per troy ounce."
2024-08-21,GOLD,3 smart gold investing moves to make before the price rises again,Gold's price just broke another record and it could rise again soon. Here are three moves to make before it happens.,CBS News,3 smart gold investing moves to make before the price rises again,gold's price just broke another record and it could rise again soon. here are three moves to make before it happens.
2024-08-21,GOLD,The price of gold is at a record high. Here’s why,The precious metal has reached an all-time peak,The Globe and Mail,the price of gold is at a record high. here s why,the precious metal has reached an all-time peak
2024-08-22,GOLD,Mint Quick Edit | Sovereign gold bonds on the way out? Savers would be dismayed.,"There’s buzz that the government might discontinue sovereign gold bond (SGB) issuances as a rise in gold prices has burnt a hole in its pocket. But it should think of small savers too. They’ll have one option less of instruments offering market-level returns, safely.",Livemint,mint quick edit sovereign gold bonds on the way out savers would be dismayed.,"there s buzz that the government might discontinue sovereign gold bond sgb issuances as a rise in gold prices has burnt a hole in its pocket. but it should think of small savers too. they ll have one option less of instruments offering market-level returns, safely."
2024-08-23,GOLD,"Gold rate in Pakistan on Aug 23 up by 200 to Rs262,000/tola","Gold rate in Pakistan increased by Rs200 to Rs262,000 per tola in the local market on Friday (Aug 23)",BOL News,"gold rate in pakistan on aug 23 up by 200 to rs262,000 tola","gold rate in pakistan increased by rs200 to rs262,000 per tola in the local market on friday aug 23"
2024-08-23,GOLD,How Bitcoin's value is changing in the face of market trends,Bitcoin's evolving role as digital gold highlights its surprising correlations with traditional financial markets and global events.,Yahoo Finance,how bitcoin's value is changing in the face of market trends,bitcoin's evolving role as digital gold highlights its surprising correlations with traditional financial markets and global events.
2024-08-23,GOLD,Gold Price Prediction: Buy Record Highs As Central Banks Pile in,"The juxtaposition of record-high gold prices amid investor outflows from the metal is ""explained only by unprecedented central bank buying,"" BofA said.",Markets Insider,gold price prediction buy record highs as central banks pile in,"the juxtaposition of record-high gold prices amid investor outflows from the metal is explained only by unprecedented central bank buying, bofa said."
2024-08-24,GOLD,Gold Rate Falls In India: Check 24 Carat Price In Your City On August 24,"Check the latest gold price today across major cities in India. Get detailed city-wise gold rates for 22 carat and 24 carat gold in Delhi, Kolkata, Mumbai, Bangalore, Hyderabad, and more. Stay updated with current prices and market trends at news18.com",News18,gold rate falls in india check 24 carat price in your city on august 24,"check the latest gold price today across major cities in india. get detailed city-wise gold rates for 22 carat and 24 carat gold in delhi, kolkata, mumbai, bangalore, hyderabad, and more. stay updated with current prices and market trends at news18.com"
2024-08-25,GOLD,Gold Rate Falls In India: Check 22 Carat Price In Your City On August 25,"Check the latest gold price today across major cities in India. Get detailed city-wise gold rates for 22 carat and 24 carat gold in Delhi, Kolkata, Mumbai, Bangalore, Hyderabad, and more. Stay updated with current prices and market trends at news18.com",News18,gold rate falls in india check 22 carat price in your city on august 25,"check the latest gold price today across major cities in india. get detailed city-wise gold rates for 22 carat and 24 carat gold in delhi, kolkata, mumbai, bangalore, hyderabad, and more. stay updated with current prices and market trends at news18.com"
2024-08-25,GOLD,Will Gold and Silver Prices Sparkle This Festive Season? A Comprehensive Outlook,"For consumers and investors considering precious metal purchases during the festive period, it is advisable to stay informed about market trends and global economic indicators.",News18,will gold and silver prices sparkle this festive season a comprehensive outlook,"for consumers and investors considering precious metal purchases during the festive period, it is advisable to stay informed about market trends and global economic indicators."
2024-08-26,GOLD,"Gold Rate in Qatar Today - 27 August, 2024","On August 27, 2024, the price of 24k gold per tola in Qatar was QAR 3,173.27. This information is regularly updated",BOL News,"gold rate in qatar today - 27 august, 2024","on august 27, 2024, the price of 24k gold per tola in qatar was qar 3,173.27. this information is regularly updated"
2024-08-26,GOLD,Digital gold rush: A high-stakes gamble in a fragile economy,"Pakistanis are turning to cryptocurrencies as both a lifeline and a gamble, betting on digital fortunes amid soaring market highs and devastating lows.",DAWN.com,digital gold rush a high-stakes gamble in a fragile economy,"pakistanis are turning to cryptocurrencies as both a lifeline and a gamble, betting on digital fortunes amid soaring market highs and devastating lows."
2024-08-26,GOLD,Why gold prices may rise this September,The price of gold has been climbing for months — and may continue to do so next month. Here's why.,CBS News,why gold prices may rise this september,the price of gold has been climbing for months and may continue to do so next month. here's why.
2024-08-27,GOLD,Global Markets Stabilize as Investors Weigh Geopolitical Risks and Economic Data,"Gold prices neared a record high amid Middle East tensions and U.S. rate cut expectations, while oil prices steadied after a recent surge. European stocks gained, influenced by Japan's late rally, and BHP's strong profits bolstered global sentiment. Investors are keenly watching Nvidia's earnings and U.S. inflation data for market direction.",Devdiscourse,global markets stabilize as investors weigh geopolitical risks and economic data,"gold prices neared a record high amid middle east tensions and u.s. rate cut expectations, while oil prices steadied after a recent surge. european stocks gained, influenced by japan's late rally, and bhp's strong profits bolstered global sentiment. investors are keenly watching nvidia's earnings and u.s. inflation data for market direction."
2024-08-27,GOLD,Why this ASX gold stock could more than double in value,This ASX gold stock is being seriously undervalued by the market according to analysts at Bell Potter...,The Motley Fool Australia,why this asx gold stock could more than double in value,this asx gold stock is being seriously undervalued by the market according to analysts at bell potter...
2024-08-27,GOLD,Gold Price Falls In India: Check 22 Carat Rate In Your City On August 27,"Check the latest gold price today across major cities in India. Get detailed city-wise gold rates for 22 carat and 24 carat gold in Delhi, Kolkata, Mumbai, Bangalore, Hyderabad, and more. Stay updated with current prices and market trends at news18.com",News18,gold price falls in india check 22 carat rate in your city on august 27,"check the latest gold price today across major cities in india. get detailed city-wise gold rates for 22 carat and 24 carat gold in delhi, kolkata, mumbai, bangalore, hyderabad, and more. stay updated with current prices and market trends at news18.com"
2024-08-27,GOLD,Dos and don'ts of gold investing this September,"With the price of gold continuing to rise, investors should take a strategic approach to the metal this September.",CBS News,dos and don'ts of gold investing this september,"with the price of gold continuing to rise, investors should take a strategic approach to the metal this september."
2024-08-27,GOLD,"TK Maxx shopper strikes gold with Marc Jacobs tote bag bargain, sparking rush to stores","Abi, a TikTok user, was left in disbelief after finding a Marc Jacobs tote bag in her local TK Maxx store, marked down significantly from its original price tag",Plymouth Live,"tk maxx shopper strikes gold with marc jacobs tote bag bargain, sparking rush to stores","abi, a tiktok user, was left in disbelief after finding a marc jacobs tote bag in her local tk maxx store, marked down significantly from its original price tag"
2024-08-28,GOLD,These 3 Gold Stocks May Shine In The Coming Months,Uncertainty in the market is usually good for gold and gold stocks. Investors should leverage this opportunity to buy the right gold stocks before they go bullish.,The Motley Fool Canada,these 3 gold stocks may shine in the coming months,uncertainty in the market is usually good for gold and gold stocks. investors should leverage this opportunity to buy the right gold stocks before they go bullish.
2024-08-28,GOLD,Why gold is outperforming nearly everything so far this year,"While the stock market's gains are nothing to scoff at, gold has emerged as one of the year's best performers so far.",Yahoo Canada Finance,why gold is outperforming nearly everything so far this year,"while the stock market's gains are nothing to scoff at, gold has emerged as one of the year's best performers so far."
2024-08-28,GOLD,Here's how much the price of gold has increased so far in 2024,Gold's price has been climbing rapidly since the start of the year. Here's how much the value has increased so far.,CBS News,here's how much the price of gold has increased so far in 2024,gold's price has been climbing rapidly since the start of the year. here's how much the value has increased so far.
2024-08-28,GOLD,Could This Undervalued Stock Make You a Millionaire One Day?,This gold stock has the potential to absolutely explode in share price as it continues to focus on the future.,The Motley Fool Canada,could this undervalued stock make you a millionaire one day,this gold stock has the potential to absolutely explode in share price as it continues to focus on the future.
2024-08-29,GOLD,"Gold rate in Pakistan on Aug 29 up by 2,200 to Rs261,500/tola","Gold rate in Pakistan declined by Rs2,200 to Rs261,500 per tola in the local market on Thursday (Aug 29)",BOL News,"gold rate in pakistan on aug 29 up by 2,200 to rs261,500 tola","gold rate in pakistan declined by rs2,200 to rs261,500 per tola in the local market on thursday aug 29"
2024-08-30,GOLD,"Star Wars Outlaws's Standard, Gold, and Ultimate Editions are all at major discounts for PC and Xbox",The PC and Xbox versions of Star Wars Outlaws are on sale at CDKeys. Get this new adventure at a low price.,Windows Central,"star wars outlaws's standard, gold, and ultimate editions are all at major discounts for pc and xbox",the pc and xbox versions of star wars outlaws are on sale at cdkeys. get this new adventure at a low price.
2024-08-30,GOLD,"Gold Rate in Qatar Today - 31 August, 2024","On August 31, 2024, the price of 24k gold per tola in Qatar was QAR 3,197.74. This information is regularly updated",BOL News,"gold rate in qatar today - 31 august, 2024","on august 31, 2024, the price of 24k gold per tola in qatar was qar 3,197.74. this information is regularly updated"
2024-09-01,GOLD,U.S. Elections Market Impact: What Does History Show?,"As the U.S. presidential elections approach, global financial markets brace for potential turbulence. Global broker Octa looks at the historical correlation between U.S. elections and stocks, gold, and the U.S. dollar.",Yahoo Finance,u.s. elections market impact what does history show,"as the u.s. presidential elections approach, global financial markets brace for potential turbulence. global broker octa looks at the historical correlation between u.s. elections and stocks, gold, and the u.s. dollar."
2024-09-01,GOLD,Fed rate cut: How will it impact gold prices in near term? Experts weigh in,"The precious metal has surged 22 per cent this year, with an 8 per cent increase since July. This rise has been driven by strong central bank purchases, heightened demand as a safe haven due to geopolitical tensions, and solid buying of physical bars in the over-the-counter market.",Livemint,fed rate cut how will it impact gold prices in near term experts weigh in,"the precious metal has surged 22 per cent this year, with an 8 per cent increase since july. this rise has been driven by strong central bank purchases, heightened demand as a safe haven due to geopolitical tensions, and solid buying of physical bars in the over-the-counter market."
2024-09-01,GOLD,Tourists with gold fever fossick in central Queensland as metal price climbs,"Residents in a small Queensland town say gold fever is ""deadset real"" with the prospect of striking it rich drawing thousands of people in each year.",ABC (Australian Broadcasting Corporation),tourists with gold fever fossick in central queensland as metal price climbs,residents in a small queensland town say gold fever is deadset real with the prospect of striking it rich drawing thousands of people in each year.
2024-09-01,GOLD,Gold Rate Falls In India: Check 24 Carat Price In Your City On September 1,"Check the latest gold price today across major cities in India. Get detailed city-wise gold rates for 22 carat and 24 carat gold in Delhi, Kolkata, Mumbai, Bangalore, Hyderabad, and more. Stay updated with current prices and bullion market trends.",News18,gold rate falls in india check 24 carat price in your city on september 1,"check the latest gold price today across major cities in india. get detailed city-wise gold rates for 22 carat and 24 carat gold in delhi, kolkata, mumbai, bangalore, hyderabad, and more. stay updated with current prices and bullion market trends."
2024-09-02,GOLD,"Gold Rate in Qatar Today - 3 September, 2024","On September 3, 2024, the price of 24k gold per tola in Qatar was QAR 3,197.44. This information is regularly updated by local",BOL News,"gold rate in qatar today - 3 september, 2024","on september 3, 2024, the price of 24k gold per tola in qatar was qar 3,197.44. this information is regularly updated by local"
2024-09-03,GOLD,"Investors should 'go for gold' as Fed rate cut looms, Goldman says",Goldman Sachs analysts say gold is the firm's preferred commodity as it sits near its two-week high in price.,Yahoo Finance,"investors should 'go for gold' as fed rate cut looms, goldman says",goldman sachs analysts say gold is the firm's preferred commodity as it sits near its two-week high in price.
2024-09-03,GOLD,Antec Launches ATX 3.1 Compliant GSK850 Fully Modular 850W Power Supply For Pre-Order In Japan,"Antec Launched GSK850 850 watts 80-Plus Gold rated power supply for the Japanese market for pre-order, offering ATX 3.1 compliance.",Wccftech,antec launches atx 3.1 compliant gsk850 fully modular 850w power supply for pre-order in japan,"antec launched gsk850 850 watts 80-plus gold rated power supply for the japanese market for pre-order, offering atx 3.1 compliance."
2024-09-03,GOLD,Market Caution: Investors Eye Critical Economic Data,"World stocks steadied and the dollar hit a two-week high as investors looked ahead to critical U.S. economic data, particularly the ISM manufacturing survey and jobs data. The results will inform expectations on Federal Reserve rate cuts. Oil and gold markets also saw notable movements amid economic uncertainty.",Devdiscourse,market caution investors eye critical economic data,"world stocks steadied and the dollar hit a two-week high as investors looked ahead to critical u.s. economic data, particularly the ism manufacturing survey and jobs data. the results will inform expectations on federal reserve rate cuts. oil and gold markets also saw notable movements amid economic uncertainty."
2024-09-03,GOLD,"Gold rate in Pakistan on Sept 3 down Rs1000 to Rs261,500/tola","Gold rate in Pakistan decreased by Rs. 1000 to Rs261,500 per tola in the local market on Tuesday (Sept 3)",BOL News,"gold rate in pakistan on sept 3 down rs1000 to rs261,500 tola","gold rate in pakistan decreased by rs. 1000 to rs261,500 per tola in the local market on tuesday sept 3"
2024-09-03,GOLD,Gold Rate Today Falls In India: Check 22 Carat Price In Your City On September 03,"Check the latest gold price today across major cities in India. Get detailed city-wise gold rates for 22 carat and 24 carat gold in Delhi, Kolkata, Mumbai, Bangalore, Hyderabad, and more. Stay updated with current prices and market trends at news18.com",News18,gold rate today falls in india check 22 carat price in your city on september 03,"check the latest gold price today across major cities in india. get detailed city-wise gold rates for 22 carat and 24 carat gold in delhi, kolkata, mumbai, bangalore, hyderabad, and more. stay updated with current prices and market trends at news18.com"
2024-09-03,GOLD,"Gold Price Outlook: Buy Gold for Continued Rally in 2025, Goldman Says","""Gold offers significant hedging value to portfolios against geopolitical shocks including tariffs,"" Goldman Sachs said.",Markets Insider,"gold price outlook buy gold for continued rally in 2025, goldman says","gold offers significant hedging value to portfolios against geopolitical shocks including tariffs, goldman sachs said."
2024-09-03,GOLD,How high will the price of gold climb this fall? Here's what experts say,"Gold prices have hit record highs — but is there more room to grow? There could be, according to the experts.",CBS News,how high will the price of gold climb this fall here's what experts say,"gold prices have hit record highs but is there more room to grow there could be, according to the experts."
2024-09-03,GOLD,"Gold Rate in Qatar Today - 4 September, 2024","On September 4, 2024, the price of 24k gold per tola in Qatar was QAR 3,194.57. This information is regularly updated by local gold and",BOL News,"gold rate in qatar today - 4 september, 2024","on september 4, 2024, the price of 24k gold per tola in qatar was qar 3,194.57. this information is regularly updated by local gold and"
2024-09-04,GOLD,"Gold prices up Rs2,000 per tola","KARACHI: Gold prices increased by Rs2,000 per tola on Thursday in the local market following an increase in the international market.The All Sindh Saraf Jewellers Association stated that gold rates...",The News International,"gold prices up rs2,000 per tola","karachi gold prices increased by rs2,000 per tola on thursday in the local market following an increase in the international market.the all sindh saraf jewellers association stated that gold rates..."
2024-09-04,GOLD,"Gold rate in Pakistan on Sept 4 down Rs1,400 to Rs260,100/tola","Gold rate in Pakistan further slashed by Rs. 1,400 to Rs260,100 per tola in the local market on Wednesday Sept 4",BOL News,"gold rate in pakistan on sept 4 down rs1,400 to rs260,100 tola","gold rate in pakistan further slashed by rs. 1,400 to rs260,100 per tola in the local market on wednesday sept 4"
2024-09-04,GOLD,"Gold Rate in Qatar Today - 5 September, 2024","On September 5, 2024, the price of 24k gold per tola in Qatar was QAR 3,190.22. This information is regularly updated by local gold",BOL News,"gold rate in qatar today - 5 september, 2024","on september 5, 2024, the price of 24k gold per tola in qatar was qar 3,190.22. this information is regularly updated by local gold"
2024-09-04,GOLD,Gold Price Falls In India: Check 22 Carat Rate In Your City On September 4,"Check the latest gold price today across major cities in India. Get detailed city-wise gold rates for 22 carat and 24 carat gold in Delhi, Kolkata, Mumbai, Bangalore, Hyderabad, and more. Stay updated with current prices and market trends at news18.com",News18,gold price falls in india check 22 carat rate in your city on september 4,"check the latest gold price today across major cities in india. get detailed city-wise gold rates for 22 carat and 24 carat gold in delhi, kolkata, mumbai, bangalore, hyderabad, and more. stay updated with current prices and market trends at news18.com"
2024-09-05,GOLD,Gold rises as weak U.S. jobs data sparks hope for sizable Fed rate cut,Gold futures jump as weaker dollar and cooling labor market spark expectations of big Fed rate cut. Investors cautious ahead of U.S. non-farm payrolls data.,Seeking Alpha,gold rises as weak u.s. jobs data sparks hope for sizable fed rate cut,gold futures jump as weaker dollar and cooling labor market spark expectations of big fed rate cut. investors cautious ahead of u.s. non-farm payrolls data.
2024-09-05,GOLD,Global Market Jitters: Investors Brace for Crucial U.S. Jobs Report,"MSCI's global equities index dipped as investors processed mixed economic data, with focus shifting to the U.S. jobs report set to influence Federal Reserve rate cuts. U.S. Treasury yields declined, and oil prices hovered near 14-month lows due to demand concerns. Gold prices rose, buoyed by a weakening dollar.",Devdiscourse,global market jitters investors brace for crucial u.s. jobs report,"msci's global equities index dipped as investors processed mixed economic data, with focus shifting to the u.s. jobs report set to influence federal reserve rate cuts. u.s. treasury yields declined, and oil prices hovered near 14-month lows due to demand concerns. gold prices rose, buoyed by a weakening dollar."
2024-09-05,GOLD,"Harmony Gold sinks on disappointing guidance, lower than expected dividend",Harmony Gold Mining (HMY) -5.8% pre-market Thursday despite reporting higher net profit and revenue for the fiscal year ending June 30. Read more details here.,Seeking Alpha,"harmony gold sinks on disappointing guidance, lower than expected dividend",harmony gold mining hmy -5.8% pre-market thursday despite reporting higher net profit and revenue for the fiscal year ending june 30. read more details here.
2024-09-05,GOLD,Gold Price Falls In India: Check 22 Carat Rate In Your City On September 5,"Check the latest gold price today across major cities in India. Get detailed city-wise gold rates for 22 carat and 24 carat gold in Delhi, Kolkata, Mumbai, Bangalore, Hyderabad, and more. Stay updated with current prices and market trends at news18.com",News18,gold price falls in india check 22 carat rate in your city on september 5,"check the latest gold price today across major cities in india. get detailed city-wise gold rates for 22 carat and 24 carat gold in delhi, kolkata, mumbai, bangalore, hyderabad, and more. stay updated with current prices and market trends at news18.com"
2024-09-05,GOLD,"Warhammer 40,000: Space Marine 2 editions - Standard, Gold, Ultra and Collector’s explained","Multiple versions vary hugely in price, so what are they and what do they offer?",Evening Standard,"warhammer 40,000 space marine 2 editions - standard, gold, ultra and collector s explained","multiple versions vary hugely in price, so what are they and what do they offer"
2024-09-05,GOLD,"Gold Rate in Qatar Today - 6 September, 2024","On September 6, 2024, the price of 24k gold per tola in Qatar was QAR 3,185.76. This information is regularly updated by local gold",BOL News,"gold rate in qatar today - 6 september, 2024","on september 6, 2024, the price of 24k gold per tola in qatar was qar 3,185.76. this information is regularly updated by local gold"
2024-09-05,GOLD,Chart beat: What higher gold prices mean for Titan,"A higher gold price leads to higher realisation for Titan’s flagship brand Tanishq, owing to the benefit of linking making charges to the gold price, ICICI Securities said.",Livemint,chart beat what higher gold prices mean for titan,"a higher gold price leads to higher realisation for titan s flagship brand tanishq, owing to the benefit of linking making charges to the gold price, icici securities said."
2024-09-06,GOLD,"Gold rate in Pakistan on Sept 6 up Rs1,400 to Rs263,500/tola","Gold rate in Pakistan increased by Rs. 1,400 to Rs263,500 per tola in the local market on Friday (Sept6)",BOL News,"gold rate in pakistan on sept 6 up rs1,400 to rs263,500 tola","gold rate in pakistan increased by rs. 1,400 to rs263,500 per tola in the local market on friday sept6"
2024-09-06,GOLD,Gold Price Rises In India: Check 22 Carat Rate In Your City On September 6,"Check the latest gold price today across major cities in India. Get detailed city-wise gold rates for 22 carat and 24 carat gold in Delhi, Kolkata, Mumbai, Bangalore, Hyderabad, and more. Stay updated with current prices and market trends at news18.com",News18,gold price rises in india check 22 carat rate in your city on september 6,"check the latest gold price today across major cities in india. get detailed city-wise gold rates for 22 carat and 24 carat gold in delhi, kolkata, mumbai, bangalore, hyderabad, and more. stay updated with current prices and market trends at news18.com"
2024-09-06,GOLD,"Gold Rate in Qatar Today - 7 September, 2024","On September 7, 2024, the price of 24k gold per tola in Qatar was QAR 3,189.72. This information is regularly updated by local gold",BOL News,"gold rate in qatar today - 7 september, 2024","on september 7, 2024, the price of 24k gold per tola in qatar was qar 3,189.72. this information is regularly updated by local gold"
2024-09-08,GOLD,Gold Price Rises In India: Check 22 Carat Rate In Your City On September 8,"Check the latest gold price today across major cities in India. Get detailed city-wise gold rates for 22 carat and 24 carat gold in Delhi, Kolkata, Mumbai, Bangalore, Hyderabad, and more. Stay updated with current prices and market trends at news18.com",News18,gold price rises in india check 22 carat rate in your city on september 8,"check the latest gold price today across major cities in india. get detailed city-wise gold rates for 22 carat and 24 carat gold in delhi, kolkata, mumbai, bangalore, hyderabad, and more. stay updated with current prices and market trends at news18.com"
2024-09-09,GOLD,"Gold Rate in Qatar Today - 10 September, 2024","On September 10, 2024, the price of 24k gold per tola in Qatar was QAR 3,199.88. This information is regularly updated by local gold",BOL News,"gold rate in qatar today - 10 september, 2024","on september 10, 2024, the price of 24k gold per tola in qatar was qar 3,199.88. this information is regularly updated by local gold"
2024-09-09,GOLD,Central banks are betting big on gold. Here's how to profit from the trend,"Central banks, particularly in Eastern Europe and Asia, are aggressively purchasing gold, creating a defensive buffer for their economies against currency instability..As pro-cyclicality approaches, market volatility will intensify, and gold will become a crucial safe haven.",Livemint,central banks are betting big on gold. here's how to profit from the trend,"central banks, particularly in eastern europe and asia, are aggressively purchasing gold, creating a defensive buffer for their economies against currency instability..as pro-cyclicality approaches, market volatility will intensify, and gold will become a crucial safe haven."
2024-09-09,GOLD,"Honda CG 125 Gold model 2025 price, features and installment plan","The Honda CG 125 Gold is a special edition of the iconic Honda CG 125 motorcycle, designed for those who appreciate",BOL News,"honda cg 125 gold model 2025 price, features and installment plan","the honda cg 125 gold is a special edition of the iconic honda cg 125 motorcycle, designed for those who appreciate"
2024-09-09,GOLD,"Gold rate in Pakistan on Sept 9 up Rs1,000 to Rs260,400/tola","Gold rate in Pakistan increased by Rs. 1,100 to Rs260,400 per tola in the local market on Monday Sept 9",BOL News,"gold rate in pakistan on sept 9 up rs1,000 to rs260,400 tola","gold rate in pakistan increased by rs. 1,100 to rs260,400 per tola in the local market on monday sept 9"
2024-09-10,GOLD,"Gold rate in Pakistan on Sept 10 up Rs1,300 to Rs261,700/tola","Gold rate in Pakistan further increased by Rs. 1,300 to Rs261,700 per tola in the local market on Tuesday Sept 10",BOL News,"gold rate in pakistan on sept 10 up rs1,300 to rs261,700 tola","gold rate in pakistan further increased by rs. 1,300 to rs261,700 per tola in the local market on tuesday sept 10"
2024-09-10,GOLD,"Gold Rate in Qatar Today - 11 September, 2024","On September 11, 2024, the price of 24k gold per tola in Qatar was QAR 3,195.57. This information is regularly updated by local gold",BOL News,"gold rate in qatar today - 11 september, 2024","on september 11, 2024, the price of 24k gold per tola in qatar was qar 3,195.57. this information is regularly updated by local gold"
2024-09-10,GOLD,Gold Rate Falls In India: Check 22 Carat Price In Your City On September 10,"Check the latest gold price today across major cities in India. Get detailed city-wise gold rates for 22 carat and 24 carat gold in Delhi, Kolkata, Mumbai, Bangalore, Hyderabad, and more. Stay updated with current prices and market trends at news18.com",News18,gold rate falls in india check 22 carat price in your city on september 10,"check the latest gold price today across major cities in india. get detailed city-wise gold rates for 22 carat and 24 carat gold in delhi, kolkata, mumbai, bangalore, hyderabad, and more. stay updated with current prices and market trends at news18.com"
2024-09-10,GOLD,Gold Rate in Pakistan Today - 11 September 2024,"As of today, the price of 24-karat gold in Pakistan is PKR 220,723 per tola, while 22-karat gold is priced at PKR 208,105 per 10 grams",BOL News,gold rate in pakistan today - 11 september 2024,"as of today, the price of 24-karat gold in pakistan is pkr 220,723 per tola, while 22-karat gold is priced at pkr 208,105 per 10 grams"
2024-09-10,GOLD,Blockbuster £1.9 billion gold mining bid tarnishes London's precious metals crown,Recommended bid from AngloGold Ashanti for Centamin would leave stock market with just one major precious metals miner,Evening Standard,blockbuster 1.9 billion gold mining bid tarnishes london's precious metals crown,recommended bid from anglogold ashanti for centamin would leave stock market with just one major precious metals miner
2024-09-11,GOLD,Gold Rate Falls In India: Check 22 Carat Price In Your City On September 11,"Check the latest gold price today across major cities in India. Get detailed city-wise gold rates for 22 carat and 24 carat gold in Delhi, Kolkata, Mumbai, Bangalore, Hyderabad, and more. Stay updated with current prices and market trends at news18.com",News18,gold rate falls in india check 22 carat price in your city on september 11,"check the latest gold price today across major cities in india. get detailed city-wise gold rates for 22 carat and 24 carat gold in delhi, kolkata, mumbai, bangalore, hyderabad, and more. stay updated with current prices and market trends at news18.com"
2024-09-11,GOLD,"Gold Rate in Qatar Today - 12 September, 2024","On September 12, 2024, the price of 24k gold per tola in Qatar was QAR 3,199.76. This information is regularly updated by local gold",BOL News,"gold rate in qatar today - 12 september, 2024","on september 12, 2024, the price of 24k gold per tola in qatar was qar 3,199.76. this information is regularly updated by local gold"
2024-09-11,GOLD,"Gold rate in Pakistan on Sept 11 up Rs2,300 to Rs264,000/tola","Gold rate in Pakistan further increased by Rs. 2,300 to Rs264,000 per tola in the local market on Wednesday Sept 11",BOL News,"gold rate in pakistan on sept 11 up rs2,300 to rs264,000 tola","gold rate in pakistan further increased by rs. 2,300 to rs264,000 per tola in the local market on wednesday sept 11"
2024-09-11,GOLD,What to know before investing in gold this fall,There are a few key factors that investors may want to consider before diving into the gold market this fall.,CBS News,what to know before investing in gold this fall,there are a few key factors that investors may want to consider before diving into the gold market this fall.
2024-09-12,GOLD,"Market Turbulence: Mixed U.S. Stock Indices, ECB Rate Cut, and Hurricane Francine Impacts","Major U.S. stock indices exhibited mixed performance following a European Central Bank rate cut. Oil prices surged due to Hurricane Francine's impact on U.S. output. The ECB announced a rate cut citing slow growth and inflation, while U.S. data suggested potential Federal Reserve rate cuts. The dollar slid, and oil and gold saw significant gains.",Devdiscourse,"market turbulence mixed u.s. stock indices, ecb rate cut, and hurricane francine impacts","major u.s. stock indices exhibited mixed performance following a european central bank rate cut. oil prices surged due to hurricane francine's impact on u.s. output. the ecb announced a rate cut citing slow growth and inflation, while u.s. data suggested potential federal reserve rate cuts. the dollar slid, and oil and gold saw significant gains."
2024-09-12,GOLD,Gold Rate Rises In India: Check 22 Carat Price In Your City On September 12,"Check the latest gold price today across major cities in India. Get detailed city-wise gold rates for 22 carat and 24 carat gold in Delhi, Kolkata, Mumbai, Bangalore, Hyderabad, and more. Stay updated with current prices and market trends at news18.com",News18,gold rate rises in india check 22 carat price in your city on september 12,"check the latest gold price today across major cities in india. get detailed city-wise gold rates for 22 carat and 24 carat gold in delhi, kolkata, mumbai, bangalore, hyderabad, and more. stay updated with current prices and market trends at news18.com"
2024-09-12,GOLD,Gold Rate in Pakistan Today - 13 September 2024,"Price of 24 karat gold in Pakistan is PKR 265,400, per tola, while 22 karat gold is priced at PKR 208,577 per 10 grams on 13 September, 2024.",BOL News,gold rate in pakistan today - 13 september 2024,"price of 24 karat gold in pakistan is pkr 265,400, per tola, while 22 karat gold is priced at pkr 208,577 per 10 grams on 13 september, 2024."
2024-09-12,GOLD,"Gold rate in Pakistan on Sept 12 down 1,000 to Rs263,000/tola","Gold rate in Pakistan further decreased by Rs. 1,000 to Rs263,000 per tola in the local market on Thursday Sept 12",BOL News,"gold rate in pakistan on sept 12 down 1,000 to rs263,000 tola","gold rate in pakistan further decreased by rs. 1,000 to rs263,000 per tola in the local market on thursday sept 12"
2024-09-12,GOLD,Will gold's price drop as inflation cools? Experts weigh in,Where gold prices head next could surprise you — especially now that inflation is cooling. Here's why.,CBS News,will gold's price drop as inflation cools experts weigh in,where gold prices head next could surprise you especially now that inflation is cooling. here's why.
2024-09-12,GOLD,"Gold Prices Decline Rs 250, Silver Surges Rs 2,000 Per Kg To Hit 87,000-level",Know gold and silver price today in india,News18,"gold prices decline rs 250, silver surges rs 2,000 per kg to hit 87,000-level",know gold and silver price today in india
2024-09-13,GOLD,ASX 200 gold stocks dazzling shareholders as gold price leaps to new all-time highs,S&P/ASX 200 Index (ASX: XJO) gold stocks are smashing the benchmark on Friday as gold soars to new records. Here’s what you need to know.,The Motley Fool Australia,asx 200 gold stocks dazzling shareholders as gold price leaps to new all-time highs,s p asx 200 index asx xjo gold stocks are smashing the benchmark on friday as gold soars to new records. here s what you need to know.
2024-09-14,GOLD,Gold Rate Today Rises In India: Check 22 Carat Price In Your City On September 14,"Check the latest gold price today across major cities in India. Get detailed city-wise gold rates for 22 carat and 24 carat gold in Delhi, Kolkata, Mumbai, Bangalore, Hyderabad, and more. Stay updated with current prices and market trends at news18.com",News18,gold rate today rises in india check 22 carat price in your city on september 14,"check the latest gold price today across major cities in india. get detailed city-wise gold rates for 22 carat and 24 carat gold in delhi, kolkata, mumbai, bangalore, hyderabad, and more. stay updated with current prices and market trends at news18.com"
2024-09-16,GOLD,Gold Rate Today In India: Check Latest Price In Your City On September 16,"Check the latest gold price today across major cities in India. Get detailed city-wise gold rates for 22 carat and 24 carat gold in Delhi, Kolkata, Mumbai, Bangalore, Hyderabad, and more. Stay updated with current prices and market trends at news18.com",News18,gold rate today in india check latest price in your city on september 16,"check the latest gold price today across major cities in india. get detailed city-wise gold rates for 22 carat and 24 carat gold in delhi, kolkata, mumbai, bangalore, hyderabad, and more. stay updated with current prices and market trends at news18.com"
2024-09-16,GOLD,Gold prices surge to a new record: Why investors are buying in,Gold's price just keeps climbing. Here's why so many investors are adding this precious metal to their portfolios now.,CBS News,gold prices surge to a new record why investors are buying in,gold's price just keeps climbing. here's why so many investors are adding this precious metal to their portfolios now.
2024-09-16,GOLD,"Gold Rate in Qatar Today - 17 September, 2024","On September 17, 2024, the price of 24k gold per tola in Qatar was QAR 3,193.89. This information is regularly updated by local gold",BOL News,"gold rate in qatar today - 17 september, 2024","on september 17, 2024, the price of 24k gold per tola in qatar was qar 3,193.89. this information is regularly updated by local gold"
2024-09-16,GOLD,Gold Rate in Pakistan Today - 17 September 2024,"Price of 24 karat gold in Pakistan is PKR 266,000, per tola, while 22 karat gold is priced at PKR 209,048 per 10 grams on 17 September, 2024.",BOL News,gold rate in pakistan today - 17 september 2024,"price of 24 karat gold in pakistan is pkr 266,000, per tola, while 22 karat gold is priced at pkr 209,048 per 10 grams on 17 september, 2024."
2024-09-16,GOLD,Hunting for value in gold stocks as bullion hits record highs,"Are interest rates, the price of gold and gold stocks in sync?",The Globe and Mail,hunting for value in gold stocks as bullion hits record highs,"are interest rates, the price of gold and gold stocks in sync"
2024-09-17,GOLD,SME IPOs: The new gold rush or a fool's gold?,"The rapid rise of SME IPOs has captured investor attention, with record-breaking numbers flooding the market. But as concerns over market manipulation and sustainability grow, the question remains: Is this the next big opportunity, or are investors rushing into fool’s gold?",Livemint,sme ipos the new gold rush or a fool's gold,"the rapid rise of sme ipos has captured investor attention, with record-breaking numbers flooding the market. but as concerns over market manipulation and sustainability grow, the question remains is this the next big opportunity, or are investors rushing into fool s gold"
2024-09-17,GOLD,What the gold rally says about market uncertainty,"Gold prices reached all-time highs last month despite declining inflation and strong equities. Somewhere, the contrarian surge indicates the underlying market uncertainty and investor anxiety.",Livemint,what the gold rally says about market uncertainty,"gold prices reached all-time highs last month despite declining inflation and strong equities. somewhere, the contrarian surge indicates the underlying market uncertainty and investor anxiety."
2024-09-17,GOLD,Gold Rate Rises In India: Check 22 Carat Price In Your City On September 17,Gold Rate Today: Check latest gold prices across various cities in India today.,News18,gold rate rises in india check 22 carat price in your city on september 17,gold rate today check latest gold prices across various cities in india today.
2024-09-17,GOLD,India's Gold Imports Soar Amid Festive Season Demand; Jewellery Exports Decline,"India's gold imports jumped to USD 22.70 billion from April to August 2024, driven by festive demand and reduced import duties. Conversely, gems and jewellery exports fell to USD 11.10 billion. Increased gold buying by central banks and a surge in semi-urban market purchases highlight shifting trends.",Devdiscourse,india's gold imports soar amid festive season demand jewellery exports decline,"india's gold imports jumped to usd 22.70 billion from april to august 2024, driven by festive demand and reduced import duties. conversely, gems and jewellery exports fell to usd 11.10 billion. increased gold buying by central banks and a surge in semi-urban market purchases highlight shifting trends."
2024-09-18,GOLD,"Current price of gold as of Nov. 15, 2024",Trends in gold prices could indicate whether the asset can protect against inflation. Here’s a look at how the precious metal is doing today.,Fortune,"current price of gold as of nov. 15, 2024",trends in gold prices could indicate whether the asset can protect against inflation. here s a look at how the precious metal is doing today.
2024-09-18,GOLD,Core Lithium share price jump 10% on gold and lithium results,The Core Lithium Ltd (ASX: CXO) share price is jumping on Wednesday. What is getting investors excited? Let's find out...,The Motley Fool Australia,core lithium share price jump 10% on gold and lithium results,the core lithium ltd asx cxo share price is jumping on wednesday. what is getting investors excited let's find out...
2024-09-18,GOLD,"Current price of gold: Nov. 18, 2024",Trends in gold prices could indicate whether the asset can protect against inflation. Here’s a look at how the precious metal is doing today.,Fortune,"current price of gold nov. 18, 2024",trends in gold prices could indicate whether the asset can protect against inflation. here s a look at how the precious metal is doing today.
2024-09-18,GOLD,"Current price of gold: Oct. 31, 2024",Trends in gold prices could indicate whether the asset can protect against inflation. Here’s a look at how the precious metal is doing today.,Fortune,"current price of gold oct. 31, 2024",trends in gold prices could indicate whether the asset can protect against inflation. here s a look at how the precious metal is doing today.
2024-09-18,GOLD,"Current price of gold: Nov. 20, 2024",Trends in gold prices could indicate whether the asset can protect against inflation. Here’s a look at how the precious metal is doing today.,Fortune,"current price of gold nov. 20, 2024",trends in gold prices could indicate whether the asset can protect against inflation. here s a look at how the precious metal is doing today.
2024-09-18,GOLD,"Current price of gold: Nov. 21, 2024",Trends in gold prices could indicate whether the asset can protect against inflation. Here’s a look at how the precious metal is doing today.,Fortune,"current price of gold nov. 21, 2024",trends in gold prices could indicate whether the asset can protect against inflation. here s a look at how the precious metal is doing today.
2024-09-18,GOLD,"Current price of gold as of Nov. 22, 2024",Trends in gold prices could indicate whether the asset can protect against inflation. Here’s a look at how the precious metal is doing today.,Fortune,"current price of gold as of nov. 22, 2024",trends in gold prices could indicate whether the asset can protect against inflation. here s a look at how the precious metal is doing today.
2024-09-19,GOLD,Can the record gold price keep going higher?,"Gold has smashed a new record at US$2,591.6 per ounce. Here are Westpac's forecasts through til the September quarter of 2028.",The Motley Fool Australia,can the record gold price keep going higher,"gold has smashed a new record at us$2,591.6 per ounce. here are westpac's forecasts through til the september quarter of 2028."
2024-09-19,GOLD,"US Fed Cuts Rate, Will It Open Door for Higher Gold Prices in India?","Increased demand for gold can push up its price globally, including in India.",News18,"us fed cuts rate, will it open door for higher gold prices in india","increased demand for gold can push up its price globally, including in india."
2024-09-20,GOLD,"Gold rate in Pakistan on Sept 20 up by Rs3,500 to Rs272,000/tola","Gold rate in Pakistan further increased by Rs. 3,500 to Rs272,000 per tola in the local market on Friday Sept 20",BOL News,"gold rate in pakistan on sept 20 up by rs3,500 to rs272,000 tola","gold rate in pakistan further increased by rs. 3,500 to rs272,000 per tola in the local market on friday sept 20"
2024-09-20,GOLD,"Gold Rate in Qatar Today - 21 September, 2024","On September 21, 2024, the price of 24k gold per tola in Qatar was QAR 3,196.14. This information is regularly updated by local gold",BOL News,"gold rate in qatar today - 21 september, 2024","on september 21, 2024, the price of 24k gold per tola in qatar was qar 3,196.14. this information is regularly updated by local gold"
2024-09-22,GOLD,"Gold Rate in Qatar Today - 23 September, 2024","On September 23, 2024, the price of 24k gold per tola in Qatar was QAR 3,188.58. This information is regularly updated by local",BOL News,"gold rate in qatar today - 23 september, 2024","on september 23, 2024, the price of 24k gold per tola in qatar was qar 3,188.58. this information is regularly updated by local"
2024-09-22,GOLD,Gold Rate Rises In India: Check 22 Carat Price In Your City On September 22,Gold Rate Today: Check latest gold prices across various cities in India today.,News18,gold rate rises in india check 22 carat price in your city on september 22,gold rate today check latest gold prices across various cities in india today.
2024-09-22,GOLD,Gold Rate in Pakistan Today - 23 September 2024,"Price of 24 karat gold in Pakistan is PKR 268,500, per tola, while 22 karat gold is priced at PKR 211,013 per 10 grams on 23 September, 2024.",BOL News,gold rate in pakistan today - 23 september 2024,"price of 24 karat gold in pakistan is pkr 268,500, per tola, while 22 karat gold is priced at pkr 211,013 per 10 grams on 23 september, 2024."
2024-09-23,GOLD,Gold Rate Falls In India: Check 22 Carat Price In Your City On September 23,Gold Rate Today: Check latest gold prices across various cities in India today.,News18,gold rate falls in india check 22 carat price in your city on september 23,gold rate today check latest gold prices across various cities in india today.
2024-09-23,GOLD,Gold prices drop in Pakistan,"Today, the price of gold in the country has recorded a decrease of 600 rupees per tola. According to details, the fluctuations in gold prices",BOL News,gold prices drop in pakistan,"today, the price of gold in the country has recorded a decrease of 600 rupees per tola. according to details, the fluctuations in gold prices"
2024-09-23,GOLD,"Gold's price surges past $2,600. Here's why you should invest now.",The price of gold is continuing its upward trajectory — and there are a few reasons to consider buying in now.,CBS News,"gold's price surges past $2,600. here's why you should invest now.",the price of gold is continuing its upward trajectory and there are a few reasons to consider buying in now.
2024-09-23,GOLD,"Future Of Gold Loan In India, Here's Why Many People Are Unlocking Value from Gold",The rise of gold loans reflects a broader trend toward secured lending in response to changing market dynamics.,News18,"future of gold loan in india, here's why many people are unlocking value from gold",the rise of gold loans reflects a broader trend toward secured lending in response to changing market dynamics.
2024-09-24,GOLD,Gold Rate Rises In India: Check 22 Carat Price In Your City On September 24,Gold Rate Today: Check latest gold prices across various cities in India today.,News18,gold rate rises in india check 22 carat price in your city on september 24,gold rate today check latest gold prices across various cities in india today.
2024-09-24,GOLD,Gold's price is still climbing: 3 gold options to consider now,Some gold investments may be more advantageous than others in today's unusual gold market climate.,CBS News,gold's price is still climbing 3 gold options to consider now,some gold investments may be more advantageous than others in today's unusual gold market climate.
2024-09-24,GOLD,"Current price of gold: Sept. 25, 2024",Trends in gold prices could indicate whether the asset can protect against inflation. Here’s a look at how the precious metal is doing today.,Fortune,"current price of gold sept. 25, 2024",trends in gold prices could indicate whether the asset can protect against inflation. here s a look at how the precious metal is doing today.
2024-09-25,GOLD,Global Markets Wobble Amid Fed Rate Cut Anticipations and Oil Price Fluctuations,"Global stock indexes eased, U.S. Treasury yields rose, and energy shares declined as the Federal Reserve's interest rate cuts were anticipated. China’s central bank stimulus impacted the yuan. Key U.S. economic data influenced market movements, while oil and gold prices reflected broader economic sentiments.",Devdiscourse,global markets wobble amid fed rate cut anticipations and oil price fluctuations,"global stock indexes eased, u.s. treasury yields rose, and energy shares declined as the federal reserve's interest rate cuts were anticipated. china s central bank stimulus impacted the yuan. key u.s. economic data influenced market movements, while oil and gold prices reflected broader economic sentiments."
2024-09-25,GOLD,The price of gold keeps climbing to unprecedented heights. Here's why,"The rush for gold just keeps coming. Gold hit another all time high this week. The New York spot price of gold closed Tuesday at just over $2,657 per Troy ounce — the standard for measuring precious metals.",The Associated Press,the price of gold keeps climbing to unprecedented heights. here's why,"the rush for gold just keeps coming. gold hit another all time high this week. the new york spot price of gold closed tuesday at just over $2,657 per troy ounce the standard for measuring precious metals."
2024-09-25,GOLD,Is gold too expensive to invest in now?,The price of gold has surged so far in 2024. But is it too expensive to invest in now? Here's what to consider.,CBS News,is gold too expensive to invest in now,the price of gold has surged so far in 2024. but is it too expensive to invest in now here's what to consider.
2024-09-25,GOLD,The price of gold keeps climbing to unprecedented heights. Here’s why,"If trends continue, analysts have bullish outlooks on the price of gold for the months ahead",The Globe and Mail,the price of gold keeps climbing to unprecedented heights. here s why,"if trends continue, analysts have bullish outlooks on the price of gold for the months ahead"
2024-09-25,GOLD,"Gold rate in Pakistan on Sept 25 up by Rs2,500 to Rs275,500/tola","The price of gold in Pakistan has reached a new record high today, with an increase of Rs 2,500 per tola. According to the All Pakistan",BOL News,"gold rate in pakistan on sept 25 up by rs2,500 to rs275,500 tola","the price of gold in pakistan has reached a new record high today, with an increase of rs 2,500 per tola. according to the all pakistan"
2024-09-25,GOLD,"Current price of gold: Sept. 26, 2024",Trends in gold prices could indicate whether the asset can protect against inflation. Here’s a look at how the precious metal is doing today.,Fortune,"current price of gold sept. 26, 2024",trends in gold prices could indicate whether the asset can protect against inflation. here s a look at how the precious metal is doing today.
2024-09-25,GOLD,Gold Price Today: Check 22 Carat Rate In Your City On September 25,Gold Rate Today: Check latest gold prices across various cities in India today.,News18,gold price today check 22 carat rate in your city on september 25,gold rate today check latest gold prices across various cities in india today.
2024-09-25,GOLD,World's most expensive bag unveiled at Paris Fashion Week with eye-watering price tag,"Rabanne debuted what has been hailed as the world's ""most expensive bag,"" made from over 100 18-karat gold medallions, at Paris Fashion Week on Wednesday.",New York Post,world's most expensive bag unveiled at paris fashion week with eye-watering price tag,"rabanne debuted what has been hailed as the world's most expensive bag, made from over 100 18-karat gold medallions, at paris fashion week on wednesday."
2024-09-26,GOLD,Gold Play: What explains the record high in gold prices in India?,"Gold prices are at an all-time high. The rate of the precious metal reached Rs 76,000 per 10 grammes in India on Wednesday. Overseas, spot gold climbed to $2,662 (Rs 222,752.17) per ounce. But what’s driving up the price?",Firstpost,gold play what explains the record high in gold prices in india,"gold prices are at an all-time high. the rate of the precious metal reached rs 76,000 per 10 grammes in india on wednesday. overseas, spot gold climbed to $2,662 rs 222,752.17 per ounce. but what s driving up the price"
2024-09-26,GOLD,"Current price of gold as of Sept. 27, 2024",Trends in gold prices could indicate whether the asset can protect against inflation. Here’s a look at how the precious metal is doing today.,Fortune,"current price of gold as of sept. 27, 2024",trends in gold prices could indicate whether the asset can protect against inflation. here s a look at how the precious metal is doing today.
2024-09-26,GOLD,Gold Price Rises In India: Check 22 Carat Rate In Your City On September 26,Gold Rate Today: Check latest gold prices across various cities in India today.,News18,gold price rises in india check 22 carat rate in your city on september 26,gold rate today check latest gold prices across various cities in india today.
2024-09-26,GOLD,Gold's tremendous rally is making even long-term bulls a bit nervous,"While the stock market making new highs (another one Thursday) grabs headlines, gold has been an even better investment this year. But some are worried.",CNBC,gold's tremendous rally is making even long-term bulls a bit nervous,"while the stock market making new highs another one thursday grabs headlines, gold has been an even better investment this year. but some are worried."
2024-09-27,GOLD,Gold Price Rises In India: Check 24 Carat Rate In Your City On September 27,"Check the latest gold price today across major cities in India. Get detailed city-wise gold rates for 22-carat and 24-carat gold in Delhi, Kolkata, Mumbai, Bangalore, Hyderabad, and more. Stay updated with current prices and market trends at news18.com.",News18,gold price rises in india check 24 carat rate in your city on september 27,"check the latest gold price today across major cities in india. get detailed city-wise gold rates for 22-carat and 24-carat gold in delhi, kolkata, mumbai, bangalore, hyderabad, and more. stay updated with current prices and market trends at news18.com."
2024-09-27,GOLD,How to capitalize on gold's record price surge,The price of gold has broken numerous price records already this year. Here's how to capitalize on that growth now.,CBS News,how to capitalize on gold's record price surge,the price of gold has broken numerous price records already this year. here's how to capitalize on that growth now.
2024-09-27,GOLD,"Realme’s Note 60 Hits the Market with 24-Month Warranty at PKR 26,999","Realme has officially launched the Note 60 in Pakistan, continuing its trend of innovation. Endorsed by Olympic gold medalist Arshad Nadeem",BOL News,"realme s note 60 hits the market with 24-month warranty at pkr 26,999","realme has officially launched the note 60 in pakistan, continuing its trend of innovation. endorsed by olympic gold medalist arshad nadeem"
2024-09-27,GOLD,"Gold rate in Pakistan on Sept 27 down by Rs300 to Rs276,700/tola","The gold rate in Pakistan further decreased by Rs. 300 to Rs276,700 per tola in the local market on Friday (Sept 27).",BOL News,"gold rate in pakistan on sept 27 down by rs300 to rs276,700 tola","the gold rate in pakistan further decreased by rs. 300 to rs276,700 per tola in the local market on friday sept 27 ."
2024-09-28,GOLD,"Gold rate in Pakistan on Sept 28 down by Rs700 to Rs276,000/tola","The price of 24 karat gold per tola dropped by Rs.700 on Saturday, settling at Rs.276,000, down from Rs.276,700 on the previous trading day",BOL News,"gold rate in pakistan on sept 28 down by rs700 to rs276,000 tola","the price of 24 karat gold per tola dropped by rs.700 on saturday, settling at rs.276,000, down from rs.276,700 on the previous trading day"
2024-09-28,GOLD,Gold Rate Today Rises In India: Check 22 Carat Price In Your City On September 28,Gold Rate Today: Check latest gold prices across various cities in India today.,News18,gold rate today rises in india check 22 carat price in your city on september 28,gold rate today check latest gold prices across various cities in india today.
2024-09-30,GOLD,Here's the gold price forecast for October 2024,"Experts see gold's price soaring in October, but market uncertainties could spark fluctuations. Here's what to know.",CBS News,here's the gold price forecast for october 2024,"experts see gold's price soaring in october, but market uncertainties could spark fluctuations. here's what to know."
2024-09-30,GOLD,"Goldman Sachs raises gold price forecast to US$2,900/oz for early 2025","Bank cites gradually rising ETF flows with interest rate cuts in the West and China, and higher central bank purchases",The Globe and Mail,"goldman sachs raises gold price forecast to us$2,900 oz for early 2025","bank cites gradually rising etf flows with interest rate cuts in the west and china, and higher central bank purchases"
2024-09-30,GOLD,"Current price of gold: Oct. 1, 2024",Trends in gold prices could indicate whether the asset can protect against inflation. Here’s a look at how the precious metal is doing today.,Fortune,"current price of gold oct. 1, 2024",trends in gold prices could indicate whether the asset can protect against inflation. here s a look at how the precious metal is doing today.
2024-09-30,GOLD,"Gold rate in Pakistan on Sept 30 down by Rs500 to Rs275,500/tola","The gold rate in Pakistan further decreased by Rs 500 to Rs275,500 per tola in the local market on Monday (Sept 30).",BOL News,"gold rate in pakistan on sept 30 down by rs500 to rs275,500 tola","the gold rate in pakistan further decreased by rs 500 to rs275,500 per tola in the local market on monday sept 30 ."
2024-09-30,GOLD,Diamond retailers hope festive quarter will bring cheer,"India's diamond market is witnessing price reductions, especially for larger stones, despite high gold prices. While natural diamonds remain favored, lab-grown options are emerging. Retailers hope for increased sales during the festive season, despite economic uncertainties.",Livemint,diamond retailers hope festive quarter will bring cheer,"india's diamond market is witnessing price reductions, especially for larger stones, despite high gold prices. while natural diamonds remain favored, lab-grown options are emerging. retailers hope for increased sales during the festive season, despite economic uncertainties."
2024-10-01,GOLD,Middle East mayhem mauls Wall Street & global stock markets but pushes oil price high,"After Iran launched around 180 missiles at Israel and worsened fears of a region-wide conflict, Wall Street's main indices sank. Stocks in Europe reacted similarly. However, gold and oil prices shot up",Firstpost,middle east mayhem mauls wall street global stock markets but pushes oil price high,"after iran launched around 180 missiles at israel and worsened fears of a region-wide conflict, wall street's main indices sank. stocks in europe reacted similarly. however, gold and oil prices shot up"
2024-10-01,GOLD,Goldman says gold prices will go even higher,"Yahoo Finance’s Julie Hyman joins Josh Lipton on Asking for a Trend to take a look at gold (GC=F) after Goldman Sachs analysts lifted their price target for the precious metal. For more expert insight and the latest market action, click here to watch this full episode of Asking for a Trend. This post was written by Naomi Buchanan.",Yahoo Canada Finance,goldman says gold prices will go even higher,"yahoo finance s julie hyman joins josh lipton on asking for a trend to take a look at gold gc f after goldman sachs analysts lifted their price target for the precious metal. for more expert insight and the latest market action, click here to watch this full episode of asking for a trend. this post was written by naomi buchanan."
2024-10-01,GOLD,"Gold rate in Pakistan on Oct 1 down by Rs600 to Rs274,900/tola","Today, the price of gold in the country saw a decrease of Rs 600 per tola. According to the All Pakistan Jewelers Manufacturers",BOL News,"gold rate in pakistan on oct 1 down by rs600 to rs274,900 tola","today, the price of gold in the country saw a decrease of rs 600 per tola. according to the all pakistan jewelers manufacturers"
2024-10-01,GOLD,Gold Rate Falls In India: Check 22 Carat Price In Your City On October 01,Check latest gold prices across various cities in India today. Know 22 carat and 24 carat gold rates.,News18,gold rate falls in india check 22 carat price in your city on october 01,check latest gold prices across various cities in india today. know 22 carat and 24 carat gold rates.
2024-10-01,GOLD,5 ASX 200 mining stocks to buy on Goldman Sachs' new gold price forecast,"These S&P/ASX 200 Index (ASX: XJO) mining stocks could fly higher into 2025, according to Goldman Sachs’ latest gold price forecast.",The Motley Fool Australia,5 asx 200 mining stocks to buy on goldman sachs' new gold price forecast,"these s p asx 200 index asx xjo mining stocks could fly higher into 2025, according to goldman sachs latest gold price forecast."
2024-10-02,GOLD,Costco adds platinum bars to its precious metals lineup,Costco continues to chip away at the gold mine that is the precious metals market.,NBC News,costco adds platinum bars to its precious metals lineup,costco continues to chip away at the gold mine that is the precious metals market.
2024-10-02,GOLD,Investor Caution Amid Middle East Tensions: Oil Prices Surge,"Iran's recent attack on Israel has heightened geopolitical tensions, causing oil prices to surge and investors to seek safe havens such as gold, bonds, and the Swiss franc. Market responses remain cautious as they await Israel's reaction. Further conflict could impact global energy prices and complicate central bank policies.",Devdiscourse,investor caution amid middle east tensions oil prices surge,"iran's recent attack on israel has heightened geopolitical tensions, causing oil prices to surge and investors to seek safe havens such as gold, bonds, and the swiss franc. market responses remain cautious as they await israel's reaction. further conflict could impact global energy prices and complicate central bank policies."
2024-10-02,GOLD,Does gold investing make sense with the price high? Here's what experts say.,"With the right strategies, experts say gold investing could be wise even at record highs. Here's what to know now.",CBS News,does gold investing make sense with the price high here's what experts say.,"with the right strategies, experts say gold investing could be wise even at record highs. here's what to know now."
2024-10-02,GOLD,"Current price of gold: Oct. 3, 2024",Trends in gold prices could indicate whether the asset can protect against inflation. Here’s a look at how the precious metal is doing today.,Fortune,"current price of gold oct. 3, 2024",trends in gold prices could indicate whether the asset can protect against inflation. here s a look at how the precious metal is doing today.
2024-10-02,GOLD,"Gold rate in Pakistan on Oct 2 up by Rs600 to Rs275,500/tola","The price of gold in Pakistan saw a rise of Rs. 600 per tola today. According to the All Pakistan Jewellers Manufacturers Association, the new",BOL News,"gold rate in pakistan on oct 2 up by rs600 to rs275,500 tola","the price of gold in pakistan saw a rise of rs. 600 per tola today. according to the all pakistan jewellers manufacturers association, the new"
2024-10-02,GOLD,Geopolitical Tensions Roil Asian Markets Amid U.S. Dollar Surge,"Asian stocks tumbled on Wednesday, mirroring Wall Street declines, fueled by Iran's missile strike on Israel, sparking fears of broader conflict. Investors shifted to safer assets, with U.S. Treasury yields dropping and gold prices near all-time highs. The U.S. dollar remained strong amid resilient job market data and Eurozone inflation trends.",Devdiscourse,geopolitical tensions roil asian markets amid u.s. dollar surge,"asian stocks tumbled on wednesday, mirroring wall street declines, fueled by iran's missile strike on israel, sparking fears of broader conflict. investors shifted to safer assets, with u.s. treasury yields dropping and gold prices near all-time highs. the u.s. dollar remained strong amid resilient job market data and eurozone inflation trends."
2024-10-02,GOLD,"Gold Price Outlook: Metal to Rise 9% to Record Highs in 2025, Goldman Says","Central banks have been buying 15% of global annual gold production, and those buying trends should continue, Goldman Sachs said.",Markets Insider,"gold price outlook metal to rise 9% to record highs in 2025, goldman says","central banks have been buying 15% of global annual gold production, and those buying trends should continue, goldman sachs said."
2024-10-03,GOLD,"Costco is now selling platinum bars. Here's what to know, from price to availability.","Costco has added platinum bars to its lineup, after the retailer's gold bars were a hit with customers.",CBS News,"costco is now selling platinum bars. here's what to know, from price to availability.","costco has added platinum bars to its lineup, after the retailer's gold bars were a hit with customers."
2024-10-03,GOLD,"Current price of gold as of Oct. 4, 2024",Trends in gold prices could indicate whether the asset can protect against inflation. Here’s a look at how the precious metal is doing today.,Fortune,"current price of gold as of oct. 4, 2024",trends in gold prices could indicate whether the asset can protect against inflation. here s a look at how the precious metal is doing today.
2024-10-03,GOLD,Gold Rate Rises In India: Check 22 Carat Price In Your City On October 03,Check latest gold prices across various cities in India today. Know 22 carat and 24 carat gold rates.,News18,gold rate rises in india check 22 carat price in your city on october 03,check latest gold prices across various cities in india today. know 22 carat and 24 carat gold rates.
2024-10-03,GOLD,"Gold rate in Pakistan on Oct 3 down by Rs1,100 to Rs274,400/tola","KARACHI: The gold rate in Pakistan further decreased by Rs. 1,100 to Rs274,400 per tola in the local market on Thursday (Oct 3).",BOL News,"gold rate in pakistan on oct 3 down by rs1,100 to rs274,400 tola","karachi the gold rate in pakistan further decreased by rs. 1,100 to rs274,400 per tola in the local market on thursday oct 3 ."
2024-10-03,GOLD,Google taps India's love for gold to boost its credit play,Google is leveraging India's deep-rooted affinity for gold to expand its reach in the lending market of the world's most populous nation. The company said Google is leveraging India's deep-rooted affinity for gold to expand its reach in the lending market.,TechCrunch,google taps india's love for gold to boost its credit play,google is leveraging india's deep-rooted affinity for gold to expand its reach in the lending market of the world's most populous nation. the company said google is leveraging india's deep-rooted affinity for gold to expand its reach in the lending market.
2024-10-03,GOLD,Market Frenzy: Japanese Stocks Surge Amid Monetary Shifts,"Japanese stocks soared as monetary tightening concerns eased, while the yen fell. The euro declined as speculation arose over European rate cuts. Wall Street remained stable amid geopolitical tension and strong U.S. labor data. Oil and gold prices climbed due to conflict concerns in the Middle East.",Devdiscourse,market frenzy japanese stocks surge amid monetary shifts,"japanese stocks soared as monetary tightening concerns eased, while the yen fell. the euro declined as speculation arose over european rate cuts. wall street remained stable amid geopolitical tension and strong u.s. labor data. oil and gold prices climbed due to conflict concerns in the middle east."
2024-10-04,GOLD,"The Oura Ring 3 has fallen to its lowest-ever price, and you don't even need to be a Prime Member to take advantage",Get $100 off the popular Rose Gold model,TechRadar,"the oura ring 3 has fallen to its lowest-ever price, and you don't even need to be a prime member to take advantage",get $100 off the popular rose gold model
2024-10-04,GOLD,Four top wines including ‘often overlooked’ bottle ‘at very affordable price’ & Lidl vino options for under €9.99,"THE annual Irish Wine Show Star Awards, now in their 23rdyear, were announced last Monday evening.The 55 gold, silver and bronze winners will be",The Irish Sun,four top wines including often overlooked bottle at very affordable price lidl vino options for under 9.99,"the annual irish wine show star awards, now in their 23rdyear, were announced last monday evening.the 55 gold, silver and bronze winners will be"
2024-10-04,GOLD,Gold Price in India Jumps Amid Israel-Iran Tensions: Check 24 Carat Price In Your City On October 04,Check latest gold prices across various cities in India today. Know 22 carat and 24 carat gold rates.,News18,gold price in india jumps amid israel-iran tensions check 24 carat price in your city on october 04,check latest gold prices across various cities in india today. know 22 carat and 24 carat gold rates.
2024-10-04,GOLD,"Gold rate in Pakistan on Oct 4 up by Rs1,800 to Rs276,200/tola","The gold rate in Pakistan further increased by Rs. 1,800 to Rs276,200 per tola in the local market on Friday (Oct 4).",BOL News,"gold rate in pakistan on oct 4 up by rs1,800 to rs276,200 tola","the gold rate in pakistan further increased by rs. 1,800 to rs276,200 per tola in the local market on friday oct 4 ."
2024-10-04,GOLD,Inside Olympic gold medallist's stunning country estate on market for £3.5m,Olympic sailor Ben Ainslie is reportedly selling his nine-bed mansion to pursue his dream in the sport,Manchester Evening News,inside olympic gold medallist's stunning country estate on market for 3.5m,olympic sailor ben ainslie is reportedly selling his nine-bed mansion to pursue his dream in the sport
2024-10-05,GOLD,"Gold rate in Pakistan on Oct 5 down by Rs700 to Rs275,500/tola","The gold rate in Pakistan further decreased by Rs. 700 to Rs275,500 per tola in the local market on Saturday (Oct 5).",BOL News,"gold rate in pakistan on oct 5 down by rs700 to rs275,500 tola","the gold rate in pakistan further decreased by rs. 700 to rs275,500 per tola in the local market on saturday oct 5 ."
2024-10-06,GOLD,Gold Rate Rises In India: Check 22 Carat Price In Your City On October 06,Check latest gold prices across various cities in India today. Know 22 carat and 24 carat gold rates.,News18,gold rate rises in india check 22 carat price in your city on october 06,check latest gold prices across various cities in india today. know 22 carat and 24 carat gold rates.
2024-10-07,GOLD,Where to invest in gold as the price rises,Want to add gold to your investment portfolio? Here are some of the top options for buying it as the price climbs.,CBS News,where to invest in gold as the price rises,want to add gold to your investment portfolio here are some of the top options for buying it as the price climbs.
2024-10-07,GOLD,Asian Stocks Surge as U.S. Job Market Defies Recession Fears,"Asian stocks saw a significant rally after robust U.S. labor market data allayed recession fears. The U.S. dollar strengthened against the yen, and Treasury yields reached highs. Crude oil prices and gold dipped amid Middle East tensions. Bets for a U.S. rate cut receded post-payroll report.",Devdiscourse,asian stocks surge as u.s. job market defies recession fears,"asian stocks saw a significant rally after robust u.s. labor market data allayed recession fears. the u.s. dollar strengthened against the yen, and treasury yields reached highs. crude oil prices and gold dipped amid middle east tensions. bets for a u.s. rate cut receded post-payroll report."
2024-10-07,GOLD,Gold price today: Yellow metal falls after healthy US jobs data; experts highlight key levels for MCX Gold rate,Gold prices fell in the domestic futures market due to weak global signals and a stronger dollar. A robust US jobs report diminished hopes for a rate cut by the US Fed in November.,Livemint,gold price today yellow metal falls after healthy us jobs data experts highlight key levels for mcx gold rate,gold prices fell in the domestic futures market due to weak global signals and a stronger dollar. a robust us jobs report diminished hopes for a rate cut by the us fed in november.
2024-10-07,GOLD,Gold Rate Today Falls In India: Check 22 Carat Price In Your City On October 07,Check latest gold prices across various cities in India today. Know 22 carat and 24 carat gold rates.,News18,gold rate today falls in india check 22 carat price in your city on october 07,check latest gold prices across various cities in india today. know 22 carat and 24 carat gold rates.
2024-10-08,GOLD,"Gold rate in Pakistan on Oct 8 down by Rs1, 000 to Rs274,700/tola","The gold rate in Pakistan further increased by Rs1,000 to Rs274,700 per tola in the local market on Tuesday (Oct 8).",BOL News,"gold rate in pakistan on oct 8 down by rs1, 000 to rs274,700 tola","the gold rate in pakistan further increased by rs1,000 to rs274,700 per tola in the local market on tuesday oct 8 ."
2024-10-09,GOLD,Gold Rate Falls In India: Check 22 Carat Price In Your City On October 09,Check latest gold prices across various cities in India today. Know 22 carat and 24 carat gold rates.,News18,gold rate falls in india check 22 carat price in your city on october 09,check latest gold prices across various cities in india today. know 22 carat and 24 carat gold rates.
2024-10-09,GOLD,"With gold's price high, should you sell or invest more?",The right choice between buying and selling gold depends heavily on your goals — and your timeline.,CBS News,"with gold's price high, should you sell or invest more",the right choice between buying and selling gold depends heavily on your goals and your timeline.
2024-10-09,GOLD,"Gold rate in Pakistan on Oct 9 down by Rs3,000 to Rs271,700/tola","The gold rate in Pakistan further decreased by Rs3,000 to Rs271,700 per tola in the local market on Wednesday (Oct 9).",BOL News,"gold rate in pakistan on oct 9 down by rs3,000 to rs271,700 tola","the gold rate in pakistan further decreased by rs3,000 to rs271,700 per tola in the local market on wednesday oct 9 ."
2024-10-10,GOLD,"Gold rate in Pakistan on Oct 10 down by Rs500 to Rs271,200/tola","Today, the price of gold in Pakistan saw a decrease of Rs. 500 per tola. According to the All Pakistan Jewelers Manufacturers Association,",BOL News,"gold rate in pakistan on oct 10 down by rs500 to rs271,200 tola","today, the price of gold in pakistan saw a decrease of rs. 500 per tola. according to the all pakistan jewelers manufacturers association,"
2024-10-10,GOLD,Gold price today: Rates up ahead of US inflation data; experts unveil strategy for MCX Gold,Gold prices rose in domestic futures ahead of US inflation data that could influence the Federal Reserve’s monetary policy. Expectations of rate cuts and geopolitical tensions support gold.,Livemint,gold price today rates up ahead of us inflation data experts unveil strategy for mcx gold,gold prices rose in domestic futures ahead of us inflation data that could influence the federal reserve s monetary policy. expectations of rate cuts and geopolitical tensions support gold.
2024-10-10,GOLD,"Current price of gold as of Oct. 11, 2024",Trends in gold prices could indicate whether the asset can protect against inflation. Here’s a look at how the precious metal is doing today.,Fortune,"current price of gold as of oct. 11, 2024",trends in gold prices could indicate whether the asset can protect against inflation. here s a look at how the precious metal is doing today.
2024-10-11,GOLD,"Gold rate in Pakistan on Oct 11 up by Rs2,700 to Rs273,900/tola","Today, the price of gold in Pakistan has increased by Rs2,700 per tola, marking a significant change in the market. This price",BOL News,"gold rate in pakistan on oct 11 up by rs2,700 to rs273,900 tola","today, the price of gold in pakistan has increased by rs2,700 per tola, marking a significant change in the market. this price"
2024-10-11,GOLD,Gold Rate Falls In India: Check 22 Carat Price In Your City On October 11,Check latest gold prices across various cities in India today. Know 22 carat and 24 carat gold rates.,News18,gold rate falls in india check 22 carat price in your city on october 11,check latest gold prices across various cities in india today. know 22 carat and 24 carat gold rates.
2024-10-11,GOLD,Gold rate today: Yellow metal extends gain on US Fed rate cut buzz. US inflation in focus,"Gold rate today: According to commodity market experts, the US CPI data didn’t surprise them, and job numbers show a weakening trend, which has triggered the US Fed rate cut buzz",Livemint,gold rate today yellow metal extends gain on us fed rate cut buzz. us inflation in focus,"gold rate today according to commodity market experts, the us cpi data didn t surprise them, and job numbers show a weakening trend, which has triggered the us fed rate cut buzz"
2024-10-12,GOLD,Gold Rate Rises In India: Check 22 Carat Price In Your City On October 12,Check latest gold prices across various cities in India today. Know 22 carat and 24 carat gold rates.,News18,gold rate rises in india check 22 carat price in your city on october 12,check latest gold prices across various cities in india today. know 22 carat and 24 carat gold rates.
2024-10-13,GOLD,Gold Rate Rises In India: Check 22 Carat Price In Your City On October 13,Check latest gold prices across various cities in India today. Know 22 carat and 24 carat gold rates.,News18,gold rate rises in india check 22 carat price in your city on october 13,check latest gold prices across various cities in india today. know 22 carat and 24 carat gold rates.
2024-10-14,GOLD,"Will the price of gold hit $3,000 in 2024? Here's what experts think.","The price of gold has surged so far in 2024. But will it hit the $3,000 mark this year? Here's what some experts think.",CBS News,"will the price of gold hit $3,000 in 2024 here's what experts think.","the price of gold has surged so far in 2024. but will it hit the $3,000 mark this year here's what some experts think."
2024-10-14,GOLD,Gold price today: Yellow metal declines on the US dollar’s rise; experts unveil key levels for MCX Gold rate today,Gold prices decreased in the domestic futures market on Monday due to weak global cues and low spot market demand. This followed a rise in the US dollar to near a two-month high.,Livemint,gold price today yellow metal declines on the us dollar s rise experts unveil key levels for mcx gold rate today,gold prices decreased in the domestic futures market on monday due to weak global cues and low spot market demand. this followed a rise in the us dollar to near a two-month high.
2024-10-14,GOLD,"Gold rate in Pakistan on Oct 14 up by Rs200 to Rs275,700/tola","Today, the price of gold in the country has recorded an increase of 200 rupees per tola. According to details, the fluctuations",BOL News,"gold rate in pakistan on oct 14 up by rs200 to rs275,700 tola","today, the price of gold in the country has recorded an increase of 200 rupees per tola. according to details, the fluctuations"
2024-10-15,GOLD,Gold Rate Falls In India: Check 22 Carat Price In Your City On October 15,Check latest gold prices across various cities in India today. Know 22 carat and 24 carat gold rates.,News18,gold rate falls in india check 22 carat price in your city on october 15,check latest gold prices across various cities in india today. know 22 carat and 24 carat gold rates.
2024-10-15,GOLD,Paris auction of Shirley Bassey’s jewellery collection sees world record price,The 87-year-old singer’s plain ladies’ Cartier Baignoire gold wristwatch sold for a world record price.,Evening Standard,paris auction of shirley bassey s jewellery collection sees world record price,the 87-year-old singer s plain ladies cartier baignoire gold wristwatch sold for a world record price.
2024-10-15,GOLD,Should you wait for the price of gold to fall to invest? Experts weigh in,"While waiting for the price to fall may work for some, most experts say buying now is best. Here's why.",CBS News,should you wait for the price of gold to fall to invest experts weigh in,"while waiting for the price to fall may work for some, most experts say buying now is best. here's why."
2024-10-16,GOLD,Why this $9.6 billion ASX 200 gold stock is smashing the market today,This ASX 200 gold stock is flying high on Wednesday. Here's why investors are bidding its shares to a new 52-week high...,The Motley Fool Australia,why this $9.6 billion asx 200 gold stock is smashing the market today,this asx 200 gold stock is flying high on wednesday. here's why investors are bidding its shares to a new 52-week high...
2024-10-16,GOLD,"Gold rate in Pakistan on Oct 16 up by Rs2,200 to Rs277,200/tola","The gold rate in Pakistan further increased by Rs2,200 to Rs277,200 per tola in the local market on Wednesday (Oct 16).",BOL News,"gold rate in pakistan on oct 16 up by rs2,200 to rs277,200 tola","the gold rate in pakistan further increased by rs2,200 to rs277,200 per tola in the local market on wednesday oct 16 ."
2024-10-17,GOLD,Gold Rate Rises In India: Check 22 Carat Price In Your City On October 17,Check latest gold prices across various cities in India today. Know 22 carat and 24 carat gold rates.,News18,gold rate rises in india check 22 carat price in your city on october 17,check latest gold prices across various cities in india today. know 22 carat and 24 carat gold rates.
2024-10-18,GOLD,Global Markets Witness Mixed Fortunes Amid Economic Uncertainty,"Global markets experienced mixed results as weak data and disappointing corporate earnings stirred concerns over declining demand. While U.S. stocks exhibited varied performance, gold prices shattered records. Chinese efforts to boost market demand showed limited impact on Wall Street, creating investor uncertainty fueled by economic and geopolitical factors.",Devdiscourse,global markets witness mixed fortunes amid economic uncertainty,"global markets experienced mixed results as weak data and disappointing corporate earnings stirred concerns over declining demand. while u.s. stocks exhibited varied performance, gold prices shattered records. chinese efforts to boost market demand showed limited impact on wall street, creating investor uncertainty fueled by economic and geopolitical factors."
2024-10-18,GOLD,Gold Record Price: Safe Haven Climbs After Hamas Leader Killed,"Gold hit a new high of $2,720 an ounce after Israel announced the death of Hamas leader Yahya Sinwar.",Markets Insider,gold record price safe haven climbs after hamas leader killed,"gold hit a new high of $2,720 an ounce after israel announced the death of hamas leader yahya sinwar."
2024-10-18,GOLD,Gold Rate Today Rises In India: Check 24 Carat Price In Your City On October 18,Know what's the current price of gold per gram in India,News18,gold rate today rises in india check 24 carat price in your city on october 18,know what's the current price of gold per gram in india
2024-10-18,GOLD,Price of gold is proving an unstoppable force lately,"The precious metal soared above $2,700 for the first time on Friday, bringing its weekly gain to nearly 2%.",CNBC,price of gold is proving an unstoppable force lately,"the precious metal soared above $2,700 for the first time on friday, bringing its weekly gain to nearly 2%."
2024-10-18,GOLD,Is it wise to buy gold before Diwali and hold till US Presidential Election results?,"Gold price today: According to experts, gold presents a favorable opportunity ahead of Diwali, but a well-timed exit post-US Presidential election could be prudent to lock in gains from this anticipated uptrend",Livemint,is it wise to buy gold before diwali and hold till us presidential election results,"gold price today according to experts, gold presents a favorable opportunity ahead of diwali, but a well-timed exit post-us presidential election could be prudent to lock in gains from this anticipated uptrend"
2024-10-18,GOLD,ASX 200 gold stocks shining bright as the gold price hits new all-time highs,S&P/ASX 200 Index (ASX: XJO) gold stocks are mixed despite a new record gold price today. But you should see their one-year returns!,The Motley Fool Australia,asx 200 gold stocks shining bright as the gold price hits new all-time highs,s p asx 200 index asx xjo gold stocks are mixed despite a new record gold price today. but you should see their one-year returns
2024-10-18,GOLD,"Gold rate in Pakistan on Oct 18 up by Rs3,000 to Rs280,900/tola","The gold rate in Pakistan further increased by Rs3,000 to Rs280,900 per tola in the local market on Friday (Oct 18).",BOL News,"gold rate in pakistan on oct 18 up by rs3,000 to rs280,900 tola","the gold rate in pakistan further increased by rs3,000 to rs280,900 per tola in the local market on friday oct 18 ."
2024-10-19,GOLD,"Gold rate in Pakistan on Oct 19 up by Rs900 to Rs281,800/tola","The gold rate in Pakistan further increased by Rs900 to Rs281,800 per tola in the local market on Saturday (Oct 19).",BOL News,"gold rate in pakistan on oct 19 up by rs900 to rs281,800 tola","the gold rate in pakistan further increased by rs900 to rs281,800 per tola in the local market on saturday oct 19 ."
2024-10-19,GOLD,Golden Prospects: US Fed Policies and Rising Gold Prices Boost Gold Loan NBFCs,"Non-banking financial companies focused on gold loans are well-positioned to benefit from rising gold prices and potential interest rate cuts, according to a Jefferies report. These companies, including Muthoot Finance and Manappuram Finance, are poised for accelerated growth as global gold prices surge and market conditions strengthen.",Devdiscourse,golden prospects us fed policies and rising gold prices boost gold loan nbfcs,"non-banking financial companies focused on gold loans are well-positioned to benefit from rising gold prices and potential interest rate cuts, according to a jefferies report. these companies, including muthoot finance and manappuram finance, are poised for accelerated growth as global gold prices surge and market conditions strengthen."
2024-10-20,GOLD,"Illegal mines, pollution and a thirsty global market: Anger mounts over Ghana’s gold problem",Illegal small-scale gold mining in Ghana has been linked with the destruction of the environment and illness. Now it could affect the election.,NBC News,"illegal mines, pollution and a thirsty global market anger mounts over ghana s gold problem",illegal small-scale gold mining in ghana has been linked with the destruction of the environment and illness. now it could affect the election.
2024-10-21,GOLD,Asia Markets Struggle Amid China's Stock Weakness as Bitcoin Soars and Gold Hits Record,"Asian shares were volatile due to weak Chinese stocks, while Bitcoin reached a three-month high amidst market speculation over Trump's potential election victory. Gold soared to a record high on Middle East tensions and U.S. election uncertainty. Investors are cautious, awaiting further Chinese stimulus details.",Devdiscourse,asia markets struggle amid china's stock weakness as bitcoin soars and gold hits record,"asian shares were volatile due to weak chinese stocks, while bitcoin reached a three-month high amidst market speculation over trump's potential election victory. gold soared to a record high on middle east tensions and u.s. election uncertainty. investors are cautious, awaiting further chinese stimulus details."
2024-10-21,GOLD,"Gold extends record, silver jumps to 12-year high as precious metals outperform stock market",Gold and silver jumped on Monday as the precious metals rally continues.,Yahoo Finance,"gold extends record, silver jumps to 12-year high as precious metals outperform stock market",gold and silver jumped on monday as the precious metals rally continues.
2024-10-21,GOLD,"Geopolitical Tensions Fuel Market Instability, Gold Soars to New Highs","Global equity markets faced declines on Monday due to rising geopolitical tensions and uncertainty over the U.S. presidential election. Gold prices surged as investors sought safe havens. The S&P 500 and Dow Jones fell, while the Nasdaq saw slight gains, with investors eyeing corporate earnings amidst a tense geopolitical climate.",Devdiscourse,"geopolitical tensions fuel market instability, gold soars to new highs","global equity markets faced declines on monday due to rising geopolitical tensions and uncertainty over the u.s. presidential election. gold prices surged as investors sought safe havens. the s p 500 and dow jones fell, while the nasdaq saw slight gains, with investors eyeing corporate earnings amidst a tense geopolitical climate."
2024-10-21,GOLD,"Citi stays bullish on gold, hikes price 3-month outlook to $2,800 per ounce","The bank upgraded its three-month gold price view to $2,800 per ounce from $2,700 previously, adding that its 6 to 12-month forecast is $3,000. It revised its 6 to 12-month forecast for silver prices upward to $40 per ounce from $38 per ounce.",Yahoo Finance,"citi stays bullish on gold, hikes price 3-month outlook to $2,800 per ounce","the bank upgraded its three-month gold price view to $2,800 per ounce from $2,700 previously, adding that its 6 to 12-month forecast is $3,000. it revised its 6 to 12-month forecast for silver prices upward to $40 per ounce from $38 per ounce."
2024-10-21,GOLD,"Gold prices are closing in on $2,800. Should you buy in now?","It could make sense to add gold to your portfolio now, even with the price at a record high. Here's why.",CBS News,"gold prices are closing in on $2,800. should you buy in now","it could make sense to add gold to your portfolio now, even with the price at a record high. here's why."
2024-10-21,GOLD,Gold Rate Today In India: Check 22 Carat Price In Your City On October 21,Know what's the current price of gold per gram in India,News18,gold rate today in india check 22 carat price in your city on october 21,know what's the current price of gold per gram in india
2024-10-21,GOLD,"Gold prices hit record high - is your old jewellery worth £1,700?","Market experts are predicting gold prices could hit $3,000 before Christmas boosting prices for scrap gold",Plymouth Live,"gold prices hit record high - is your old jewellery worth 1,700","market experts are predicting gold prices could hit $3,000 before christmas boosting prices for scrap gold"
2024-10-22,GOLD,Buying ASX 200 gold stocks? You'll want to see CBA's 2025 gold price forecast!,S&P/ASX 200 Index (ASX: XJO) gold stocks are enjoying a record-high gold price. Here’s what CBA forecasts for bullion in 2025.,The Motley Fool Australia,buying asx 200 gold stocks you'll want to see cba's 2025 gold price forecast,s p asx 200 index asx xjo gold stocks are enjoying a record-high gold price. here s what cba forecasts for bullion in 2025.
2024-10-22,GOLD,Money blog: Gold prices have reached record highs - why are people rushing to the safe haven?,"Gold prices have reached a record high of more than $2,700 in recent days. The ounce price was up 2% across last week and is currently more than 37% up on a year ago. Read this and the rest of today's consumer and personal finance news below.",Sky News,money blog gold prices have reached record highs - why are people rushing to the safe haven,"gold prices have reached a record high of more than $2,700 in recent days. the ounce price was up 2% across last week and is currently more than 37% up on a year ago. read this and the rest of today's consumer and personal finance news below."
2024-10-22,GOLD,"Gold price surges to fresh highs, RBA deputy governor says markets have been 'spectacularly optimistic'","A modern-day gold rush has moved up a gear with the price of the precious metal breaking records, as observers, including the Reserve Bank deputy, warn broader financial markets may have gotten ahead of themselves.",ABC (Australian Broadcasting Corporation),"gold price surges to fresh highs, rba deputy governor says markets have been 'spectacularly optimistic'","a modern-day gold rush has moved up a gear with the price of the precious metal breaking records, as observers, including the reserve bank deputy, warn broader financial markets may have gotten ahead of themselves."
2024-10-22,GOLD,Money blog: Gold prices rocket to record high - why are people rushing to 'safe haven'?,"Gold prices have reached a record high of more than $2,700 in recent days. The ounce price was up 2% across last week and is currently more than 37% up on a year ago. Read this and the rest of today's consumer and personal finance news below.",Sky News,money blog gold prices rocket to record high - why are people rushing to 'safe haven',"gold prices have reached a record high of more than $2,700 in recent days. the ounce price was up 2% across last week and is currently more than 37% up on a year ago. read this and the rest of today's consumer and personal finance news below."
2024-10-22,GOLD,Money blog: Gold hits massive new record; meet the former singer who turned Instagram into £17m lingerie business,"Today in the Money blog, we cover the record price of gold and look at how one woman turned her negative experiences in the entertainment industry into a positive - and multimillion-pound - business. Scroll further down for all the details on the car finance compensation scheme.",Sky News,money blog gold hits massive new record meet the former singer who turned instagram into 17m lingerie business,"today in the money blog, we cover the record price of gold and look at how one woman turned her negative experiences in the entertainment industry into a positive - and multimillion-pound - business. scroll further down for all the details on the car finance compensation scheme."
2024-10-23,GOLD,Fund managers can no longer ignore 45% year-to-date rally in gold stocks,Daily roundup of research and analysis from The Globe and Mail’s market strategist Scott Barlow,The Globe and Mail,fund managers can no longer ignore 45% year-to-date rally in gold stocks,daily roundup of research and analysis from the globe and mail s market strategist scott barlow
2024-10-23,GOLD,How hybrid funds can mitigate various investing risks,"Can hybrid funds, with their blend of equity, debt, and gold, be the key to reducing risk and delivering steady returns across market cycles? Are they the ideal choice for both lump-sum and SIP investors?",Livemint,how hybrid funds can mitigate various investing risks,"can hybrid funds, with their blend of equity, debt, and gold, be the key to reducing risk and delivering steady returns across market cycles are they the ideal choice for both lump-sum and sip investors"
2024-10-23,GOLD,Northern Star share price slips on rising costs,The Northern Star Resources Ltd (ASX: NST) share price is under pressure following the gold miner’s quarterly update. Here’s why.,The Motley Fool Australia,northern star share price slips on rising costs,the northern star resources ltd asx nst share price is under pressure following the gold miner s quarterly update. here s why.
2024-10-23,GOLD,How much has the price of gold increased so far this year?,Gold has been one of the top-performing assets in 2024. Here's how much price growth we've seen so far.,CBS News,how much has the price of gold increased so far this year,gold has been one of the top-performing assets in 2024. here's how much price growth we've seen so far.
2024-10-23,GOLD,"Up 33% in 2024, can the gold price keep rising?",The gold price has outrun ASX shares as an investment in 2024 and by a lot. Should investors buy gold today?,The Motley Fool Australia,"up 33% in 2024, can the gold price keep rising",the gold price has outrun asx shares as an investment in 2024 and by a lot. should investors buy gold today
2024-10-23,GOLD,Gold surges to yet another record amid knife edge US Presidential election,Over the past 12 months the price of the yellow metal has surged almost 40% on international markets,Evening Standard,gold surges to yet another record amid knife edge us presidential election,over the past 12 months the price of the yellow metal has surged almost 40% on international markets
2024-10-23,GOLD,What the surging gold price says about a dangerous world,Financial fears and geopolitical tremors combine to great effect,Livemint,what the surging gold price says about a dangerous world,financial fears and geopolitical tremors combine to great effect
2024-10-24,GOLD,Market Uncertainty Persists Amid Surging U.S. Yields and Dollar Strength,"Asian shares declined as U.S. Treasury yields and the dollar remained elevated due to election uncertainty. Tesla's strong earnings offered some relief. Nasdaq and S&P futures rose slightly, while major Asian indices showed mixed results. Rising bond yields continued impacting markets, and oil and gold fluctuated.",Devdiscourse,market uncertainty persists amid surging u.s. yields and dollar strength,"asian shares declined as u.s. treasury yields and the dollar remained elevated due to election uncertainty. tesla's strong earnings offered some relief. nasdaq and s p futures rose slightly, while major asian indices showed mixed results. rising bond yields continued impacting markets, and oil and gold fluctuated."
2024-10-24,GOLD,"Gold rate in Pakistan on Oct 24 down by Rs2,300 to Rs283,100/tola","The gold rate in Pakistan further decreased by Rs2,300 to Rs283,100 per tola in the local market on Thursday (Oct 24).",BOL News,"gold rate in pakistan on oct 24 down by rs2,300 to rs283,100 tola","the gold rate in pakistan further decreased by rs2,300 to rs283,100 per tola in the local market on thursday oct 24 ."
2024-10-24,GOLD,"Current price of gold as of Oct. 25, 2024",Trends in gold prices could indicate whether the asset can protect against inflation. Here’s a look at how the precious metal is doing today.,Fortune,"current price of gold as of oct. 25, 2024",trends in gold prices could indicate whether the asset can protect against inflation. here s a look at how the precious metal is doing today.
2024-10-24,GOLD,Newmont: Improved Free Cash Flow Generation On The Back Of Record Gold Prices,"Newmont Corporation had satisfactory Q3 operationally. Costs rose sharply YoY, but record gold price fortunately picked up all the slack. Read more on NEM stock here.",Seeking Alpha,newmont improved free cash flow generation on the back of record gold prices,"newmont corporation had satisfactory q3 operationally. costs rose sharply yoy, but record gold price fortunately picked up all the slack. read more on nem stock here."
2024-10-24,GOLD,Why gold that doesn’t glitter may be the right choice this Dhanteras,"If you see gold as purely an investment, gold ETFs could be right for you. You can buy these at a fraction of the price needed to buy physical gold and save yourself a lot of hassle to boot.",Livemint,why gold that doesn t glitter may be the right choice this dhanteras,"if you see gold as purely an investment, gold etfs could be right for you. you can buy these at a fraction of the price needed to buy physical gold and save yourself a lot of hassle to boot."
2024-10-24,GOLD,Jewellers See 30% Dip in Sales After Price Rise,"Hyderabad:Jewellers have reported a 30 per cent fall in sales during the current festive season following a steep rise in the bullion price of around ₹20,000 within a year. On Wednesday, gold price...",Deccan Chronicle,jewellers see 30% dip in sales after price rise,"hyderabad jewellers have reported a 30 per cent fall in sales during the current festive season following a steep rise in the bullion price of around 20,000 within a year. on wednesday, gold price..."
2024-10-25,GOLD,Why is the price of gold so high right now?,"Gold has offered some of the biggest returns recently, but why is the price climbing? Here's what you should know.",CBS News,why is the price of gold so high right now,"gold has offered some of the biggest returns recently, but why is the price climbing here's what you should know."
2024-10-25,GOLD,"Gold Prices in Saudi Arabia Today - October 25, 2024","On Friday, October 25, the price of 24-karat gold per tola in Saudi Arabia fell to 3,837 Saudi Riyals (SAR). The price for 10 grams of 24-karat gold",BOL News,"gold prices in saudi arabia today - october 25, 2024","on friday, october 25, the price of 24-karat gold per tola in saudi arabia fell to 3,837 saudi riyals sar . the price for 10 grams of 24-karat gold"
2024-10-25,GOLD,Gold and silver prices: What to know going into November,The precious metals market has surprised investors and analysts recently. Here's what you should know now.,CBS News,gold and silver prices what to know going into november,the precious metals market has surprised investors and analysts recently. here's what you should know now.
2024-10-25,GOLD,"Gold rate in Pakistan on Oct 25 down by Rs800 to Rs282,300/tola","The gold rate in Pakistan further decreased by Rs800 to Rs282,300 per tola in the local market on Friday (Oct 25).",BOL News,"gold rate in pakistan on oct 25 down by rs800 to rs282,300 tola","the gold rate in pakistan further decreased by rs800 to rs282,300 per tola in the local market on friday oct 25 ."
2024-10-25,GOLD,Why this top ASX gold share is tumbling 11% today,One of the market's largest ASX gold shares is the worst-performing stock of the S&P/ASX 200 Index (ASX: XJO) on Friday.,The Motley Fool Australia,why this top asx gold share is tumbling 11% today,one of the market's largest asx gold shares is the worst-performing stock of the s p asx 200 index asx xjo on friday.
2024-10-25,GOLD,Will the price of gold fall this November?,The price of gold has broken multiple records so far in 2024. But will it fall this November? Here's what to consider.,CBS News,will the price of gold fall this november,the price of gold has broken multiple records so far in 2024. but will it fall this november here's what to consider.
2024-10-26,GOLD,"Gold rate in Pakistan on Oct 26 up by Rs2,000 to Rs284,300/tola","The gold rate in Pakistan further increased by Rs2,000 to Rs284,300 per tola in the local market on Saturday (Oct 26).",BOL News,"gold rate in pakistan on oct 26 up by rs2,000 to rs284,300 tola","the gold rate in pakistan further increased by rs2,000 to rs284,300 per tola in the local market on saturday oct 26 ."
2024-10-27,GOLD,Gold Price Rises Today In India: Check 22 Carat Rate In Your City On October 27,Gold Rate Today In India: Get the latest updates on gold prices from cities across. Stay informed with real-time rates.,News18,gold price rises today in india check 22 carat rate in your city on october 27,gold rate today in india get the latest updates on gold prices from cities across. stay informed with real-time rates.
2024-10-28,GOLD,"Gold rate in Pakistan on Oct 28 up by Rs900 to Rs283,400/tola","Gold rate in Pakistan further decreased by Rs. 900 to Rs283,400 per tola in the local market on Monday (Oct 28)",BOL News,"gold rate in pakistan on oct 28 up by rs900 to rs283,400 tola","gold rate in pakistan further decreased by rs. 900 to rs283,400 per tola in the local market on monday oct 28"
2024-10-28,GOLD,Is the ASX gold rush expected to keep enriching investors?,Are ASX gold shares still attractive plays for investors seeking shelter from market turbulence? Let's see what experts say.,The Motley Fool Australia,is the asx gold rush expected to keep enriching investors,are asx gold shares still attractive plays for investors seeking shelter from market turbulence let's see what experts say.
2024-10-28,GOLD,Gold Price Falls Today In India: Check 22 Carat Rate In Your City On October 28,Gold Rate Today In India: Get the latest updates on gold prices from cities across. Stay informed with real-time rates.,News18,gold price falls today in india check 22 carat rate in your city on october 28,gold rate today in india get the latest updates on gold prices from cities across. stay informed with real-time rates.
2024-10-28,GOLD,4 big gold investing mistakes to avoid this November,Don't let the rising price of gold lead you to make one of these four costly mistakes.,CBS News,4 big gold investing mistakes to avoid this november,don't let the rising price of gold lead you to make one of these four costly mistakes.
2024-10-29,GOLD,Gold and Silver Rates Today: Check 22 Carat Price In Your City On October 29,Gold Rate Today In India: Get the latest updates on gold and silver prices. Stay informed with real-time rates.,News18,gold and silver rates today check 22 carat price in your city on october 29,gold rate today in india get the latest updates on gold and silver prices. stay informed with real-time rates.
2024-10-29,GOLD,Gold prices smash another record: What gold assets should you buy now?,"As the price of gold surges, it's important to make educated decisions on which types of gold to invest in.",CBS News,gold prices smash another record what gold assets should you buy now,"as the price of gold surges, it's important to make educated decisions on which types of gold to invest in."
2024-10-29,GOLD,"Gold, Lindy effect, Warren Buffett, and why ignorance is not bliss","Vivek Kaul reflects on past gold price forecasts from gold enthusiasts, realizing that little knowledge can be dangerous.",Livemint,"gold, lindy effect, warren buffett, and why ignorance is not bliss","vivek kaul reflects on past gold price forecasts from gold enthusiasts, realizing that little knowledge can be dangerous."
2024-10-29,GOLD,What is the gold-to-silver ratio?,"Navigating the decision to invest in gold or silver can be simplified with the gold-to-silver (GS) ratio. This article explores how the GS ratio can guide investors, the current market trends, and factors to consider beyond the ratio itself. Learn if now is the right time to invest in silver over gold and understand the risks involved.",The Indian Express,what is the gold-to-silver ratio,"navigating the decision to invest in gold or silver can be simplified with the gold-to-silver gs ratio. this article explores how the gs ratio can guide investors, the current market trends, and factors to consider beyond the ratio itself. learn if now is the right time to invest in silver over gold and understand the risks involved."
2024-10-29,GOLD,Trump or Harris? Gold rally expected to persist regardless of U.S. election outcome,"""The general trend is, it's going higher. The best tell is the price action.""",Yahoo Canada Finance,trump or harris gold rally expected to persist regardless of u.s. election outcome,"the general trend is, it's going higher. the best tell is the price action."
2024-10-29,GOLD,"Gold rate in Pakistan on Oct 29 up by Rs1,600 to Rs285,000/tola","Gold rate in Pakistan further increased by Rs.1, 600 to Rs285,000 per tola in the local market on Tuesday (Oct 29)",BOL News,"gold rate in pakistan on oct 29 up by rs1,600 to rs285,000 tola","gold rate in pakistan further increased by rs.1, 600 to rs285,000 per tola in the local market on tuesday oct 29"
2024-10-30,GOLD,"Gold rate in Pakistan on Oct 30 up by Rs2,900 to Rs287,900/tola","Gold rate in Pakistan further increased by Rs.2, 900 to Rs287,900 per tola in the local market on Wednesday (Oct 30)",BOL News,"gold rate in pakistan on oct 30 up by rs2,900 to rs287,900 tola","gold rate in pakistan further increased by rs.2, 900 to rs287,900 per tola in the local market on wednesday oct 30"
2024-10-30,GOLD,3 gold investing mistakes beginners should avoid this November,Considering a gold investment now amid the record price surge? Here are three timely (but costly) mistakes to avoid.,CBS News,3 gold investing mistakes beginners should avoid this november,considering a gold investment now amid the record price surge here are three timely but costly mistakes to avoid.
2024-10-30,GOLD,Is gold really worth its actual weight in today’s age of demat assets?,"Big-buyer RBI wants the real thing held in domestic vaults. Should household buyers opt for physical gold too? It has been a buzzy buy in recent times, with its price zooming up over the past year. But retail investors would be better served by going for dematerialized forms of this precious metal.",Livemint,is gold really worth its actual weight in today s age of demat assets,"big-buyer rbi wants the real thing held in domestic vaults. should household buyers opt for physical gold too it has been a buzzy buy in recent times, with its price zooming up over the past year. but retail investors would be better served by going for dematerialized forms of this precious metal."
2024-10-30,GOLD,"It's a happy Diwali for gold: Rs 1,000 price surge in a day, Rs 21,200 in a year","Gold prices saw a steep surge of Rs 1,000 and breached the psychological Rs 82,000 per 10 gramsmark for the fist time in the national capital on Wednesday, amid robust buying by jewellers ahead of Diwali.",Firstpost,"it's a happy diwali for gold rs 1,000 price surge in a day, rs 21,200 in a year","gold prices saw a steep surge of rs 1,000 and breached the psychological rs 82,000 per 10 gramsmark for the fist time in the national capital on wednesday, amid robust buying by jewellers ahead of diwali."
2024-10-30,GOLD,India’s gold demand rises 18% to 248.3 tonnes July-Sept after duty cuts: World Gold Council,IPO at a price band of Rs 371-390 per share will open on November 6,The Indian Express,india s gold demand rises 18% to 248.3 tonnes july-sept after duty cuts world gold council,ipo at a price band of rs 371-390 per share will open on november 6
2024-10-30,GOLD,Gold Price Rise: Experts Predict Gold Could Exceed 1 Lakh by Diwali 2025! Check Latest Rates in Your City!,"Gold Silver Rate: Before Diwali, there has been a surge in gold and silver prices. It is being said that by Diwali 2025, there may be another surge.",Patrika News,gold price rise experts predict gold could exceed 1 lakh by diwali 2025 check latest rates in your city,"gold silver rate before diwali, there has been a surge in gold and silver prices. it is being said that by diwali 2025, there may be another surge."
2024-10-30,GOLD,Gold is getting all the attention but fund managers say silver has more room to run,Silver is benefiting from growing investor interest amid a climbing gold price and from strong industrial demand,The Globe and Mail,gold is getting all the attention but fund managers say silver has more room to run,silver is benefiting from growing investor interest amid a climbing gold price and from strong industrial demand
2024-10-31,GOLD,Diwali 2024 Gold Rate In India: Check 22 Carat Price In Your City On October 31,Gold Rate Today In India: Get the latest updates on gold prices from cities across. Stay informed with real-time rates.,News18,diwali 2024 gold rate in india check 22 carat price in your city on october 31,gold rate today in india get the latest updates on gold prices from cities across. stay informed with real-time rates.
2024-10-31,GOLD,"Gold rate in Pakistan on Oct 31 down by Rs700 to Rs287,200/tola","Gold rate in Pakistan further decreased by Rs700 to Rs287,200 per tola in the local market on Thursday Oct 31",BOL News,"gold rate in pakistan on oct 31 down by rs700 to rs287,200 tola","gold rate in pakistan further decreased by rs700 to rs287,200 per tola in the local market on thursday oct 31"
2024-11-01,GOLD,"Gold rate in Pakistan on Nov 1 down by Rs2,500 to Rs284,700/tola","Gold rate in Pakistan further decreased by Rs2,500 to Rs284,700 per tola in the local market on Friday Nov 1",BOL News,"gold rate in pakistan on nov 1 down by rs2,500 to rs284,700 tola","gold rate in pakistan further decreased by rs2,500 to rs284,700 per tola in the local market on friday nov 1"
2024-11-01,GOLD,What should gold investors expect this November?,Gold has experienced a remarkable price surge so far this year. Here's what could happen in November.,CBS News,what should gold investors expect this november,gold has experienced a remarkable price surge so far this year. here's what could happen in november.
2024-11-02,GOLD,Gold Rate Falls In India: Check 22 Carat Price In Your City On November 2,Gold Rate Today In India: Get the latest updates on gold prices from cities across. Stay informed with real-time rates.,News18,gold rate falls in india check 22 carat price in your city on november 2,gold rate today in india get the latest updates on gold prices from cities across. stay informed with real-time rates.
2024-11-04,GOLD,Gold Rate Today: Check 22 Carat Price In Your City On November 04,Gold Rate Today In India: Get the latest updates on gold prices from cities across. Stay informed with real-time rates.,News18,gold rate today check 22 carat price in your city on november 04,gold rate today in india get the latest updates on gold prices from cities across. stay informed with real-time rates.
2024-11-04,GOLD,Will gold's price fall after this week's Fed rate cut?,"The Fed rate cut could have a big impact on gold prices this week, but that impact may not be what you'd expect.",CBS News,will gold's price fall after this week's fed rate cut,"the fed rate cut could have a big impact on gold prices this week, but that impact may not be what you'd expect."
2024-11-04,GOLD,"Gold rate in Pakistan on Nov 4 up by Rs700 to Rs283,700/tola","Gold rate in Pakistan increased by Rs700 to Rs283,700 per tola in the local market on Monday (Nov 4)",BOL News,"gold rate in pakistan on nov 4 up by rs700 to rs283,700 tola","gold rate in pakistan increased by rs700 to rs283,700 per tola in the local market on monday nov 4"
2024-11-04,GOLD,"Current price of gold: Nov. 5, 2024",Trends in gold prices could indicate whether the asset can protect against inflation. Here’s a look at how the precious metal is doing today.,Fortune,"current price of gold nov. 5, 2024",trends in gold prices could indicate whether the asset can protect against inflation. here s a look at how the precious metal is doing today.
2024-11-05,GOLD,Why the U.S. Election Likely Won't Derail Gold's Rally-Regardless of Who Wins,"Whatever the outcome of Tuesday's U.S. election, analysts at ING and Goldman Sachs see the price of gold maintaining its yearlong rally into 2025.",Yahoo Finance,why the u.s. election likely won't derail gold's rally-regardless of who wins,"whatever the outcome of tuesday's u.s. election, analysts at ing and goldman sachs see the price of gold maintaining its yearlong rally into 2025."
2024-11-06,GOLD,Gold's price is plunging. Is this the right time to buy in?,"Gold's price has dropped to a three-week low, which could present a good opportunity for investors. Here's why.",CBS News,gold's price is plunging. is this the right time to buy in,"gold's price has dropped to a three-week low, which could present a good opportunity for investors. here's why."
2024-11-07,GOLD,Trump's Policies: A New Era for Global Energy and Precious Metals,"A report by Angel One Wealth highlights the potential global economic effects of Donald Trump's presidential win. Focused on energy independence, Trump's policies could lead to lower crude oil prices and impact gold's market strength due to increased U.S. fiscal deficit and rising national debt concerns.",Devdiscourse,trump's policies a new era for global energy and precious metals,"a report by angel one wealth highlights the potential global economic effects of donald trump's presidential win. focused on energy independence, trump's policies could lead to lower crude oil prices and impact gold's market strength due to increased u.s. fiscal deficit and rising national debt concerns."
2024-11-07,GOLD,Gold Price Falls In India: Check Latest 24 Carat Rate In Your City On November 7,Gold Rate Today In India: Know Retail Gold Price On November 7.,News18,gold price falls in india check latest 24 carat rate in your city on november 7,gold rate today in india know retail gold price on november 7.
2024-11-07,GOLD,"Gold rate in Pakistan on Nov 7 down by Rs5,400 to Rs276,800/tola","Gold rate in Pakistan decreased by Rs5,400 to Rs276,800 per tola in the local market on Thursday (Nov 7)",BOL News,"gold rate in pakistan on nov 7 down by rs5,400 to rs276,800 tola","gold rate in pakistan decreased by rs5,400 to rs276,800 per tola in the local market on thursday nov 7"
2024-11-07,GOLD,Gold vs. Energy: Better Stocks for November?,"There is minimal correlation between gold and energy's performance in any given market, so one can soar when the other slumps. This leads to promising opportunities.",The Motley Fool Canada,gold vs. energy better stocks for november,"there is minimal correlation between gold and energy's performance in any given market, so one can soar when the other slumps. this leads to promising opportunities."
2024-11-08,GOLD,What's the gold price forecast for November 2024?,Planning to add gold to your portfolio soon? Here's where gold prices could be headed this month.,CBS News,what's the gold price forecast for november 2024,planning to add gold to your portfolio soon here's where gold prices could be headed this month.
2024-11-08,GOLD,Alma Gold Announces Board Resignation and Consultant Continuation,"Stay Ahead of the Market:Discover outperforming stocks and invest smarter with Top Smart Score StocksFilter, analyze, and streamline your search...",Markets Insider,alma gold announces board resignation and consultant continuation,"stay ahead of the market discover outperforming stocks and invest smarter with top smart score stocksfilter, analyze, and streamline your search..."
2024-11-08,GOLD,Should gold investors add more to their portfolio as the price rises?,"Experts say that despite today's high gold prices, there are plenty of reasons to buy in.",CBS News,should gold investors add more to their portfolio as the price rises,"experts say that despite today's high gold prices, there are plenty of reasons to buy in."
2024-11-08,GOLD,"Inflation, Market Volatility and Geopolitics: Why Gold Remains A Key Player In 2024 Investment Portfolios","Gold, in addition to its safe-haven appeal, provides significant advantages in portfolio diversification.",News18,"inflation, market volatility and geopolitics why gold remains a key player in 2024 investment portfolios","gold, in addition to its safe-haven appeal, provides significant advantages in portfolio diversification."
2024-11-08,GOLD,Bullion market not excited about rate cut; to stay subdued for a while,Gold and silver prices decline as dollar strengthens post-Trump victory; analysts see long-term gains for bullion in 2025,Deccan Chronicle,bullion market not excited about rate cut to stay subdued for a while,gold and silver prices decline as dollar strengthens post-trump victory analysts see long-term gains for bullion in 2025
2024-11-08,GOLD,"Current price of gold: Nov. 11, 2024",Trends in gold prices could indicate whether the asset can protect against inflation. Here’s a look at how the precious metal is doing today.,Fortune,"current price of gold nov. 11, 2024",trends in gold prices could indicate whether the asset can protect against inflation. here s a look at how the precious metal is doing today.
2024-11-08,GOLD,BharatPe enters investment Market with 'Invest BharatPe': Launches digital gold for all,"Invest BhartPe has been introduced for Indian customers to buy digital gold at as low as Rs 100, and start their investment journey.",India TV News,bharatpe enters investment market with 'invest bharatpe' launches digital gold for all,"invest bhartpe has been introduced for indian customers to buy digital gold at as low as rs 100, and start their investment journey."
2024-11-10,GOLD,Gold Rate Falls In India: Check 22 Carat Price In Your City On November 10,Gold Rate Today In India: Know Retail Gold Price On November 10,News18,gold rate falls in india check 22 carat price in your city on november 10,gold rate today in india know retail gold price on november 10
2024-11-11,GOLD,Today’s Gold Price in Saudi Arabia - 11 November 2024,"Gold prices in Saudi Arabia experienced a decline on Monday, November 11, 2024, with the per tola rate for 24-karat gold falling",BOL News,today s gold price in saudi arabia - 11 november 2024,"gold prices in saudi arabia experienced a decline on monday, november 11, 2024, with the per tola rate for 24-karat gold falling"
2024-11-11,GOLD,iShares Bitcoin ETF now bigger than gold counterpart following rush into crypto on Trump win,The iShares Bitcoin ETF has already surpassed $30 billion in assets in less than a year on the market.,CNBC,ishares bitcoin etf now bigger than gold counterpart following rush into crypto on trump win,the ishares bitcoin etf has already surpassed $30 billion in assets in less than a year on the market.
2024-11-11,GOLD,"Gold rate in Pakistan on Nov 11 down by Rs1,300 to Rs277,500/tola","The gold rate in Pakistan decreased by Rs1,300 to Rs277,500 per tola in the local market on Monday (Nov 11).",BOL News,"gold rate in pakistan on nov 11 down by rs1,300 to rs277,500 tola","the gold rate in pakistan decreased by rs1,300 to rs277,500 per tola in the local market on monday nov 11 ."
2024-11-11,GOLD,Samantha Ruth Prabhu’s 18-carat yellow gold watch and your SUV are (probably) in the same price bracket,"Samantha Ruth Prabhu dazzles in a Bulgari Serpenti Tubogas watch and a stunning gold Kresha Bajaj dress at the Citadel: Honey Bunny screening. Discover the details of her luxury look, including the watch’s hefty price tag, stylish outfit, and glam makeup choices that made her appearance unforgettable.",The Indian Express,samantha ruth prabhu s 18-carat yellow gold watch and your suv are probably in the same price bracket,"samantha ruth prabhu dazzles in a bulgari serpenti tubogas watch and a stunning gold kresha bajaj dress at the citadel honey bunny screening. discover the details of her luxury look, including the watch s hefty price tag, stylish outfit, and glam makeup choices that made her appearance unforgettable."
2024-11-11,GOLD,Gold Rate Declines In India: Check 22 Carat Price In Your City On November 11,Gold Rate Today In India: Know Retail Gold Price On November 11.,News18,gold rate declines in india check 22 carat price in your city on november 11,gold rate today in india know retail gold price on november 11.
2024-11-11,GOLD,"ASX 200 LIVE; Shares slip as iron ore drops; Paladin Energy craters on guidance cut, bitcoin price rallies",Australian shares shrug off buoyant futures to dip lower. Bitcoin surges anew as Trump trades accelerate. Gold miners sink. Follow updates here.,Australian Financial Review,"asx 200 live shares slip as iron ore drops paladin energy craters on guidance cut, bitcoin price rallies",australian shares shrug off buoyant futures to dip lower. bitcoin surges anew as trump trades accelerate. gold miners sink. follow updates here.
2024-11-11,GOLD,How much is a gold bar worth right now?,"The price of gold has been fluctuating, so it's important to understand how much your gold bars are worth now.",CBS News,how much is a gold bar worth right now,"the price of gold has been fluctuating, so it's important to understand how much your gold bars are worth now."
2024-11-12,GOLD,"Gold rate in Pakistan on Nov 12 down by Rs7,000 to Rs270,500/tola","Gold prices in Pakistan saw a significant decline on Tuesday, following a drop in international rates. In the local market, the price per",BOL News,"gold rate in pakistan on nov 12 down by rs7,000 to rs270,500 tola","gold prices in pakistan saw a significant decline on tuesday, following a drop in international rates. in the local market, the price per"
2024-11-12,GOLD,Gold's price plunges from record highs: How to take advantage now,The price of gold is cooling again. Here are three ways investors can take advantage of it right now.,CBS News,gold's price plunges from record highs how to take advantage now,the price of gold is cooling again. here are three ways investors can take advantage of it right now.
2024-11-12,GOLD,Gold Prices Fall In India: Check 22 Carat Rate In Your City On November 12,Gold Rate Today In India: Know Retail Gold Price On November 12.,News18,gold prices fall in india check 22 carat rate in your city on november 12,gold rate today in india know retail gold price on november 12.
2024-11-13,GOLD,How far has gold's price dropped in November?,The price of gold was on a record run ... until this month. Here's what to know (and what to do) right now.,CBS News,how far has gold's price dropped in november,the price of gold was on a record run ... until this month. here's what to know and what to do right now.
2024-11-13,GOLD,"Gold rate in Pakistan on Nov 13 up by Rs1,400 to Rs271,900/tola","The gold rate in Pakistan further increased by Rs1,400 to Rs271,900 per tola in the local market on Wednesday (Nov 13).",BOL News,"gold rate in pakistan on nov 13 up by rs1,400 to rs271,900 tola","the gold rate in pakistan further increased by rs1,400 to rs271,900 per tola in the local market on wednesday nov 13 ."
2024-11-13,GOLD,Today's Gold Prices in Saudi Arabia,"On Wednesday, November 13, the price of 24-karat gold in Saudi Arabia dropped to 3,673 Saudi Riyals (SAR) per tola",BOL News,today's gold prices in saudi arabia,"on wednesday, november 13, the price of 24-karat gold in saudi arabia dropped to 3,673 saudi riyals sar per tola"
2024-11-14,GOLD,"Current price of gold: Nov. 25, 2024",Trends in gold prices could indicate whether the asset can protect against inflation. Here’s a look at how the precious metal is doing today.,Fortune,"current price of gold nov. 25, 2024",trends in gold prices could indicate whether the asset can protect against inflation. here s a look at how the precious metal is doing today.
2024-11-14,GOLD,"Current price of gold: Dec. 2, 2024",Trends in gold prices could indicate whether the asset can protect against inflation. Here’s a look at how the precious metal is doing today.,Fortune,"current price of gold dec. 2, 2024",trends in gold prices could indicate whether the asset can protect against inflation. here s a look at how the precious metal is doing today.
2024-11-14,GOLD,With gold's price high should beginners still invest? Experts weigh in,"For some investors, it may still be smart to buy gold right now, even with the price still high. Here's why.",CBS News,with gold's price high should beginners still invest experts weigh in,"for some investors, it may still be smart to buy gold right now, even with the price still high. here's why."
2024-11-14,GOLD,"India gold price cracks to Rs 73,612 per 10 gram on weak global cues","International gold price declines to 8-week low on stronger US dollar, treasury yields",The Indian Express,"india gold price cracks to rs 73,612 per 10 gram on weak global cues","international gold price declines to 8-week low on stronger us dollar, treasury yields"
2024-11-14,GOLD,Gold is suddenly not so glittery after Trump's White House victory,"Gold fell more than 4% in the four days since Election Day, when the broad U.S. stock market climbed nearly 4%.",Boston.com,gold is suddenly not so glittery after trump's white house victory,"gold fell more than 4% in the four days since election day, when the broad u.s. stock market climbed nearly 4%."
2024-11-14,GOLD,3 smart gold moves to make while the price is dropping,Gold's price is dipping. Here's how savvy investors can use these moves to capitalize on that trend.,CBS News,3 smart gold moves to make while the price is dropping,gold's price is dipping. here's how savvy investors can use these moves to capitalize on that trend.
2024-11-15,GOLD,"Gold, Peloton and agriculture","The high-profile chief of Greenlight Capital has been cautious on the market, saying it is the most expensive he has ever seen.",CNBC,"gold, peloton and agriculture","the high-profile chief of greenlight capital has been cautious on the market, saying it is the most expensive he has ever seen."
2024-11-15,GOLD,Gold’s glitter fades: What’s behind the post-Trump slump?,"Gold, once shining as the year’s top-performing asset, has lost its luster following Donald Trump’s election win. Prices have plunged over 8.5 per cent in two weeks, hitting $2,559 per ounce, as a surging US dollar and record-breaking stock market gains pulled investors toward riskier assets",Firstpost,gold s glitter fades what s behind the post-trump slump,"gold, once shining as the year s top-performing asset, has lost its luster following donald trump s election win. prices have plunged over 8.5 per cent in two weeks, hitting $2,559 per ounce, as a surging us dollar and record-breaking stock market gains pulled investors toward riskier assets"
2024-11-15,GOLD,"As gold's price falls, investors should remember these 3 things",A falling gold price shouldn't cause investors to forget these three critical items.,CBS News,"as gold's price falls, investors should remember these 3 things",a falling gold price shouldn't cause investors to forget these three critical items.
2024-11-15,GOLD,Gold prices down Rs300 per tola,"KARACHI: Gold prices decreased by Rs300 per tola on Saturday in the local market.The All Sindh Saraf Jewellers Association said that gold rates reached Rs267,400 per tola.Similarly, the price of...",The News International,gold prices down rs300 per tola,"karachi gold prices decreased by rs300 per tola on saturday in the local market.the all sindh saraf jewellers association said that gold rates reached rs267,400 per tola.similarly, the price of..."
2024-11-15,GOLD,What gold assets should you invest in now that the price has dropped?,"The price of gold is dropping, but savvy investors could capitalize on that trend by pursuing these specific assets.",CBS News,what gold assets should you invest in now that the price has dropped,"the price of gold is dropping, but savvy investors could capitalize on that trend by pursuing these specific assets."
2024-11-15,GOLD,Today’s Gold Prices in Saudi Arabia - 15 November 2024,"The price of 24-karat gold in Saudi Arabia on Friday, November 15, 2024, stands at SAR 3,633 per tola, as reported by forex.pk",BOL News,today s gold prices in saudi arabia - 15 november 2024,"the price of 24-karat gold in saudi arabia on friday, november 15, 2024, stands at sar 3,633 per tola, as reported by forex.pk"
2024-11-15,GOLD,"Gold rate in Pakistan on Nov 15 up by Rs1,300 to Rs267,700/tola","The gold rate in Pakistan further increased by Rs1,300 to Rs267,700 per tola in the local market on Friday (Nov 15).",BOL News,"gold rate in pakistan on nov 15 up by rs1,300 to rs267,700 tola","the gold rate in pakistan further increased by rs1,300 to rs267,700 per tola in the local market on friday nov 15 ."
2024-11-16,GOLD,Today's Gold Prices in Saudi Arabia,"As of Saturday, November 16, 2024, the price of 24-karat gold in Saudi Arabia is set at 3,600 Saudi Riyals (SAR) per tola",BOL News,today's gold prices in saudi arabia,"as of saturday, november 16, 2024, the price of 24-karat gold in saudi arabia is set at 3,600 saudi riyals sar per tola"
2024-11-16,GOLD,A Costco Gold Star Membership costs $65-here's how to get it for $20,The warehouse store chain recently raised the price of its annual membership.,CNBC,a costco gold star membership costs $65-here's how to get it for $20,the warehouse store chain recently raised the price of its annual membership.
2024-11-16,GOLD,Gold Prices Tumble: Market Adjusts Amidst Strong Dollar and Inflation Concerns,"Gold prices have dropped significantly by around 6% since Diwali, influenced by a rising dollar and US inflation concerns. The price per 10 grams of 24-carat gold fell from Rs80,710 to Rs75,920, reflecting global economic pressures. Analysts predict market trends will depend on upcoming indicators and Fed announcements.",Devdiscourse,gold prices tumble market adjusts amidst strong dollar and inflation concerns,"gold prices have dropped significantly by around 6% since diwali, influenced by a rising dollar and us inflation concerns. the price per 10 grams of 24-carat gold fell from rs80,710 to rs75,920, reflecting global economic pressures. analysts predict market trends will depend on upcoming indicators and fed announcements."
2024-11-16,GOLD,Gold Rate Today In India: Check 22 Carat Price In Your City On November 16,Gold Rate Today In India: Know Retail Gold Price On November 16,News18,gold rate today in india check 22 carat price in your city on november 16,gold rate today in india know retail gold price on november 16
2024-11-16,GOLD,TD Bank’s venture into the peculiar world of alien gold coins and other precious metal collectibles,"The online store of TD Precious Metals has quietly become one of the largest purveyors of gold and silver items in Canada’s retail market, introducing custom-themed items that go beyond the traditional one-ounce branded bars most banks offer",The Globe and Mail,td bank s venture into the peculiar world of alien gold coins and other precious metal collectibles,"the online store of td precious metals has quietly become one of the largest purveyors of gold and silver items in canada s retail market, introducing custom-themed items that go beyond the traditional one-ounce branded bars most banks offer"
2024-11-16,GOLD,"Gold rate in Pakistan on Nov 16 down by Rs300 to Rs267,400/tola","The gold rate in Pakistan further decreased by Rs300 to Rs267,400 per tola in the local market on Saturday (Nov 16).",BOL News,"gold rate in pakistan on nov 16 down by rs300 to rs267,400 tola","the gold rate in pakistan further decreased by rs300 to rs267,400 per tola in the local market on saturday nov 16 ."
2024-11-17,GOLD,A gold pocket watch given to the captain who rescued Titanic survivors sells for a record price,"A gold pocket watch given to the ship captain who rescued 700 survivors from the Titanic sold at auction for nearly $2 million, setting a record for memorabilia from the ship wreck.",CP24 Toronto,a gold pocket watch given to the captain who rescued titanic survivors sells for a record price,"a gold pocket watch given to the ship captain who rescued 700 survivors from the titanic sold at auction for nearly $2 million, setting a record for memorabilia from the ship wreck."
2024-11-17,GOLD,Gold pocket watch given to captain who rescued Titanic survivors sells for record price,"A gold pocket watch given to the ship captain who rescued 700 survivors from the Titanic sold at auction for nearly $2 million, setting a record for...",New York Post,gold pocket watch given to captain who rescued titanic survivors sells for record price,"a gold pocket watch given to the ship captain who rescued 700 survivors from the titanic sold at auction for nearly $2 million, setting a record for..."
2024-11-17,GOLD,Watch given to captain who rescued Titanic survivors sells for record price,"A gold pocket watch given to the ship captain who rescued 700 survivors from the Titanic sold at auction for nearly $2 million, setting a record for memorabilia from the ship wreck.",Chicago Tribune,watch given to captain who rescued titanic survivors sells for record price,"a gold pocket watch given to the ship captain who rescued 700 survivors from the titanic sold at auction for nearly $2 million, setting a record for memorabilia from the ship wreck."
2024-11-17,GOLD,A gold pocket watch given to the captain who rescued Titanic survivors sells for record price,"The 18-carat Tiffany & Co. watch was given by three women survivors to Capt. Arthur Rostron for diverting his passenger ship, the RMS Carpathia, to save them and others after the Titanic struck an iceberg and sank",The Globe and Mail,a gold pocket watch given to the captain who rescued titanic survivors sells for record price,"the 18-carat tiffany co. watch was given by three women survivors to capt. arthur rostron for diverting his passenger ship, the rms carpathia, to save them and others after the titanic struck an iceberg and sank"
2024-11-17,GOLD,Gold Rate Today In India: Check 22 Carat Price In Your City On November 17,Gold Rate Today In India: Know Retail Gold Price On November 17,News18,gold rate today in india check 22 carat price in your city on november 17,gold rate today in india know retail gold price on november 17
2024-11-17,GOLD,Why this 'sector leading' ASX 200 gold stock could deliver market-beating returns,This ASX 200 gold stock could deliver big returns for investors over the next 12 months according to analysts at Bell Potter...,The Motley Fool Australia,why this 'sector leading' asx 200 gold stock could deliver market-beating returns,this asx 200 gold stock could deliver big returns for investors over the next 12 months according to analysts at bell potter...
2024-11-18,GOLD,Gold pocket watch given to captain who rescued Titanic survivors sells for record price,A gold pocket watch given to the ship captain who rescued 700 survivors from the Titanic has sold at auction for nearly $2 million.,KABC-TV,gold pocket watch given to captain who rescued titanic survivors sells for record price,a gold pocket watch given to the ship captain who rescued 700 survivors from the titanic has sold at auction for nearly $2 million.
2024-11-18,GOLD,Gold Rate Today In India: Check 22 Carat Price In Your City On November 18,Gold Rate Today In India: Know Retail Gold Price On November 18,News18,gold rate today in india check 22 carat price in your city on november 18,gold rate today in india know retail gold price on november 18
2024-11-18,GOLD,Donald Trump's presidency could push gold to a fresh all time high by the end of next year,Goldman Sachs sees plenty of upside in the price of bullion over the next 13 months amid concerns over U.S. tariffs and debt ahead of Trump taking office.,Fortune,donald trump's presidency could push gold to a fresh all time high by the end of next year,goldman sachs sees plenty of upside in the price of bullion over the next 13 months amid concerns over u.s. tariffs and debt ahead of trump taking office.
2024-11-18,GOLD,"Current price of gold: Nov. 19, 2024",Trends in gold prices could indicate whether the asset can protect against inflation. Here’s a look at how the precious metal is doing today.,Fortune,"current price of gold nov. 19, 2024",trends in gold prices could indicate whether the asset can protect against inflation. here s a look at how the precious metal is doing today.
2024-11-18,GOLD,Is gold still worth buying this holiday season?,"With the price of gold high, some buyers may be considering skipping it this holiday season. Here's what to consider.",CBS News,is gold still worth buying this holiday season,"with the price of gold high, some buyers may be considering skipping it this holiday season. here's what to consider."
2024-11-18,GOLD,"S&P/TSX composite up as gold, oil climb; U.S. stocks mixed",TORONTO - Canada's main stock index climbed Monday as the price of oil and gold both strengthened and investors continued to digest the market implications of another Donald Trump presidency.,Toronto Star,"s p tsx composite up as gold, oil climb u.s. stocks mixed",toronto - canada's main stock index climbed monday as the price of oil and gold both strengthened and investors continued to digest the market implications of another donald trump presidency.
2024-11-18,GOLD,"Gold rate in Pakistan on Nov 18 up by Rs2,500 to Rs269,900/tola","The gold rate in Pakistan further increased by Rs2,500 to Rs269,900 per tola in the local market on Monday (Nov 18).",BOL News,"gold rate in pakistan on nov 18 up by rs2,500 to rs269,900 tola","the gold rate in pakistan further increased by rs2,500 to rs269,900 per tola in the local market on monday nov 18 ."
2024-11-18,GOLD,"Canadian Mining Stocks: Buy, Sell, or Hold?","Explore 2025’s top Canadian mining stocks – gold, uranium, and base metals offer big potential in a dynamic, commodity-driven market.",The Motley Fool Canada,"canadian mining stocks buy, sell, or hold","explore 2025 s top canadian mining stocks gold, uranium, and base metals offer big potential in a dynamic, commodity-driven market."
2024-11-18,GOLD,"'Go for gold' says Goldman Sachs, but other Wall Street banks aren't so sure","JPMorgan prefers other assets that offer annual yields. UBS, meanwhile, says gold price growth is likely to slow.",CNBC,"'go for gold' says goldman sachs, but other wall street banks aren't so sure","jpmorgan prefers other assets that offer annual yields. ubs, meanwhile, says gold price growth is likely to slow."
2024-11-19,GOLD,Why are ASX gold shares rebounding today?,"ASX gold shares, including Northern Star Resources Ltd (ASX: NST), are rallying after the gold price lifted 1.9% overnight.",The Motley Fool Australia,why are asx gold shares rebounding today,"asx gold shares, including northern star resources ltd asx nst , are rallying after the gold price lifted 1.9% overnight."
2024-11-19,GOLD,Gold pocket watch given to captain who rescued Titanic survivors sells for record price,"The 18-carat Tiffany & Co. watch was given by three women survivors to Capt. Arthur Rostron for diverting his passenger ship, the RMS Carpathia, to save them and others after the Titanic struck an iceberg and sank in the north Atlantic.",CBS News,gold pocket watch given to captain who rescued titanic survivors sells for record price,"the 18-carat tiffany co. watch was given by three women survivors to capt. arthur rostron for diverting his passenger ship, the rms carpathia, to save them and others after the titanic struck an iceberg and sank in the north atlantic."
2024-11-19,GOLD,"Guyana is a bridge for Indian businesses to North America. Invest in rice, timber, gold","Indian companies can set up gold refineries and enhance the value manifold by setting up jewellery manufacturing units, for which there is a market in North America.",ThePrint,"guyana is a bridge for indian businesses to north america. invest in rice, timber, gold","indian companies can set up gold refineries and enhance the value manifold by setting up jewellery manufacturing units, for which there is a market in north america."
2024-11-19,GOLD,"Gold rate in Pakistan on Nov 19 up by Rs3,600 to Rs273,500/tola","The gold rate in Pakistan further increased by Rs3,600 to Rs273,500 per tola in the local market on Tuesday (Nov 19).",BOL News,"gold rate in pakistan on nov 19 up by rs3,600 to rs273,500 tola","the gold rate in pakistan further increased by rs3,600 to rs273,500 per tola in the local market on tuesday nov 19 ."
2024-11-19,GOLD,Stock market today: Wall Street slips following escalations in the Russia-Ukraine war,"NEW YORK (AP) — U.S. stocks are slipping following escalations in the Russia-Ukraine war, as investors herd into gold, Treasury bonds and other investments traditionally seen as safer during times of trouble. The S&P 500 was 0.",GuelphToday,stock market today wall street slips following escalations in the russia-ukraine war,"new york ap u.s. stocks are slipping following escalations in the russia-ukraine war, as investors herd into gold, treasury bonds and other investments traditionally seen as safer during times of trouble. the s p 500 was 0."
2024-11-19,GOLD,Gold Rate Rises In India: Check 22 Carat Price In Your City On November 19,Gold Rate Today In India: Know Retail Gold Price On November 19,News18,gold rate rises in india check 22 carat price in your city on november 19,gold rate today in india know retail gold price on november 19
2024-11-19,GOLD,Lauren Price to defend world title on December 14 Natasha Jonas bill live on Sky Sports,Olympic gold medallist Lauren Price is set to make her first defence of the WBA welterweight world championship on the December 14 bill topped by Natasha Jonas unification battle with Ivana Habazin at the Liverpool Exhibition Centre; Price will face unbeaten challenger Bexcy Mateus,Sky Sports,lauren price to defend world title on december 14 natasha jonas bill live on sky sports,olympic gold medallist lauren price is set to make her first defence of the wba welterweight world championship on the december 14 bill topped by natasha jonas unification battle with ivana habazin at the liverpool exhibition centre price will face unbeaten challenger bexcy mateus
2024-11-20,GOLD,MMTC-PAMP Honored at Forbes India DGEMS 2024 for Transforming Precious Metals Industry,"MMTC-PAMP, India's premier LBMA-accredited gold and silver refiner, has been distinguished as one of the top 10 fast-growing companies at the Forbes India D Globalist Entrepreneur Mobility Summit 2024. The recognition highlights their innovative strides in transforming India's precious metals market and global industry leadership.",Devdiscourse,mmtc-pamp honored at forbes india dgems 2024 for transforming precious metals industry,"mmtc-pamp, india's premier lbma-accredited gold and silver refiner, has been distinguished as one of the top 10 fast-growing companies at the forbes india d globalist entrepreneur mobility summit 2024. the recognition highlights their innovative strides in transforming india's precious metals market and global industry leadership."
2024-11-20,GOLD,Gold Rate Rises In India: Check 22 Carat Price In Your City On November 20,Gold Rate Today In India: Know Retail Gold Price On November 20,News18,gold rate rises in india check 22 carat price in your city on november 20,gold rate today in india know retail gold price on november 20
2024-11-20,GOLD,"Q1 2025 Crypto Price Predictions: Solana (SOL) to $714, Ripple (XRP) to $8.30, and Rexas Finance (RXS) to $11","Rexas Finance bridges the gap between tangible assets like real estate, gold, and art with the digital world, therefore transforming real-world asset (RWA) tokenization from a token to a revolution.",ThePrint,"q1 2025 crypto price predictions solana sol to $714, ripple xrp to $8.30, and rexas finance rxs to $11","rexas finance bridges the gap between tangible assets like real estate, gold, and art with the digital world, therefore transforming real-world asset rwa tokenization from a token to a revolution."
2024-11-20,GOLD,"Gold slips Rs 150 to Rs 77,900 per 10 gm; silver declines Rs 500","Price of gold of 99.5 per cent purity fell Rs 150 to Rs 77,500 per 10 grams against the previous close of Rs 77,650 per 10 grams on Tuesday.",The Indian Express,"gold slips rs 150 to rs 77,900 per 10 gm silver declines rs 500","price of gold of 99.5 per cent purity fell rs 150 to rs 77,500 per 10 grams against the previous close of rs 77,650 per 10 grams on tuesday."
2024-11-20,GOLD,Are gold bars and coins a smart investment right now?,"There are many gold assets to consider, but buying gold bars and coins could be a good move in today's market.",CBS News,are gold bars and coins a smart investment right now,"there are many gold assets to consider, but buying gold bars and coins could be a good move in today's market."
2024-11-20,GOLD,Market Dynamics Amid Global Tensions and Record-breaking Bitcoin Surge,"Global markets experienced mixed responses amid tensions between Russia and the West, with significant shifts in tech stocks and commodities. Notable movements included Nvidia's slight dip, a record high for Bitcoin, and fluctuating gold prices. Oil and currency shifts added to the financial landscape's complexity.",Devdiscourse,market dynamics amid global tensions and record-breaking bitcoin surge,"global markets experienced mixed responses amid tensions between russia and the west, with significant shifts in tech stocks and commodities. notable movements included nvidia's slight dip, a record high for bitcoin, and fluctuating gold prices. oil and currency shifts added to the financial landscape's complexity."
2024-11-21,GOLD,"Volatile Markets: Nvidia’s Forecast, Bitcoin’s Surge, and Global Tensions","Global markets faced fluctuations as Nvidia's revenue growth forecast underwhelmed investors, while Bitcoin neared $100,000, driven by anticipated policy shifts under U.S. President-elect Donald Trump. Rising tensions in the Ukraine-Russia war and Indian conglomerate Adani Group's legal troubles also impacted market dynamics, boosting dollar and gold prices.",Devdiscourse,"volatile markets nvidia s forecast, bitcoin s surge, and global tensions","global markets faced fluctuations as nvidia's revenue growth forecast underwhelmed investors, while bitcoin neared $100,000, driven by anticipated policy shifts under u.s. president-elect donald trump. rising tensions in the ukraine-russia war and indian conglomerate adani group's legal troubles also impacted market dynamics, boosting dollar and gold prices."
2024-11-21,GOLD,"Gold prices up Rs2,500 per tola","KARACHI: Gold prices rose by Rs2,500 per tola on Friday in the local market following an increase in the international market.The All Sindh Saraf Jewellers Association said that gold rates reached...",The News International,"gold prices up rs2,500 per tola","karachi gold prices rose by rs2,500 per tola on friday in the local market following an increase in the international market.the all sindh saraf jewellers association said that gold rates reached..."
2024-11-21,GOLD,Bravemansgame 'a generous price' for Betfair Chase - and Paul Nicholls has plan that he hopes can reignite his stable star,Paul Nicholls insists Bravemansgame is overpriced for the Betfair Chase and hopes the trick of applying first-time blinkers he used for Gold Cup... Read More,Racing Post,bravemansgame 'a generous price' for betfair chase - and paul nicholls has plan that he hopes can reignite his stable star,paul nicholls insists bravemansgame is overpriced for the betfair chase and hopes the trick of applying first-time blinkers he used for gold cup... read more
2024-11-21,GOLD,Gold Price in Pakistan Sees Major Jump Again,"Gold prices in Pakistan surged for the third consecutive day on Thursday, following trends in the global market",BOL News,gold price in pakistan sees major jump again,"gold prices in pakistan surged for the third consecutive day on thursday, following trends in the global market"
2024-11-21,GOLD,Gold Rate Rises In India: Check 22 Carat Price In Your City On November 21,Gold Rate Today In India: Know Retail Gold Price On November 21,News18,gold rate rises in india check 22 carat price in your city on november 21,gold rate today in india know retail gold price on november 21
2024-11-22,GOLD,What the Gold-to-Oil Ratio Reveals About Market Trends,"This article explores the historical relationship between gold and oil prices, using the gold-to-oil ratio to illuminate economic trends and market dynamics.",Yahoo Finance,what the gold-to-oil ratio reveals about market trends,"this article explores the historical relationship between gold and oil prices, using the gold-to-oil ratio to illuminate economic trends and market dynamics."
2024-11-22,GOLD,Gold Prices Rise In India: Check 22 Carat Rate In Your City On November 22,Gold Rate Today In India: Know Retail Gold Price On November 22.,News18,gold prices rise in india check 22 carat rate in your city on november 22,gold rate today in india know retail gold price on november 22.
2024-11-22,GOLD,"Gold surges Rs 1,100 to Rs 80,400 per 10 gm; silver climbs Rs 300","Price of gold of 99.5 per cent purity soared Rs 1,100, extending the gains for the second consecutive day to Rs 80,000 per 10 gm. On the other hand, silver climbed to Rs 93,300 per kg.",The Indian Express,"gold surges rs 1,100 to rs 80,400 per 10 gm silver climbs rs 300","price of gold of 99.5 per cent purity soared rs 1,100, extending the gains for the second consecutive day to rs 80,000 per 10 gm. on the other hand, silver climbed to rs 93,300 per kg."
2024-11-22,GOLD,"Gold rate in Pakistan on Nov 22 up by Rs2,500 to Rs280,500/tola","The gold rate in Pakistan further increased by Rs2,500 to Rs280,500 per tola in the local market on Friday (Nov 22).",BOL News,"gold rate in pakistan on nov 22 up by rs2,500 to rs280,500 tola","the gold rate in pakistan further increased by rs2,500 to rs280,500 per tola in the local market on friday nov 22 ."
2024-11-22,GOLD,Surging Markets Shake Up Global Economy Amid Trump's Policy Signals,"Global equities experienced strong weekly gains as U.S. Treasury yields fell, driven by market speculation on President-elect Trump's economic policies. Wall Street closed higher, with various sectors showing mixed performances. Key highlights included Nvidia's volatile results, bitcoin’s near $100,000 achievement, and significant movements in oil and gold prices.",Devdiscourse,surging markets shake up global economy amid trump's policy signals,"global equities experienced strong weekly gains as u.s. treasury yields fell, driven by market speculation on president-elect trump's economic policies. wall street closed higher, with various sectors showing mixed performances. key highlights included nvidia's volatile results, bitcoin s near $100,000 achievement, and significant movements in oil and gold prices."
2024-11-23,GOLD,"Gold Price in Pakistan Increases by Rs. 2,200 on Saturday","Gold prices have seen a consistent rise in both global and local markets, continuing their upward momentum over the weekend",BOL News,"gold price in pakistan increases by rs. 2,200 on saturday","gold prices have seen a consistent rise in both global and local markets, continuing their upward momentum over the weekend"
2024-11-23,GOLD,Jo Malone fans race to buy luxurious fragrance gift set before it sells out,Bargain hunters are racing to buy a luxurious fragrance at a discounted price in a Christmas gift set. The Jo Malone London Gold Ornament includes two popular products from the range,Birmingham Live,jo malone fans race to buy luxurious fragrance gift set before it sells out,bargain hunters are racing to buy a luxurious fragrance at a discounted price in a christmas gift set. the jo malone london gold ornament includes two popular products from the range
2024-11-23,GOLD,Precious Metals Fluctuate Wildly Following U.S. Election,"This article explores the volatile precious metals market following the US election, analyzing the impact of the dollar's strength, supply disruptions, and varying analyst predictions on gold, silver, platinum, and palladium prices.",Yahoo Finance,precious metals fluctuate wildly following u.s. election,"this article explores the volatile precious metals market following the us election, analyzing the impact of the dollar's strength, supply disruptions, and varying analyst predictions on gold, silver, platinum, and palladium prices."
2024-11-24,GOLD,Gold Rate Today In India: Check 22 Carat Price In Your City On November 24,Gold Rate Today In India: Know Retail Gold Price On November 24,News18,gold rate today in india check 22 carat price in your city on november 24,gold rate today in india know retail gold price on november 24
2024-11-24,GOLD,Three experts give their early take on the Cheltenham Gold Cup - with differing views on the likeliest winner,"Fact To File dazzled in the John Durkan Memorial Chase, edging out fellow young pretender Spillane's Tower to shoot to the head of the market for the... Read More",Racing Post,three experts give their early take on the cheltenham gold cup - with differing views on the likeliest winner,"fact to file dazzled in the john durkan memorial chase, edging out fellow young pretender spillane's tower to shoot to the head of the market for the... read more"
2024-11-25,GOLD,Is gold still safe for seniors to invest in?,"The price of gold has surged in 2024, leading some seniors to question if it's still safe to invest in.",CBS News,is gold still safe for seniors to invest in,"the price of gold has surged in 2024, leading some seniors to question if it's still safe to invest in."
2024-11-25,GOLD,"Barrick Gold stock falls as CIBC cuts price target, issues downgrade",Shares of Barrick and its senior gold-producing peers have struggled on the heels of disappointing third-quarter financial results.,Yahoo Canada Finance,"barrick gold stock falls as cibc cuts price target, issues downgrade",shares of barrick and its senior gold-producing peers have struggled on the heels of disappointing third-quarter financial results.
2024-11-25,GOLD,Today’s Gold Prices in Saudi Arabia - 25 November 2024,"The price of 24-karat gold per tola in Saudi Arabia reached 3,809 Saudi Riyals (SAR) on Monday, November 25, 2024",BOL News,today s gold prices in saudi arabia - 25 november 2024,"the price of 24-karat gold per tola in saudi arabia reached 3,809 saudi riyals sar on monday, november 25, 2024"
2024-11-25,GOLD,"Current price of gold: Nov. 26, 2024",Trends in gold prices could indicate whether the asset can protect against inflation. Here’s a look at how the precious metal is doing today.,Fortune,"current price of gold nov. 26, 2024",trends in gold prices could indicate whether the asset can protect against inflation. here s a look at how the precious metal is doing today.
2024-11-25,GOLD,Gold Rate Rises In India: Check 22 Carat Price In Your City On November 25,Gold Rate Today In India: Know Retail Gold Price On November 25,News18,gold rate rises in india check 22 carat price in your city on november 25,gold rate today in india know retail gold price on november 25
2024-11-25,GOLD,Market Surge as Investors Welcome New U.S. Treasury Secretary Pick,"The global equities gauge rose and U.S. government bonds rallied as investors welcomed Scott Bessent as the new U.S. Treasury secretary. Wall Street indices hit records due to hopes of tax cuts and fiscal caution. Oil and gold prices fell, while the dollar weakened.",Devdiscourse,market surge as investors welcome new u.s. treasury secretary pick,"the global equities gauge rose and u.s. government bonds rallied as investors welcomed scott bessent as the new u.s. treasury secretary. wall street indices hit records due to hopes of tax cuts and fiscal caution. oil and gold prices fell, while the dollar weakened."
2024-11-25,GOLD,"Gold rate in Pakistan on Nov 25 down by Rs4,300 to Rs278,400/tola","The gold rate in Pakistan further decreased by Rs4,300 to Rs278,400 per tola in the local market on Monday (Nov 25).",BOL News,"gold rate in pakistan on nov 25 down by rs4,300 to rs278,400 tola","the gold rate in pakistan further decreased by rs4,300 to rs278,400 per tola in the local market on monday nov 25 ."
2024-11-25,GOLD,"Gold prices down Rs4,100 per tola","KARACHI: Gold prices decreased by Rs4,100 per tola on Tuesday in the local market. The All Sindh Saraf Jewellers Association said that gold rates reached Rs274,300 per tola.Similarly, the price of...",The News International,"gold prices down rs4,100 per tola","karachi gold prices decreased by rs4,100 per tola on tuesday in the local market. the all sindh saraf jewellers association said that gold rates reached rs274,300 per tola.similarly, the price of..."
2024-11-26,GOLD,"Gold price today November 26: Check latest rates in Delhi, Chennai, Mumbai, Kolkata and other cities","Gold prices on November 26: Gold prices saw a slight dip on Tuesday, with 24-carat gold being priced at Rs. 7,871.3 per gram, marking a significant decrease of Rs 1,090.",India TV News,"gold price today november 26 check latest rates in delhi, chennai, mumbai, kolkata and other cities","gold prices on november 26 gold prices saw a slight dip on tuesday, with 24-carat gold being priced at rs. 7,871.3 per gram, marking a significant decrease of rs 1,090."
2024-11-26,GOLD,Gold Rate Falls In India: Check 22 Carat Price In Your City On November 26,"Gold Rate Today In India: Know Retail Gold Price On November 26 In Different Indian Cities Inclusing Delhi, Mumbai, Among Others",News18,gold rate falls in india check 22 carat price in your city on november 26,"gold rate today in india know retail gold price on november 26 in different indian cities inclusing delhi, mumbai, among others"
2024-11-26,GOLD,What's going on with the Newmont share price today?,Most ASX 200 gold shares are dropping this Tuesday. But not the Newmont Corporation (ASX: NEM) share price. What's going on?,The Motley Fool Australia,what's going on with the newmont share price today,most asx 200 gold shares are dropping this tuesday. but not the newmont corporation asx nem share price. what's going on
2024-11-26,GOLD,Coral Gold Cup market springer understandable given his trainer's form - but don't rule out this mare if the mud flies,Robbie Wilders with his early take on the weekend action,Racing Post,coral gold cup market springer understandable given his trainer's form - but don't rule out this mare if the mud flies,robbie wilders with his early take on the weekend action
2024-11-26,GOLD,Should you look at conservative hybrid funds amid the market rally?,"Multi-asset allocation funds are structured to invest in a mix of asset classes—commonly equities, debt, and gold—offering diversification benefits.",Livemint,should you look at conservative hybrid funds amid the market rally,"multi-asset allocation funds are structured to invest in a mix of asset classes commonly equities, debt, and gold offering diversification benefits."
2024-11-26,GOLD,The fall and rise of fine jewellery startup BlueStone,"Not long ago, jewellery was a category dominated by companies such as Malabar Gold and Kalyan Jewellers. A bunch of startups—CaratLane, BlueStone, Melorra and Giva—are now redefining the market. BlueStone, laid low by the pandemic, has turned around. This is how it survived",Livemint,the fall and rise of fine jewellery startup bluestone,"not long ago, jewellery was a category dominated by companies such as malabar gold and kalyan jewellers. a bunch of startups caratlane, bluestone, melorra and giva are now redefining the market. bluestone, laid low by the pandemic, has turned around. this is how it survived"
2024-11-26,GOLD,Market Reactions to Tariff Announcements: Dollar Strengthens and Stocks Rise,"The U.S. dollar gained amidst tariff discussions led by President-elect Donald Trump. Stock indices turned positive following the Federal Reserve's meeting minutes. However, investor reactions to potential tariffs on Canada, Mexico, and China moderated. Oil, Bitcoin, and gold experienced fluctuations due to varying market influences.",Devdiscourse,market reactions to tariff announcements dollar strengthens and stocks rise,"the u.s. dollar gained amidst tariff discussions led by president-elect donald trump. stock indices turned positive following the federal reserve's meeting minutes. however, investor reactions to potential tariffs on canada, mexico, and china moderated. oil, bitcoin, and gold experienced fluctuations due to varying market influences."
2024-11-27,GOLD,"Gold Prices Drop By Nearly Rs 16,000 In Nepal, Consumers Make A Beeline","The price of hallmark gold in Nepal dropped from Rs 1,67,200 per tola on Sunday to Rs 1,51,300 per tola on Monday.",News18,"gold prices drop by nearly rs 16,000 in nepal, consumers make a beeline","the price of hallmark gold in nepal dropped from rs 1,67,200 per tola on sunday to rs 1,51,300 per tola on monday."
2024-11-27,GOLD,"Gold Rate Today, 27 November: Gold prices in India fall amid Israel-Hezbollah ceasefire agreement","Gold Rate in India Today, 27 November: Check Today’s Latest Gold Rate in India on Indian Express. Get the latest 21K, 22K & 24K gold prices, news, live rate updates, and more insights on gold price trends.",The Indian Express,"gold rate today, 27 november gold prices in india fall amid israel-hezbollah ceasefire agreement","gold rate in india today, 27 november check today s latest gold rate in india on indian express. get the latest 21k, 22k 24k gold prices, news, live rate updates, and more insights on gold price trends."
2024-11-27,GOLD,"Gold price today November 27: Check latest rates in Delhi, Chennai, Mumbai, Kolkata and other cities","Gold prices on November 27: The prices of gold across India remained stable on Wednesday, providing a sense of predictability for buyers as well as investors.",India TV News,"gold price today november 27 check latest rates in delhi, chennai, mumbai, kolkata and other cities","gold prices on november 27 the prices of gold across india remained stable on wednesday, providing a sense of predictability for buyers as well as investors."
2024-11-27,GOLD,Gold Rate Today Falls In India: Check 22 Carat Price In Your City On November 27,Gold Rate Today In India: Know Retail Gold Price On November 27 In Different Indian Cities Including Delhi and Mumbai,News18,gold rate today falls in india check 22 carat price in your city on november 27,gold rate today in india know retail gold price on november 27 in different indian cities including delhi and mumbai
2024-11-27,GOLD,"Gold rate in Pakistan on Nov 27 up by Rs1,600 to Rs275,900/tola","The gold rate in Pakistan further increased by Rs1,600 to Rs275,900 per tola in the local market on Wednesday (Nov 27).",BOL News,"gold rate in pakistan on nov 27 up by rs1,600 to rs275,900 tola","the gold rate in pakistan further increased by rs1,600 to rs275,900 per tola in the local market on wednesday nov 27 ."
2024-11-28,GOLD,"Gold rate in Pakistan on Nov 28 down by Rs700 to Rs275,200/tola","The gold rate in Pakistan further decreased by Rs700 to Rs275,200 per tola in the local market on Thursday (Nov 28).",BOL News,"gold rate in pakistan on nov 28 down by rs700 to rs275,200 tola","the gold rate in pakistan further decreased by rs700 to rs275,200 per tola in the local market on thursday nov 28 ."
2024-11-28,GOLD,The Galaxy Watch 7 is officially our new favorite small smartwatch,"We just updated our ranking of the best smartwatches for small wrists, and it was quite an overhaul, with Samsung's Galaxy Watch 7 officially taking the top spot. It remains the Wear OS gold standard, and the 40mm model is compact enough to suit smaller arms.
The Pixel Watch 3 made waves for adding a larger size this year, but we reckon its returning 41mm model still makes the most sense for anyone with a small wrist but a large budget, while the Amazfit Balance is our value pick: at 46mm it's not a compact watch, but its lightweight aluminum build actually makes it more comfortable to wear than some smaller models.
Of course, with Black Friday in full swing, most of these watches are on offer right now, so it's the perfect time to pick one up if you're in the market for a smaller smartwatch right now.",Android Police,the galaxy watch 7 is officially our new favorite small smartwatch,"we just updated our ranking of the best smartwatches for small wrists, and it was quite an overhaul, with samsung's galaxy watch 7 officially taking the top spot. it remains the wear os gold standard, and the 40mm model is compact enough to suit smaller arms. the pixel watch 3 made waves for adding a larger size this year, but we reckon its returning 41mm model still makes the most sense for anyone with a small wrist but a large budget, while the amazfit balance is our value pick at 46mm it's not a compact watch, but its lightweight aluminum build actually makes it more comfortable to wear than some smaller models. of course, with black friday in full swing, most of these watches are on offer right now, so it's the perfect time to pick one up if you're in the market for a smaller smartwatch right now."
2024-11-29,GOLD,"Gold price today November 29: Check latest rates in Delhi, Chennai, Mumbai and Kolkata","Gold prices saw a significant rise on Friday, with both domestic futures and global prices gaining amid recent volatility.",India TV News,"gold price today november 29 check latest rates in delhi, chennai, mumbai and kolkata","gold prices saw a significant rise on friday, with both domestic futures and global prices gaining amid recent volatility."
2024-11-29,GOLD,Today’s Gold Rates in Saudi Arabia - 29 November 2024,"The price of 24-karat gold per tola in Saudi Arabia rose on Friday, November 29, reaching 3,711 Saudi Riyals (SAR)",BOL News,today s gold rates in saudi arabia - 29 november 2024,"the price of 24-karat gold per tola in saudi arabia rose on friday, november 29, reaching 3,711 saudi riyals sar"
2024-11-30,GOLD,"Gold rate in Pakistan on Nov 30 down by Rs1,100 to Rs276,200/tola","The gold rate in Pakistan further decreased by Rs1,100 to Rs276,200 per tola in the local market on Saturday (Nov 30).",BOL News,"gold rate in pakistan on nov 30 down by rs1,100 to rs276,200 tola","the gold rate in pakistan further decreased by rs1,100 to rs276,200 per tola in the local market on saturday nov 30 ."
2024-11-30,GOLD,"Gold price dips ₹2000 per 10 gm this month. Should you buy on escalating Russia-Ukraine war, wedding season in India?","Gold rate today: According to experts, escalation in the Russia-Ukraine war and wedding season in India may support gold prices",Livemint,"gold price dips 2000 per 10 gm this month. should you buy on escalating russia-ukraine war, wedding season in india","gold rate today according to experts, escalation in the russia-ukraine war and wedding season in india may support gold prices"
2024-11-30,GOLD,Today’s Gold Rates in Saudi Arabia - 30 November 2024,"The price of 24-karat gold per tola in Saudi Arabia witnessed an increase on Saturday, 30 November, reaching 3,740 Saudi Riyals",BOL News,today s gold rates in saudi arabia - 30 november 2024,"the price of 24-karat gold per tola in saudi arabia witnessed an increase on saturday, 30 november, reaching 3,740 saudi riyals"
2024-11-30,GOLD,"Cryptocurrency Market Weekly News: Bitcoin Nears $100k, and Stablecoins Market Cap cross $190 billion","At the beginning of the week, Bitcoin, often referred to as a digital gold, was almost breaching the $100,000 mark. Its price has been rising since mid-2024 and was currently on the verge of breaking its all-time high and reaching $99,500. Currently, BTC is trading at $95,116 at the time of ...",Yahoo Finance,"cryptocurrency market weekly news bitcoin nears $100k, and stablecoins market cap cross $190 billion","at the beginning of the week, bitcoin, often referred to as a digital gold, was almost breaching the $100,000 mark. its price has been rising since mid-2024 and was currently on the verge of breaking its all-time high and reaching $99,500. currently, btc is trading at $95,116 at the time of ..."
2024-12-01,GOLD,Northern Star buys rival gold miner De Grey in $5b deal,The metal’s soaring price is boosting war chests across West Australia thanks to a 30 per cent rally in gold as economic uncertainty mounts.,Australian Financial Review,northern star buys rival gold miner de grey in $5b deal,the metal s soaring price is boosting war chests across west australia thanks to a 30 per cent rally in gold as economic uncertainty mounts.
2024-12-01,GOLD,Gold Rates Jump In India: Check 22 Carat Price In Your City On December 01,"Gold Rate Today In India: Check Retail Gold Prices on December 01 Across Major Indian Cities, Including Delhi and Mumbai",News18,gold rates jump in india check 22 carat price in your city on december 01,"gold rate today in india check retail gold prices on december 01 across major indian cities, including delhi and mumbai"
2024-12-02,GOLD,What's the gold price forecast for December 2024?,"The price trajectory for gold could change, experts say, but it's still a good time to invest. Here's why.",CBS News,what's the gold price forecast for december 2024,"the price trajectory for gold could change, experts say, but it's still a good time to invest. here's why."
2024-12-02,GOLD,Today’s Gold Prices in Saudi Arabia - 2 December 2024,"LAHORE: On Monday, December 2, the per tola price of 24-karat gold in Saudi Arabia dropped to 3,723 Saudi Riyals (SAR). According to data",BOL News,today s gold prices in saudi arabia - 2 december 2024,"lahore on monday, december 2, the per tola price of 24-karat gold in saudi arabia dropped to 3,723 saudi riyals sar . according to data"
2024-12-02,GOLD,"Current price of gold: Dec. 3, 2024",Trends in gold prices could indicate whether the asset can protect against inflation. Here’s a look at how the precious metal is doing today.,Fortune,"current price of gold dec. 3, 2024",trends in gold prices could indicate whether the asset can protect against inflation. here s a look at how the precious metal is doing today.
2024-12-02,GOLD,Gold Rate Today In India: Check 22 Carat Price In Your City On December 02,"Gold Rate Today In India: Check Current Gold Prices on December 2, Get Updates for Major Indian Cities Including Delhi and Mumbai",News18,gold rate today in india check 22 carat price in your city on december 02,"gold rate today in india check current gold prices on december 2, get updates for major indian cities including delhi and mumbai"
2024-12-02,GOLD,Pune Crime Files: Why officials here report frequent seizures of ‘floating gold’ or ambergris,Ambergris is a waxy substance produced in the digestive tract of the protected sperm whale species. It is worth crores in the international market and is used to produce perfumes.,The Indian Express,pune crime files why officials here report frequent seizures of floating gold or ambergris,ambergris is a waxy substance produced in the digestive tract of the protected sperm whale species. it is worth crores in the international market and is used to produce perfumes.
2024-12-02,GOLD,"Gold rate in Pakistan on Dec 2 down by Rs1,700 to Rs274,500/tola","The gold rate in Pakistan further decreased by Rs1,700 to Rs274,500 per tola in the local market on Monday (Dec 2).",BOL News,"gold rate in pakistan on dec 2 down by rs1,700 to rs274,500 tola","the gold rate in pakistan further decreased by rs1,700 to rs274,500 per tola in the local market on monday dec 2 ."
2024-12-02,GOLD,Aldi Ireland fans rushing to buy major skincare dupe in middle aisle - and it's €800 cheaper,FANCY gold for Christmas? Aldi's latest skincare range promises radiant skin at a fraction of the price.Aldi Ireland is back with another stunning ski,The Irish Sun,aldi ireland fans rushing to buy major skincare dupe in middle aisle - and it's 800 cheaper,fancy gold for christmas aldi's latest skincare range promises radiant skin at a fraction of the price.aldi ireland is back with another stunning ski
2024-12-03,GOLD,Global Markets Surge: Tech Stocks Drive Record Highs,"Global stock markets surged with tech companies leading significant gains. Asian, European, and Wall Street indices achieved record highs, driven by tech giants like Meta and Tesla. Meanwhile, the dollar steadied, and gold ticked upwards as market tensions heightened ahead of economic and geopolitical developments, particularly tariff threats and rate cuts.",Devdiscourse,global markets surge tech stocks drive record highs,"global stock markets surged with tech companies leading significant gains. asian, european, and wall street indices achieved record highs, driven by tech giants like meta and tesla. meanwhile, the dollar steadied, and gold ticked upwards as market tensions heightened ahead of economic and geopolitical developments, particularly tariff threats and rate cuts."
2024-12-03,GOLD,"Current price of gold: Dec. 4, 2024",Trends in gold prices could indicate whether the asset can protect against inflation. Here’s a look at how the precious metal is doing today.,Fortune,"current price of gold dec. 4, 2024",trends in gold prices could indicate whether the asset can protect against inflation. here s a look at how the precious metal is doing today.
2024-12-03,GOLD,"Gold price today December 3: Check latest rates in Delhi, Chennai, Mumbai, Kolkata and other cities","The gold prices in India continued to hold firm at elevated levels, with no significant fluctuation in sight. The price of 24-carat gold remained at Rs 77,340 per 10 grams on Tuesday.",India TV News,"gold price today december 3 check latest rates in delhi, chennai, mumbai, kolkata and other cities","the gold prices in india continued to hold firm at elevated levels, with no significant fluctuation in sight. the price of 24-carat gold remained at rs 77,340 per 10 grams on tuesday."
2024-12-03,GOLD,Monica Vinader gold locket half price at £64 for less than 24 hours,The heart-shaped locket is crafted from 18k Gold Vermeil and it's included in Monica Vinader's flash sale,Devon Live,monica vinader gold locket half price at 64 for less than 24 hours,the heart-shaped locket is crafted from 18k gold vermeil and it's included in monica vinader's flash sale
2024-12-04,GOLD,Today’s Gold Prices in Saudi Arabia - 4 December 2024,"The price of 24-karat gold in Saudi Arabia is set at 3,710 Saudi Riyals (SAR) per tola on Wednesday, December 4, 2024, reflecting global market trends",BOL News,today s gold prices in saudi arabia - 4 december 2024,"the price of 24-karat gold in saudi arabia is set at 3,710 saudi riyals sar per tola on wednesday, december 4, 2024, reflecting global market trends"
2024-12-04,GOLD,"Current price of gold: Dec. 5, 2024",Trends in gold prices could indicate whether the asset can protect against inflation. Here’s a look at how the precious metal is doing today.,Fortune,"current price of gold dec. 5, 2024",trends in gold prices could indicate whether the asset can protect against inflation. here s a look at how the precious metal is doing today.
2024-12-04,GOLD,"Bitcoin is a competitor for gold, not the U.S. dollar, Fed Chair Jerome Powell says",The leading cryptocurrency now has a larger market cap than silver,Quartz India,"bitcoin is a competitor for gold, not the u.s. dollar, fed chair jerome powell says",the leading cryptocurrency now has a larger market cap than silver
2024-12-04,GOLD,Rexas Finance: Revolutionizing Real-World Asset Tokenization,"Rexas Finance (RXS) is creating waves in the crypto market by introducing blockchain-based real-world asset tokenization, enabling fractional ownership of assets like real estate and gold. With features such as Quickmint Bot and GenAI, the platform enhances both security and user interaction, setting the stage for substantial growth.",Devdiscourse,rexas finance revolutionizing real-world asset tokenization,"rexas finance rxs is creating waves in the crypto market by introducing blockchain-based real-world asset tokenization, enabling fractional ownership of assets like real estate and gold. with features such as quickmint bot and genai, the platform enhances both security and user interaction, setting the stage for substantial growth."
2024-12-04,GOLD,"Gold price today December 4: Check latest rates in Delhi, Chennai, Mumbai and Kolkata",Gold prices have fallen by 1.46% in the last ten days with both domestic futures and global prices gaining amid recent volatility.,India TV News,"gold price today december 4 check latest rates in delhi, chennai, mumbai and kolkata",gold prices have fallen by 1.46% in the last ten days with both domestic futures and global prices gaining amid recent volatility.
2024-12-04,GOLD,"Gold Prices Surge to Rs275,200 per Tola in Pakistan","The price of 24-karat gold remained stable at Rs275,200 per tola on Wednesday, according to the All Sindh Sarafa Jewellers Association",BOL News,"gold prices surge to rs275,200 per tola in pakistan","the price of 24-karat gold remained stable at rs275,200 per tola on wednesday, according to the all sindh sarafa jewellers association"
2024-12-05,GOLD,"Gold rate in Pakistan on Dec 5 up by Rs500 to Rs275,700/tola","The gold rate in Pakistan further increased by Rs500 to Rs275,700 per tola in the local market on Thursday (Dec 5).",BOL News,"gold rate in pakistan on dec 5 up by rs500 to rs275,700 tola","the gold rate in pakistan further increased by rs500 to rs275,700 per tola in the local market on thursday dec 5 ."
2024-12-05,GOLD,"Gold price today December 5: Check latest rates in Delhi, Chennai, Mumbai, Kolkata and other cities","Gold price today December 5: Check latest rates in Delhi, Chennai, Mumbai, Kolkata and other cities",India TV News,"gold price today december 5 check latest rates in delhi, chennai, mumbai, kolkata and other cities","gold price today december 5 check latest rates in delhi, chennai, mumbai, kolkata and other cities"
2024-12-05,GOLD,Gold prices see slight decrease amid weak global cues,"Gold Rate in India Today, 05 December: Check Today’s Latest Gold Rate in India on Indian Express. Get the latest 21K, 22K & 24K gold prices, news, live rate updates, and more insights on gold price trends.",The Indian Express,gold prices see slight decrease amid weak global cues,"gold rate in india today, 05 december check today s latest gold rate in india on indian express. get the latest 21k, 22k 24k gold prices, news, live rate updates, and more insights on gold price trends."
2024-12-05,GOLD,Today’s Gold Prices in Saudi Arabia - 5 December 2024,"The price of 24-karat gold in Saudi Arabia rose to SAR 3,720 per tola on Thursday, December 5, 2024. This increase reflects global market trends",BOL News,today s gold prices in saudi arabia - 5 december 2024,"the price of 24-karat gold in saudi arabia rose to sar 3,720 per tola on thursday, december 5, 2024. this increase reflects global market trends"
2024-12-06,GOLD,"Gold Rate in Pakistan on Dec 6 down by Rs1,000 to Rs274,700/tola","On December 6, 2024, the price of 24-karat gold in Pakistan saw a decrease of Rs1,000, settling at Rs274,700 per tola",BOL News,"gold rate in pakistan on dec 6 down by rs1,000 to rs274,700 tola","on december 6, 2024, the price of 24-karat gold in pakistan saw a decrease of rs1,000, settling at rs274,700 per tola"
2024-12-06,GOLD,"Current price of gold as of Dec. 6, 2024",Trends in gold prices could indicate whether the asset can protect against inflation. Here’s a look at how the precious metal is doing today.,Fortune,"current price of gold as of dec. 6, 2024",trends in gold prices could indicate whether the asset can protect against inflation. here s a look at how the precious metal is doing today.
2024-12-06,GOLD,Equinox Gold (EQX) Receives a Hold from RBC Capital,RBC Capital analyst Michael Siperco maintained a Hold rating on Equinox Gold (EQX – Research Report) on December 5 and set a price target of C$1...,Markets Insider,equinox gold eqx receives a hold from rbc capital,rbc capital analyst michael siperco maintained a hold rating on equinox gold eqx research report on december 5 and set a price target of c$1...
2024-12-06,GOLD,"Current price of gold: Dec. 9, 2024",Trends in gold prices could indicate whether the asset can protect against inflation. Here’s a look at how the precious metal is doing today.,Fortune,"current price of gold dec. 9, 2024",trends in gold prices could indicate whether the asset can protect against inflation. here s a look at how the precious metal is doing today.
2024-12-06,GOLD,Today’s Gold Prices in Saudi Arabia - 6 December 2024,"The price of 24-karat gold in Saudi Arabia rose slightly, reaching 3,722 Saudi Riyals (SAR) per tola on Friday, December 6, 2024",BOL News,today s gold prices in saudi arabia - 6 december 2024,"the price of 24-karat gold in saudi arabia rose slightly, reaching 3,722 saudi riyals sar per tola on friday, december 6, 2024"
2024-12-06,GOLD,Gold prices down Rs300 per tola,"KARACHI: Gold prices decreased by Rs300 per tola on Saturday in the local market.The All Sindh Saraf Jewellers Association said that gold rates reached Rs274,400 per tola.Similarly, the price of...",The News International,gold prices down rs300 per tola,"karachi gold prices decreased by rs300 per tola on saturday in the local market.the all sindh saraf jewellers association said that gold rates reached rs274,400 per tola.similarly, the price of..."
2024-12-06,GOLD,"Gold price today December 6: Check latest rates in Delhi, Chennai, Mumbai, Kolkata and other cities","Gold price today December 6: Check latest rates in Delhi, Chennai, Mumbai, Kolkata and other cities",India TV News,"gold price today december 6 check latest rates in delhi, chennai, mumbai, kolkata and other cities","gold price today december 6 check latest rates in delhi, chennai, mumbai, kolkata and other cities"
2024-12-07,GOLD,"Gold Price in Pakistan on Dec 7 down by Rs300 to Rs274,400/tola","The price of 24-karat gold dropped by Rs300 on Saturday, settling at Rs274,400 per tola, down from Rs274,700",BOL News,"gold price in pakistan on dec 7 down by rs300 to rs274,400 tola","the price of 24-karat gold dropped by rs300 on saturday, settling at rs274,400 per tola, down from rs274,700"
2024-12-07,GOLD,Gold Rate Falls In India: Should You Buy Today? Check Price In Your City On December 07,"Gold Rate Today In India: Check Current Gold Prices on December 07, Get Updates for Major Indian Cities Including Delhi and Mumbai",News18,gold rate falls in india should you buy today check price in your city on december 07,"gold rate today in india check current gold prices on december 07, get updates for major indian cities including delhi and mumbai"
2024-12-08,GOLD,Gold Rate Falls In India: Check 22 Carat Price In Your City On December 08,"Check gold prices in different cities on December 08, 2024; (In Rs 10/gram)",News18,gold rate falls in india check 22 carat price in your city on december 08,"check gold prices in different cities on december 08, 2024 in rs 10 gram"
2024-12-09,GOLD,Stock market today: Nvidia drags Wall Street lower as oil and gold rise,"NEW YORK (AP) — A slide for market superstar Nvidia helped pull U.S. stock indexes down from their records. The S&P 500 fell 0.6% Monday, coming off its 57th all-time high of the year so far. The Dow Jones Industrial Average fell 0.",BradfordToday,stock market today nvidia drags wall street lower as oil and gold rise,"new york ap a slide for market superstar nvidia helped pull u.s. stock indexes down from their records. the s p 500 fell 0.6% monday, coming off its 57th all-time high of the year so far. the dow jones industrial average fell 0."
2024-12-09,GOLD,"How major US stock indexes fared Monday, 12/9/2024","A slide for market superstar Nvidia helped pull U.S. stock indexes down from their records. The Dow Jones Industrial Average fell 0.5%, and the Nasdaq composite dropped 0.6% from its own record. Prices for oil and gold rose following the ouster of Syrian leader Bashar Assad.",Yahoo Finance,"how major us stock indexes fared monday, 12 9 2024","a slide for market superstar nvidia helped pull u.s. stock indexes down from their records. the dow jones industrial average fell 0.5%, and the nasdaq composite dropped 0.6% from its own record. prices for oil and gold rose following the ouster of syrian leader bashar assad."
2024-12-09,GOLD,"Current price of gold: Dec. 10, 2024",Trends in gold prices could indicate whether the asset can protect against inflation. Here’s a look at how the precious metal is doing today.,Fortune,"current price of gold dec. 10, 2024",trends in gold prices could indicate whether the asset can protect against inflation. here s a look at how the precious metal is doing today.
2024-12-09,GOLD,"Gold rate today December 9: Check 22, 24 carat price in your city",Geopolitical unrest continues to increase creating a strong floor for safe haven assets. France's government collapsed and the Syriya crisis and calls for the impeachment of South Korean President Yoon Suk-Yeol grew after he unsuccessfully attempted to impose martial law in the country.,India TV News,"gold rate today december 9 check 22, 24 carat price in your city",geopolitical unrest continues to increase creating a strong floor for safe haven assets. france's government collapsed and the syriya crisis and calls for the impeachment of south korean president yoon suk-yeol grew after he unsuccessfully attempted to impose martial law in the country.
2024-12-09,GOLD,Solid Gold Christmas Tree In Germany Sets A New Record With Rs 46 Crore Price Tag,"The golden Christmas tree is constructed using 2,024 gold Vienna Philharmonic coins, which are considered one of the world’s top selling collector coins.",News18,solid gold christmas tree in germany sets a new record with rs 46 crore price tag,"the golden christmas tree is constructed using 2,024 gold vienna philharmonic coins, which are considered one of the world s top selling collector coins."
2024-12-09,GOLD,"Gold Rate in Pakistan on Dec 9 Up by Rs2,000 to Rs276,400/tola","The price of 24-karat gold surged by Rs2,000 per tola, reaching Rs276,400 on Monday compared to the previous day’s rate",BOL News,"gold rate in pakistan on dec 9 up by rs2,000 to rs276,400 tola","the price of 24-karat gold surged by rs2,000 per tola, reaching rs276,400 on monday compared to the previous day s rate"
2024-12-10,GOLD,Market Volatility Amid Global Economic Shifts,"Global markets fluctuated as investors eyed inflation data and awaited rate cut decisions from the Federal Reserve and ECB. Equities fell, gold prices reached a two-week high amid geopolitical tensions, and the dollar strengthened. Oil prices continued to rise due to China's stimulus and potential tight supply in Europe.",Devdiscourse,market volatility amid global economic shifts,"global markets fluctuated as investors eyed inflation data and awaited rate cut decisions from the federal reserve and ecb. equities fell, gold prices reached a two-week high amid geopolitical tensions, and the dollar strengthened. oil prices continued to rise due to china's stimulus and potential tight supply in europe."
2024-12-10,GOLD,Do 1-ounce gold bars make sense amid gold's price recovery?,"The price of gold is ticking back upward, which could mean that some gold investments are better than others now.",CBS News,do 1-ounce gold bars make sense amid gold's price recovery,"the price of gold is ticking back upward, which could mean that some gold investments are better than others now."
2024-12-10,GOLD,Latto Stars in Drake's New Nocta Ad With Sha'Carri Richardson,Latto stars in an ad for Drake's Nocta brand as she opens up Big Mama's Mini Market with help from Olympic gold medalist Sha'Carri Richardson.,Billboard,latto stars in drake's new nocta ad with sha'carri richardson,latto stars in an ad for drake's nocta brand as she opens up big mama's mini market with help from olympic gold medalist sha'carri richardson.
2024-12-11,GOLD,"Current price of gold: Dec. 12, 2024",Trends in gold prices could indicate whether the asset can protect against inflation. Here’s a look at how the precious metal is doing today.,Fortune,"current price of gold dec. 12, 2024",trends in gold prices could indicate whether the asset can protect against inflation. here s a look at how the precious metal is doing today.
2024-12-11,GOLD,"Gold rate in Pakistan on Dec 11 up by Rs3,100 to Rs280,500/tola","The gold rate in Pakistan further increased by Rs3.100 to Rs280,500 per tola in the local market on Wednesday (Dec 11).",BOL News,"gold rate in pakistan on dec 11 up by rs3,100 to rs280,500 tola","the gold rate in pakistan further increased by rs3.100 to rs280,500 per tola in the local market on wednesday dec 11 ."
2024-12-11,GOLD,"Gold prices increase Rs2,300 per tola","KARACHI: Gold prices rose by Rs2,300 per tola on Thursday in the local market following an increase in the international market.The All Sindh Saraf Jewellers Association said that gold rates reached...",The News International,"gold prices increase rs2,300 per tola","karachi gold prices rose by rs2,300 per tola on thursday in the local market following an increase in the international market.the all sindh saraf jewellers association said that gold rates reached..."
2024-12-11,GOLD,Gold Rate Today In India: Check 22 Carat Price In Your City On December 11,"Gold Rate Today In India: Check 22 and 24 carat gold prices in different cities on December 11, 2024",News18,gold rate today in india check 22 carat price in your city on december 11,"gold rate today in india check 22 and 24 carat gold prices in different cities on december 11, 2024"
2024-12-12,GOLD,"Gold rate in Pakistan on Dec 12 up by Rs2,300 to Rs282,800/tola","The gold rate in Pakistan further increased by Rs2,300 to Rs282,800 per tola in the local market on Thursday (Dec 12).",BOL News,"gold rate in pakistan on dec 12 up by rs2,300 to rs282,800 tola","the gold rate in pakistan further increased by rs2,300 to rs282,800 per tola in the local market on thursday dec 12 ."
2024-12-13,GOLD,"Current price of gold as of Dec. 13, 2024",Trends in gold prices could indicate whether the asset can protect against inflation. Here’s a look at how the precious metal is doing today.,Fortune,"current price of gold as of dec. 13, 2024",trends in gold prices could indicate whether the asset can protect against inflation. here s a look at how the precious metal is doing today.
2024-12-13,GOLD,"Gold prices today: Check December 13 gold rates in Delhi, Mumbai, Chennai, Kolkata","Gold prices took a small dip as of December 13 in India with 24 carat gold down by Rs 20, rate of 22 carat gold decreased by Rs 55 and 18 carat gold price went down by Rs 45.",India TV News,"gold prices today check december 13 gold rates in delhi, mumbai, chennai, kolkata","gold prices took a small dip as of december 13 in india with 24 carat gold down by rs 20, rate of 22 carat gold decreased by rs 55 and 18 carat gold price went down by rs 45."
2024-12-13,GOLD,"Gold rate in Pakistan on Dec 13 down by Rs5,000 to Rs277,800/tola","The gold rate in Pakistan further decreased by Rs5,000 to Rs277,800 per tola in the local market on Friday (Dec 13).",BOL News,"gold rate in pakistan on dec 13 down by rs5,000 to rs277,800 tola","the gold rate in pakistan further decreased by rs5,000 to rs277,800 per tola in the local market on friday dec 13 ."
2024-12-13,GOLD,"Current price of gold: Dec. 16, 2024",Trends in gold prices could indicate whether the asset can protect against inflation. Here’s a look at how the precious metal is doing today.,Fortune,"current price of gold dec. 16, 2024",trends in gold prices could indicate whether the asset can protect against inflation. here s a look at how the precious metal is doing today.
2024-12-13,GOLD,Gold Rate Falls Today In India: Check 22 Carat Price In Your City On December 13,"Gold Rate Today In India: Check 22 and 24 carat gold prices in different cities on December 13, 2024",News18,gold rate falls today in india check 22 carat price in your city on december 13,"gold rate today in india check 22 and 24 carat gold prices in different cities on december 13, 2024"
2024-12-13,GOLD,After a market beating year what can investors expect from the gold price in 2025?,"The gold price has rocketed more than 30% this year, boosting the fortunes of most ASX gold stocks. Here’s what to expect from gold in 2025.",The Motley Fool Australia,after a market beating year what can investors expect from the gold price in 2025,"the gold price has rocketed more than 30% this year, boosting the fortunes of most asx gold stocks. here s what to expect from gold in 2025."
2024-12-14,GOLD,Morning updates: Grade 1-winning chaser a market mover in the December Gold Cup with 'perfect' ground in store at Cheltenham,Grade 1 winner Le Patron is a popular early market mover to land the Nyetimber December Gold Cup (1.50) at Cheltenham on Saturday. The six-year-old... Read More,Racing Post,morning updates grade 1-winning chaser a market mover in the december gold cup with 'perfect' ground in store at cheltenham,grade 1 winner le patron is a popular early market mover to land the nyetimber december gold cup 1.50 at cheltenham on saturday. the six-year-old... read more
2024-12-14,GOLD,Today’s Gold Prices in Saudi Arabia - 14 December 2024,"The price of 24-karat gold in Saudi Arabia fell to SAR 3,770 per tola on Saturday, December 14, 2024. The price for 10 grams of 24-karat gold in Saudi Arabia stands",BOL News,today s gold prices in saudi arabia - 14 december 2024,"the price of 24-karat gold in saudi arabia fell to sar 3,770 per tola on saturday, december 14, 2024. the price for 10 grams of 24-karat gold in saudi arabia stands"
2024-12-16,GOLD,This powerful firewall delivers enterprise-level security at a home office price,"The Firewalla Gold Pro is a high-performance firewall designed for small offices and power users, offering robust security features, seamless setup, and advanced management.",ZDNet,this powerful firewall delivers enterprise-level security at a home office price,"the firewalla gold pro is a high-performance firewall designed for small offices and power users, offering robust security features, seamless setup, and advanced management."
2024-12-16,GOLD,"Gold prices drop Rs2,100 per tola","KARACHI: Gold prices decreased by Rs2,100 per tola on Tuesday in the local market. The All Sindh Saraf Jewellers Association said that gold rates reached Rs274,900 per tola.Similarly, the price of...",The News International,"gold prices drop rs2,100 per tola","karachi gold prices decreased by rs2,100 per tola on tuesday in the local market. the all sindh saraf jewellers association said that gold rates reached rs274,900 per tola.similarly, the price of..."
2024-12-16,GOLD,"Gold price today December 16: Check rates in Delhi, Mumbai, Chennai, Kolkata and other major cities",Gold rate today: Gold prices witnessed a moderate decrease of Rs 10 as of December 16. Check the latest 24 carat and 22 carat gold prices in major cities across India here.,India TV News,"gold price today december 16 check rates in delhi, mumbai, chennai, kolkata and other major cities",gold rate today gold prices witnessed a moderate decrease of rs 10 as of december 16. check the latest 24 carat and 22 carat gold prices in major cities across india here.
2024-12-17,GOLD,"In the Mojave Desert, a gold rush sparks a mini real-estate boom for old mines","Abandoned mines are driving a real-estate boomlet in a place that hasn't had one in more than a century. As the price of gold climbs, the demand for Randsburg's craggy land has been reawakened.",The Mercury News,"in the mojave desert, a gold rush sparks a mini real-estate boom for old mines","abandoned mines are driving a real-estate boomlet in a place that hasn't had one in more than a century. as the price of gold climbs, the demand for randsburg's craggy land has been reawakened."
2024-12-17,GOLD,"Gold price today December 17: Check rates in Delhi, Mumbai, Chennai, Kolkata and other major cities",Gold rates today: Gold prices across India remained steady in India as of December 16. The main factor influencing gold prices is the international market.,India TV News,"gold price today december 17 check rates in delhi, mumbai, chennai, kolkata and other major cities",gold rates today gold prices across india remained steady in india as of december 16. the main factor influencing gold prices is the international market.
2024-12-17,GOLD,Should you buy the 28% dip on Newmont shares?,The Newmont Corporation CDI (ASX: NEM) share price has sunk 28% since October. Is this the time to jump on the ASX gold share and buy?,The Motley Fool Australia,should you buy the 28% dip on newmont shares,the newmont corporation cdi asx nem share price has sunk 28% since october. is this the time to jump on the asx gold share and buy
2024-12-18,GOLD,"Gold prices drop Rs2,600 per tola","KARACHI: Gold prices decreased by Rs2,600 per tola on Thursday in the local market.The All Sindh Saraf Jewellers Association said that gold rates reached Rs273,300 per tola.Similarly, the price of...",The News International,"gold prices drop rs2,600 per tola","karachi gold prices decreased by rs2,600 per tola on thursday in the local market.the all sindh saraf jewellers association said that gold rates reached rs273,300 per tola.similarly, the price of..."
2024-12-18,GOLD,Are gold ETFs a good investment now that the price is dropping?,"The price of gold has fallen recently, so does a gold ETF investment make sense right now?",CBS News,are gold etfs a good investment now that the price is dropping,"the price of gold has fallen recently, so does a gold etf investment make sense right now"
2024-12-18,GOLD,"Gold rate in Pakistan on Dec 18 up by Rs1,000 to Rs275,900/tola","Gold prices in Pakistan have continued to fluctuate, with the price of gold per tola increasing on the third business day",BOL News,"gold rate in pakistan on dec 18 up by rs1,000 to rs275,900 tola","gold prices in pakistan have continued to fluctuate, with the price of gold per tola increasing on the third business day"
2024-12-19,GOLD,"Gold rate in Pakistan on Dec 19 down by Rs2,600 to Rs273,300/tola","The gold rate in Pakistan further decreased by Rs2,600 to Rs273,300 per tola in the local market on Thursday (Dec 19).",BOL News,"gold rate in pakistan on dec 19 down by rs2,600 to rs273,300 tola","the gold rate in pakistan further decreased by rs2,600 to rs273,300 per tola in the local market on thursday dec 19 ."
2024-12-19,GOLD,What the Fed's new rate cut means for gold investing,"The Federal Reserve rolled out its third rate cut of the year this week, a move that could impact the gold market.",CBS News,what the fed's new rate cut means for gold investing,"the federal reserve rolled out its third rate cut of the year this week, a move that could impact the gold market."
2024-12-19,GOLD,Gold Rate Today Falls In India: Check 22 Carat Price In Your City On December 19,"Gold Rate Today In India: Check 22 and 24 carat gold prices in different cities on December 19, 2024",News18,gold rate today falls in india check 22 carat price in your city on december 19,"gold rate today in india check 22 and 24 carat gold prices in different cities on december 19, 2024"
2024-12-19,GOLD,Global Markets Rattle Over Central Banks' Rate Decisions,"Global stock markets experienced significant declines following the Federal Reserve's announcement of a tempered rate cut pace. Central banks worldwide, including Japan, England, Sweden, and Norway, responded variably, impacting currencies and yields. The Fed's cautious stance led to market volatility, affecting assets like oil, gold, and bitcoin.",Devdiscourse,global markets rattle over central banks' rate decisions,"global stock markets experienced significant declines following the federal reserve's announcement of a tempered rate cut pace. central banks worldwide, including japan, england, sweden, and norway, responded variably, impacting currencies and yields. the fed's cautious stance led to market volatility, affecting assets like oil, gold, and bitcoin."
2024-12-19,GOLD,"Gold price today December 19: Check rates in Delhi, Mumbai, Chennai, Kolkata and other major cities",Gold rates today: The gold rate across India witnessed a modest decrease of Rs 180 for 24 carat gold. The gold prices are influenced by international market and demand.,India TV News,"gold price today december 19 check rates in delhi, mumbai, chennai, kolkata and other major cities",gold rates today the gold rate across india witnessed a modest decrease of rs 180 for 24 carat gold. the gold prices are influenced by international market and demand.
2024-12-20,GOLD,"Gold Rate Today, 20 December: Check 18, 22, 24 Carat Gold Prices in all major cities","Gold Rate in India Today, 20 December: Check Today’s Latest Gold Rate in India on Indian Express. Get the latest 21K, 22K & 24K gold prices, news, live rate updates, and more insights on gold price trends.",The Indian Express,"gold rate today, 20 december check 18, 22, 24 carat gold prices in all major cities","gold rate in india today, 20 december check today s latest gold rate in india on indian express. get the latest 21k, 22k 24k gold prices, news, live rate updates, and more insights on gold price trends."
2024-12-20,GOLD,Gold and Silver Price Today: How much have rates dropped? Check prices in your city,"Gold and Silver Prices Today: New prices for gold and silver have been released for Friday, 20 December. Let's find out the latest rates for gold and silver in major cities across the country. - Patrika English News",Patrika News,gold and silver price today how much have rates dropped check prices in your city,"gold and silver prices today new prices for gold and silver have been released for friday, 20 december. let's find out the latest rates for gold and silver in major cities across the country. - patrika english news"
2024-12-20,GOLD,Market Jitters: Asian Shares Falter Amid U.S. Inflation Fears,"Asian shares declined as investors await U.S. inflation data, which could influence future monetary policy. The dollar reached a two-year peak, affecting global markets. Central banks have concluded a year of varied policy decisions, amid geopolitical concerns. The strong dollar has impacted commodities, with oil and gold prices dropping.",Devdiscourse,market jitters asian shares falter amid u.s. inflation fears,"asian shares declined as investors await u.s. inflation data, which could influence future monetary policy. the dollar reached a two-year peak, affecting global markets. central banks have concluded a year of varied policy decisions, amid geopolitical concerns. the strong dollar has impacted commodities, with oil and gold prices dropping."
2024-12-22,GOLD,"Gold Rate Rises In India: Check Latest 22, 24 Carat Price In Your City On December 22","Gold Rate Today In India: Check 22 and 24 carat gold prices in different cities on December 22, 2024",News18,"gold rate rises in india check latest 22, 24 carat price in your city on december 22","gold rate today in india check 22 and 24 carat gold prices in different cities on december 22, 2024"
2024-12-23,GOLD,Gold Rate Today In India: Check 22 Carat Price In Your City On December 23,"Gold Rate Today In India: Check 22 and 24 carat gold prices in different cities on December 23, 2024",News18,gold rate today in india check 22 carat price in your city on december 23,"gold rate today in india check 22 and 24 carat gold prices in different cities on december 23, 2024"
2024-12-23,GOLD,"Gold Rate Today, 23 December: Check 18, 22, 24 Carat Gold Prices in all major cities","Gold Rate Today | Gold Price in India 23 December: Find the latest gold prices for 18, 22, and 24 carat in major cities including Noida, Delhi, Mumbai, and Kolkata. Stay updated with today’s gold price trends.",The Indian Express,"gold rate today, 23 december check 18, 22, 24 carat gold prices in all major cities","gold rate today gold price in india 23 december find the latest gold prices for 18, 22, and 24 carat in major cities including noida, delhi, mumbai, and kolkata. stay updated with today s gold price trends."
2024-12-23,GOLD,"Bitcoin price might stall in 2025, but the good news is the risk of recession is low, strategist says","Jason Trennert, CEO and Chairman of Strategas, makes big predictions for the stock market, Bitcoin, gold, and more for the new year",Quartz India,"bitcoin price might stall in 2025, but the good news is the risk of recession is low, strategist says","jason trennert, ceo and chairman of strategas, makes big predictions for the stock market, bitcoin, gold, and more for the new year"
2024-12-24,GOLD,"Gold rate in Pakistan on Dec 24 down by Rs800 to Rs272,600/tola","The gold rate in Pakistan further decreased by Rs800 to Rs272,600 per tola in the local market on Tuesday (Dec 24).",BOL News,"gold rate in pakistan on dec 24 down by rs800 to rs272,600 tola","the gold rate in pakistan further decreased by rs800 to rs272,600 per tola in the local market on tuesday dec 24 ."
2024-12-26,GOLD,"Gold price today December 26: Check rates in Delhi, Mumbai, Chennai, Kolkata and other major cities",Gold rates today: Gold prices across India increased as of December 26. The main factor influencing gold prices is the international market. Check rates here.,India TV News,"gold price today december 26 check rates in delhi, mumbai, chennai, kolkata and other major cities",gold rates today gold prices across india increased as of december 26. the main factor influencing gold prices is the international market. check rates here.
2024-12-27,GOLD,What is gold's relationship to the U.S. dollar?,"The dollar doesn't have an official relationship with gold, but it's one of many factors influencing the price.",CBS News,what is gold's relationship to the u.s. dollar,"the dollar doesn't have an official relationship with gold, but it's one of many factors influencing the price."
2024-12-27,GOLD,"Gold rate in Pakistan on Dec 27 down by Rs800 to Rs273,200/tola","The gold rate in Pakistan further decreased by Rs800 to Rs273,200 per tola in the local market on Friday (Dec 27).",BOL News,"gold rate in pakistan on dec 27 down by rs800 to rs273,200 tola","the gold rate in pakistan further decreased by rs800 to rs273,200 per tola in the local market on friday dec 27 ."
2024-12-27,GOLD,10 Financial Stories That Shaped 2024 and Set the Stage for 2025,"Market Overview Analysis by Charles-Henry Monchau covering: US Dollar Japanese Yen, Gold Spot US Dollar, Silver Spot US Dollar, S&P 500. Read Charles-Henry Monchau's latest article on Investing.com",Investing.com,10 financial stories that shaped 2024 and set the stage for 2025,"market overview analysis by charles-henry monchau covering us dollar japanese yen, gold spot us dollar, silver spot us dollar, s p 500. read charles-henry monchau's latest article on investing.com"
2024-12-27,GOLD,"Gold price today December 27: Check rates in Delhi, Mumbai, Chennai, Kolkata and other major cities",Gold rates today: The gold prices across India rose by Rs 10 on Friday demonstrating a slight increase. Check gold prices for December 27 in your city.,India TV News,"gold price today december 27 check rates in delhi, mumbai, chennai, kolkata and other major cities",gold rates today the gold prices across india rose by rs 10 on friday demonstrating a slight increase. check gold prices for december 27 in your city.
2024-12-29,GOLD,Dunnes Stores slash price of stunning party dress that's perfect for New Year's Eve,DUNNES Stores has slashed the price of a stunning party dress that's perfect for New Year's Eve.The Savida Gold Metallic Chain Dress was originally pr,The Irish Sun,dunnes stores slash price of stunning party dress that's perfect for new year's eve,dunnes stores has slashed the price of a stunning party dress that's perfect for new year's eve.the savida gold metallic chain dress was originally pr
2024-12-29,GOLD,Gold Rate Today Rises In India: Check 22 Carat Price In Your City On December 29,"Gold Rate Today In India: Check 22 and 24 carat gold prices in different cities on December 29, 2024",News18,gold rate today rises in india check 22 carat price in your city on december 29,"gold rate today in india check 22 and 24 carat gold prices in different cities on december 29, 2024"
2024-12-30,GOLD,Gold's Gleaming 2024: A Bull Market Fueled by Geopolitical Risks and Central Bank Demand,"The gold market in 2024 saw a significant uptick, with a 27% return, driven by geopolitical risks and central bank demands. MUFG Bank predicts this bullish trend will persist into 2025, despite a more cautious outlook for energy and agricultural commodities due to geopolitical and environmental factors.",Devdiscourse,gold's gleaming 2024 a bull market fueled by geopolitical risks and central bank demand,"the gold market in 2024 saw a significant uptick, with a 27% return, driven by geopolitical risks and central bank demands. mufg bank predicts this bullish trend will persist into 2025, despite a more cautious outlook for energy and agricultural commodities due to geopolitical and environmental factors."
2024-12-30,GOLD,"Gold Rate And Silver Price Today on December 30, 2024: Check latest Rates in India","Gold Rate And Silver Price Today on December 30, 2024:10 grams of 24 carat gold price was at Rs.78003.0 in Delhi whereas 1 kg of silver rate was Rs.95400.0 in Delhi.",Livemint,"gold rate and silver price today on december 30, 2024 check latest rates in india","gold rate and silver price today on december 30, 2024 10 grams of 24 carat gold price was at rs.78003.0 in delhi whereas 1 kg of silver rate was rs.95400.0 in delhi."
2024-12-30,GOLD,Gold Shines with 20% Surge Amid Global Uncertainties in 2024,"In 2024, gold prices rose by an impressive 20.3%, solidifying the metal's safe-haven investment reputation amid global uncertainties. Despite price corrections, factors like geopolitical risks and inflation drove the demand for gold, offsetting the influence of a stronger dollar and subdued holiday market activity.",Devdiscourse,gold shines with 20% surge amid global uncertainties in 2024,"in 2024, gold prices rose by an impressive 20.3%, solidifying the metal's safe-haven investment reputation amid global uncertainties. despite price corrections, factors like geopolitical risks and inflation drove the demand for gold, offsetting the influence of a stronger dollar and subdued holiday market activity."
2024-12-30,GOLD,"Gold price today December 30: Check rates in Delhi, Mumbai, Chennai, Kolkata and other major cities",Gold rates today: Gold rates witnessed a fall of Rs 10 on Monday. Check gold prices in your city here and what are the factors that lead to fluctuations in the rate.,India TV News,"gold price today december 30 check rates in delhi, mumbai, chennai, kolkata and other major cities",gold rates today gold rates witnessed a fall of rs 10 on monday. check gold prices in your city here and what are the factors that lead to fluctuations in the rate.
2024-12-30,GOLD,Gold Rate Today Rises In India: Check 22 Carat Price In Your City On December 30,"Gold Rate Today In India: Check 22 and 24 carat gold prices in different cities on December 30, 2024",News18,gold rate today rises in india check 22 carat price in your city on december 30,"gold rate today in india check 22 and 24 carat gold prices in different cities on december 30, 2024"
2024-12-30,GOLD,Will Trump Administration Sell Gold To Buy Bitcoin For Strategic Reserve In 2025? Analyst Says American Public Won't 'Tolerate' That,"As President-elect Donald Trump prepares to take office in 2025, the cryptocurrency market hoped that a strategic Bitcoin (CRYPTO: BTC) reserve would take wings and eventually be implemented.",Benzinga,will trump administration sell gold to buy bitcoin for strategic reserve in 2025 analyst says american public won't 'tolerate' that,"as president-elect donald trump prepares to take office in 2025, the cryptocurrency market hoped that a strategic bitcoin crypto btc reserve would take wings and eventually be implemented."
2024-12-31,GOLD,"Gold rate in Pakistan on Dec 31 remains unchanged at Rs272,600/tola","The price of gold in Pakistan remained stable on Tuesday, following a slight decline the previous day, in line with global market trends.",BOL News,"gold rate in pakistan on dec 31 remains unchanged at rs272,600 tola","the price of gold in pakistan remained stable on tuesday, following a slight decline the previous day, in line with global market trends."
2024-12-31,GOLD,"Gold price today December 31: Check latest rates in Delhi, Chennai, Mumbai, Kolkata and other major cities","Gold price today December 31: Check latest rates in Delhi, Chennai, Mumbai, Kolkata and other major cities",India TV News,"gold price today december 31 check latest rates in delhi, chennai, mumbai, kolkata and other major cities","gold price today december 31 check latest rates in delhi, chennai, mumbai, kolkata and other major cities"
